2026-07-30T14:21:45.3934735Z Current runner version: '2.336.0'
2026-07-30T14:21:45.3961582Z ##[group]Runner Image Provisioner
2026-07-30T14:21:45.3962595Z Hosted Compute Agent
2026-07-30T14:21:45.3963190Z Version: 20260707.563
2026-07-30T14:21:45.3963940Z Commit: 02667638d2b423fbc733a8e32a88b44996a3ba6e
2026-07-30T14:21:45.3965045Z Build Date: 2026-07-07T19:33:50Z
2026-07-30T14:21:45.3965729Z Worker ID: {ff3ce649-eb39-4c0e-949a-769e4813e46f}
2026-07-30T14:21:45.3966543Z Azure Region: eastus
2026-07-30T14:21:45.3967148Z ##[endgroup]
2026-07-30T14:21:45.3968819Z ##[group]Operating System
2026-07-30T14:21:45.3969578Z Ubuntu
2026-07-30T14:21:45.3970115Z 24.04.4
2026-07-30T14:21:45.3970710Z LTS
2026-07-30T14:21:45.3971246Z ##[endgroup]
2026-07-30T14:21:45.3971778Z ##[group]Runner Image
2026-07-30T14:21:45.3972503Z Image: ubuntu-24.04
2026-07-30T14:21:45.3973085Z Version: 20260720.247.2
2026-07-30T14:21:45.3974740Z Included Software: https://github.com/actions/runner-images/blob/ubuntu24/20260720.247/images/ubuntu/Ubuntu2404-Readme.md
2026-07-30T14:21:45.3976420Z Image Release: https://github.com/actions/runner-images/releases/tag/ubuntu24%2F20260720.247
2026-07-30T14:21:45.3977447Z ##[endgroup]
2026-07-30T14:21:45.3978693Z ##[group]GITHUB_TOKEN Permissions
2026-07-30T14:21:45.3980785Z Contents: read
2026-07-30T14:21:45.3981394Z Metadata: read
2026-07-30T14:21:45.3982088Z Packages: read
2026-07-30T14:21:45.3982647Z ##[endgroup]
2026-07-30T14:21:45.3985465Z Secret source: Actions
2026-07-30T14:21:45.3986844Z Prepare workflow directory
2026-07-30T14:21:45.4332044Z Prepare all required actions
2026-07-30T14:21:45.4380110Z Getting action download info
2026-07-30T14:21:45.6855731Z Download action repository 'actions/checkout@v4' (SHA:11d5960a326750d5838078e36cf38b85af677262)
2026-07-30T14:21:45.9557554Z Download action repository 'mymindstorm/setup-emsdk@v14' (SHA:6ab9eb1bda2574c4ddb79809fc9247783eaf9021)
2026-07-30T14:21:46.0839043Z Download action repository 'actions/upload-artifact@v4' (SHA:ea165f8d65b6e75b540449e92b4886f43607fa02)
2026-07-30T14:21:46.1963371Z Download action repository 'softprops/action-gh-release@v2' (SHA:3bb12739c298aeb8a4eeaf626c5b8d85266b0e65)
2026-07-30T14:21:46.5321540Z Complete job name: build
2026-07-30T14:21:46.6195141Z Node 20 is being deprecated. This workflow is running with Node 24 by default. If you need to temporarily use Node 20, you can set the ACTIONS_ALLOW_USE_UNSECURE_NODE_VERSION=true environment variable. For more information see: https://github.blog/changelog/2025-09-19-deprecation-of-node-20-on-github-actions-runners/
2026-07-30T14:21:46.6205713Z ##[group]Run actions/checkout@v4
2026-07-30T14:21:46.6206575Z with:
2026-07-30T14:21:46.6207134Z   repository: senolgulgonul/sekiz-toolchain
2026-07-30T14:21:46.6211770Z   token: ***
2026-07-30T14:21:46.6212242Z   ssh-strict: true
2026-07-30T14:21:46.6212727Z   ssh-user: git
2026-07-30T14:21:46.6213223Z   persist-credentials: true
2026-07-30T14:21:46.6213764Z   clean: true
2026-07-30T14:21:46.6214440Z   sparse-checkout-cone-mode: true
2026-07-30T14:21:46.6215025Z   fetch-depth: 1
2026-07-30T14:21:46.6215544Z   fetch-tags: false
2026-07-30T14:21:46.6216029Z   show-progress: true
2026-07-30T14:21:46.6216538Z   lfs: false
2026-07-30T14:21:46.6217070Z   submodules: false
2026-07-30T14:21:46.6217558Z   set-safe-directory: true
2026-07-30T14:21:46.6218103Z   allow-unsafe-pr-checkout: false
2026-07-30T14:21:46.6218977Z ##[endgroup]
2026-07-30T14:21:46.7254713Z Syncing repository: senolgulgonul/sekiz-toolchain
2026-07-30T14:21:46.7257761Z ##[group]Getting Git version info
2026-07-30T14:21:46.7259153Z Working directory is '/home/runner/work/sekiz-toolchain/sekiz-toolchain'
2026-07-30T14:21:46.7261287Z [command]/usr/bin/git version
2026-07-30T14:21:46.7301572Z git version 2.54.0
2026-07-30T14:21:46.7372610Z ##[endgroup]
2026-07-30T14:21:46.7383100Z Temporarily overriding HOME='/home/runner/work/_temp/8cced2d5-0223-4036-aafb-728d2989e55a' before making global git config changes
2026-07-30T14:21:46.7386190Z Adding repository directory to the temporary git global config as a safe directory
2026-07-30T14:21:46.7391961Z [command]/usr/bin/git config --global --add safe.directory /home/runner/work/sekiz-toolchain/sekiz-toolchain
2026-07-30T14:21:46.7446465Z Deleting the contents of '/home/runner/work/sekiz-toolchain/sekiz-toolchain'
2026-07-30T14:21:46.7450548Z ##[group]Initializing the repository
2026-07-30T14:21:46.7456659Z [command]/usr/bin/git init /home/runner/work/sekiz-toolchain/sekiz-toolchain
2026-07-30T14:21:46.7563892Z hint: Using 'master' as the name for the initial branch. This default branch name
2026-07-30T14:21:46.7565630Z hint: will change to "main" in Git 3.0. To configure the initial branch name
2026-07-30T14:21:46.7566756Z hint: to use in all of your new repositories, which will suppress this warning,
2026-07-30T14:21:46.7567938Z hint: call:
2026-07-30T14:21:46.7568387Z hint:
2026-07-30T14:21:46.7568978Z hint: 	git config --global init.defaultBranch <name>
2026-07-30T14:21:46.7569676Z hint:
2026-07-30T14:21:46.7570329Z hint: Names commonly chosen instead of 'master' are 'main', 'trunk' and
2026-07-30T14:21:46.7571490Z hint: 'development'. The just-created branch can be renamed via this command:
2026-07-30T14:21:46.7572351Z hint:
2026-07-30T14:21:46.7572838Z hint: 	git branch -m <name>
2026-07-30T14:21:46.7573380Z hint:
2026-07-30T14:21:46.7574091Z hint: Disable this message with "git config set advice.defaultBranchName false"
2026-07-30T14:21:46.7581547Z Initialized empty Git repository in /home/runner/work/sekiz-toolchain/sekiz-toolchain/.git/
2026-07-30T14:21:46.7596840Z [command]/usr/bin/git remote add origin https://github.com/senolgulgonul/sekiz-toolchain
2026-07-30T14:21:46.7645835Z ##[endgroup]
2026-07-30T14:21:46.7647169Z ##[group]Disabling automatic garbage collection
2026-07-30T14:21:46.7650889Z [command]/usr/bin/git config --local gc.auto 0
2026-07-30T14:21:46.7682981Z ##[endgroup]
2026-07-30T14:21:46.7684478Z ##[group]Setting up auth
2026-07-30T14:21:46.7691180Z [command]/usr/bin/git config --local --name-only --get-regexp core\.sshCommand
2026-07-30T14:21:46.7729270Z [command]/usr/bin/git submodule foreach --recursive sh -c "git config --local --name-only --get-regexp 'core\.sshCommand' && git config --local --unset-all 'core.sshCommand' || :"
2026-07-30T14:21:46.8099736Z [command]/usr/bin/git config --local --name-only --get-regexp http\.https\:\/\/github\.com\/\.extraheader
2026-07-30T14:21:46.8144557Z [command]/usr/bin/git submodule foreach --recursive sh -c "git config --local --name-only --get-regexp 'http\.https\:\/\/github\.com\/\.extraheader' && git config --local --unset-all 'http.https://github.com/.extraheader' || :"
2026-07-30T14:21:46.8373611Z [command]/usr/bin/git config --local --name-only --get-regexp ^includeIf\.gitdir:
2026-07-30T14:21:46.8412286Z [command]/usr/bin/git submodule foreach --recursive git config --local --show-origin --name-only --get-regexp remote.origin.url
2026-07-30T14:21:46.8642734Z [command]/usr/bin/git config --local http.https://github.com/.extraheader AUTHORIZATION: basic ***
2026-07-30T14:21:46.8683482Z ##[endgroup]
2026-07-30T14:21:46.8685159Z ##[group]Fetching the repository
2026-07-30T14:21:46.8693697Z [command]/usr/bin/git -c protocol.version=2 fetch --no-tags --prune --no-recurse-submodules --depth=1 origin +9849e0fe1000a3e5fa216aabd935844f012afc8f:refs/remotes/origin/main
2026-07-30T14:21:47.0470140Z From https://github.com/senolgulgonul/sekiz-toolchain
2026-07-30T14:21:47.0472223Z  * [new ref]         9849e0fe1000a3e5fa216aabd935844f012afc8f -> origin/main
2026-07-30T14:21:47.0507733Z ##[endgroup]
2026-07-30T14:21:47.0509351Z ##[group]Determining the checkout info
2026-07-30T14:21:47.0511205Z ##[endgroup]
2026-07-30T14:21:47.0518990Z [command]/usr/bin/git sparse-checkout disable
2026-07-30T14:21:47.0585730Z [command]/usr/bin/git config --local --unset-all extensions.worktreeConfig
2026-07-30T14:21:47.0625848Z ##[group]Checking out the ref
2026-07-30T14:21:47.0632453Z [command]/usr/bin/git checkout --progress --force -B main refs/remotes/origin/main
2026-07-30T14:21:47.0703781Z Switched to a new branch 'main'
2026-07-30T14:21:47.0706376Z branch 'main' set up to track 'origin/main'.
2026-07-30T14:21:47.0715469Z ##[endgroup]
2026-07-30T14:21:47.0767397Z [command]/usr/bin/git log -1 --format=%H
2026-07-30T14:21:47.0797910Z 9849e0fe1000a3e5fa216aabd935844f012afc8f
2026-07-30T14:21:47.1034915Z ##[group]Run sudo apt-get update -qq
2026-07-30T14:21:47.1035932Z [36;1msudo apt-get update -qq[0m
2026-07-30T14:21:47.1037165Z [36;1msudo apt-get install -y -qq ninja-build cmake gcc-avr avr-libc[0m
2026-07-30T14:21:47.1086553Z shell: /usr/bin/bash -e {0}
2026-07-30T14:21:47.1087277Z ##[endgroup]
2026-07-30T14:21:54.4065769Z Selecting previously unselected package libjsoncpp25:amd64.
2026-07-30T14:21:54.4338134Z (Reading database ... 
2026-07-30T14:21:54.4339027Z (Reading database ... 5%
2026-07-30T14:21:54.4339938Z (Reading database ... 10%
2026-07-30T14:21:54.4340688Z (Reading database ... 15%
2026-07-30T14:21:54.4341387Z (Reading database ... 20%
2026-07-30T14:21:54.4342224Z (Reading database ... 25%
2026-07-30T14:21:54.4342932Z (Reading database ... 30%
2026-07-30T14:21:54.4343624Z (Reading database ... 35%
2026-07-30T14:21:54.4344843Z (Reading database ... 40%
2026-07-30T14:21:54.4345704Z (Reading database ... 45%
2026-07-30T14:21:54.4346433Z (Reading database ... 50%
2026-07-30T14:21:54.4379255Z (Reading database ... 55%
2026-07-30T14:21:54.5543220Z (Reading database ... 60%
2026-07-30T14:21:54.7473358Z (Reading database ... 65%
2026-07-30T14:21:54.9135812Z (Reading database ... 70%
2026-07-30T14:21:55.0479569Z (Reading database ... 75%
2026-07-30T14:21:55.2586310Z (Reading database ... 80%
2026-07-30T14:21:55.4639357Z (Reading database ... 85%
2026-07-30T14:21:55.6126813Z (Reading database ... 90%
2026-07-30T14:21:55.7661218Z (Reading database ... 95%
2026-07-30T14:21:55.7662418Z (Reading database ... 100%
2026-07-30T14:21:55.7663405Z (Reading database ... 202954 files and directories currently installed.)
2026-07-30T14:21:55.7723633Z Preparing to unpack .../0-libjsoncpp25_1.9.5-6build1_amd64.deb ...
2026-07-30T14:21:55.7760884Z Unpacking libjsoncpp25:amd64 (1.9.5-6build1) ...
2026-07-30T14:21:55.8008274Z Selecting previously unselected package librhash0:amd64.
2026-07-30T14:21:55.8148252Z Preparing to unpack .../1-librhash0_1.4.3-3build1_amd64.deb ...
2026-07-30T14:21:55.8158538Z Unpacking librhash0:amd64 (1.4.3-3build1) ...
2026-07-30T14:21:55.8410023Z Selecting previously unselected package cmake-data.
2026-07-30T14:21:55.8548664Z Preparing to unpack .../2-cmake-data_3.28.3-1build7_all.deb ...
2026-07-30T14:21:55.8617704Z Unpacking cmake-data (3.28.3-1build7) ...
2026-07-30T14:21:56.4149740Z Selecting previously unselected package cmake.
2026-07-30T14:21:56.4305356Z Preparing to unpack .../3-cmake_3.28.3-1build7_amd64.deb ...
2026-07-30T14:21:56.4314942Z Unpacking cmake (3.28.3-1build7) ...
2026-07-30T14:21:56.6076322Z Selecting previously unselected package ninja-build.
2026-07-30T14:21:56.6224891Z Preparing to unpack .../4-ninja-build_1.11.1-2_amd64.deb ...
2026-07-30T14:21:56.6234026Z Unpacking ninja-build (1.11.1-2) ...
2026-07-30T14:21:56.6560670Z Selecting previously unselected package binutils-avr.
2026-07-30T14:21:56.6703458Z Preparing to unpack .../5-binutils-avr_2.26.20160125+Atmel3.7.0-2_amd64.deb ...
2026-07-30T14:21:56.6713065Z Unpacking binutils-avr (2.26.20160125+Atmel3.7.0-2) ...
2026-07-30T14:21:56.7701400Z Selecting previously unselected package gcc-avr.
2026-07-30T14:21:56.7877269Z Preparing to unpack .../6-gcc-avr_1%3a7.3.0+Atmel3.7.0-1_amd64.deb ...
2026-07-30T14:21:56.7886505Z Unpacking gcc-avr (1:7.3.0+Atmel3.7.0-1) ...
2026-07-30T14:21:57.1693964Z Selecting previously unselected package avr-libc.
2026-07-30T14:21:57.1837723Z Preparing to unpack .../7-avr-libc_1%3a2.0.0+Atmel3.7.0-1_all.deb ...
2026-07-30T14:21:57.1847719Z Unpacking avr-libc (1:2.0.0+Atmel3.7.0-1) ...
2026-07-30T14:21:57.6401442Z Setting up binutils-avr (2.26.20160125+Atmel3.7.0-2) ...
2026-07-30T14:21:57.6430030Z Setting up ninja-build (1.11.1-2) ...
2026-07-30T14:21:57.6456247Z Setting up gcc-avr (1:7.3.0+Atmel3.7.0-1) ...
2026-07-30T14:21:57.6483610Z Setting up libjsoncpp25:amd64 (1.9.5-6build1) ...
2026-07-30T14:21:57.6507816Z Setting up librhash0:amd64 (1.4.3-3build1) ...
2026-07-30T14:21:57.6533175Z Setting up cmake-data (3.28.3-1build7) ...
2026-07-30T14:21:57.6608917Z Setting up avr-libc (1:2.0.0+Atmel3.7.0-1) ...
2026-07-30T14:21:57.6633559Z Setting up cmake (3.28.3-1build7) ...
2026-07-30T14:21:57.6665121Z Processing triggers for man-db (2.12.0-4build2) ...
2026-07-30T14:21:57.6689497Z Not building database; man-db/auto-update is not 'true'.
2026-07-30T14:21:57.6704098Z Processing triggers for libc-bin (2.39-0ubuntu8.7) ...
2026-07-30T14:21:58.3821277Z 
2026-07-30T14:21:58.3821945Z Running kernel seems to be up-to-date.
2026-07-30T14:21:58.3825105Z 
2026-07-30T14:21:58.3825468Z No services need to be restarted.
2026-07-30T14:21:58.3825771Z 
2026-07-30T14:21:58.3826046Z No containers need to be restarted.
2026-07-30T14:21:58.3826369Z 
2026-07-30T14:21:58.3826774Z No user sessions are running outdated binaries.
2026-07-30T14:21:58.3827122Z 
2026-07-30T14:21:58.3827565Z No VM guests are running outdated hypervisor (qemu) binaries on this host.
2026-07-30T14:21:59.4901709Z Node 20 is being deprecated. This workflow is running with Node 24 by default. If you need to temporarily use Node 20, you can set the ACTIONS_ALLOW_USE_UNSECURE_NODE_VERSION=true environment variable. For more information see: https://github.blog/changelog/2025-09-19-deprecation-of-node-20-on-github-actions-runners/
2026-07-30T14:21:59.4903433Z ##[group]Run mymindstorm/setup-emsdk@v14
2026-07-30T14:21:59.4903706Z with:
2026-07-30T14:21:59.4903892Z   version: 3.1.61
2026-07-30T14:21:59.4904109Z   actions-cache-folder: emsdk-cache
2026-07-30T14:21:59.4904662Z   no-install: false
2026-07-30T14:21:59.4904867Z   no-cache: false
2026-07-30T14:21:59.4905060Z   update: false
2026-07-30T14:21:59.4905255Z   update-tags: false
2026-07-30T14:21:59.4905463Z ##[endgroup]
2026-07-30T14:21:59.6085634Z (node:2811) [DEP0040] DeprecationWarning: The `punycode` module is deprecated. Please use a userland alternative instead.
2026-07-30T14:21:59.6087712Z (Use `node --trace-deprecation ...` to show where the warning was created)
2026-07-30T14:21:59.6929370Z ##[warning]Failed to restore: Cache service responded with 400
2026-07-30T14:21:59.6939164Z ##[warning]No cached files found at path "/home/runner/work/sekiz-toolchain/sekiz-toolchain/emsdk-cache" - downloading and caching emsdk.
2026-07-30T14:21:59.8249394Z [command]/usr/bin/unzip -o -q /home/runner/work/_temp/579f4785-50cf-432d-a5e3-4386f9dc9485
2026-07-30T14:21:59.8579516Z [command]/home/runner/work/_temp/5ee67089-1751-4b2a-970d-370e21a73492/emsdk-main/emsdk update
2026-07-30T14:22:00.1055537Z Downloading: /home/runner/work/_temp/5ee67089-1751-4b2a-970d-370e21a73492/emsdk-main/downloads/HEAD.zip from https://github.com/emscripten-core/emsdk/archive/HEAD.zip, 220381 Bytes
2026-07-30T14:22:00.1057180Z  [----------------------------------------------------------------------------]
2026-07-30T14:22:00.1325111Z Unpacking '/home/runner/work/_temp/5ee67089-1751-4b2a-970d-370e21a73492/emsdk-main/downloads/HEAD.zip' to '/home/runner/work/_temp/5ee67089-1751-4b2a-970d-370e21a73492/emsdk-main'
2026-07-30T14:22:00.1463628Z [command]/home/runner/work/_temp/5ee67089-1751-4b2a-970d-370e21a73492/emsdk-main/emsdk install 3.1.61
2026-07-30T14:22:00.3294899Z Resolving SDK version '3.1.61' to 'sdk-releases-28e4a74b579b4157bda5fc34f23c7d3905a8bd6c-64bit'
2026-07-30T14:22:00.3295857Z Installing SDK 'sdk-releases-28e4a74b579b4157bda5fc34f23c7d3905a8bd6c-64bit'..
2026-07-30T14:22:00.3296480Z Installing tool 'node-22.16.0-64bit'..
2026-07-30T14:22:00.3298042Z Downloading: /home/runner/work/_temp/5ee67089-1751-4b2a-970d-370e21a73492/emsdk-main/downloads/node-v22.16.0-linux-x64.tar.xz from https://storage.googleapis.com/webassembly/emscripten-releases-builds/deps/node-v22.16.0-linux-x64.tar.xz, 30425588 Bytes
2026-07-30T14:22:00.4707879Z  [----------------------------------------------------------------------------]
2026-07-30T14:22:02.7115129Z Unpacking '/home/runner/work/_temp/5ee67089-1751-4b2a-970d-370e21a73492/emsdk-main/downloads/node-v22.16.0-linux-x64.tar.xz' to '/home/runner/work/_temp/5ee67089-1751-4b2a-970d-370e21a73492/emsdk-main/node/22.16.0_64bit'
2026-07-30T14:22:02.7116854Z Done installing tool 'node-22.16.0-64bit'.
2026-07-30T14:22:02.7117448Z Installing tool 'releases-28e4a74b579b4157bda5fc34f23c7d3905a8bd6c-64bit'..
2026-07-30T14:22:02.7119592Z Downloading: /home/runner/work/_temp/5ee67089-1751-4b2a-970d-370e21a73492/emsdk-main/downloads/28e4a74b579b4157bda5fc34f23c7d3905a8bd6c-wasm-binaries.tar.xz from https://storage.googleapis.com/webassembly/emscripten-releases-builds/linux/28e4a74b579b4157bda5fc34f23c7d3905a8bd6c/wasm-binaries.tar.xz, 296870868 Bytes
2026-07-30T14:22:03.6385752Z  [----------------------------------------------------------------------------]
2026-07-30T14:22:22.9729104Z Unpacking '/home/runner/work/_temp/5ee67089-1751-4b2a-970d-370e21a73492/emsdk-main/downloads/28e4a74b579b4157bda5fc34f23c7d3905a8bd6c-wasm-binaries.tar.xz' to '/home/runner/work/_temp/5ee67089-1751-4b2a-970d-370e21a73492/emsdk-main/upstream'
2026-07-30T14:22:22.9731222Z Done installing tool 'releases-28e4a74b579b4157bda5fc34f23c7d3905a8bd6c-64bit'.
2026-07-30T14:22:22.9732058Z Done installing SDK 'sdk-releases-28e4a74b579b4157bda5fc34f23c7d3905a8bd6c-64bit'.
2026-07-30T14:22:22.9882863Z [command]/home/runner/work/_temp/5ee67089-1751-4b2a-970d-370e21a73492/emsdk-main/emsdk activate 3.1.61
2026-07-30T14:22:23.1067945Z Resolving SDK version '3.1.61' to 'sdk-releases-28e4a74b579b4157bda5fc34f23c7d3905a8bd6c-64bit'
2026-07-30T14:22:23.1068860Z Setting the following tools as active:
2026-07-30T14:22:23.1069262Z    node-22.16.0-64bit
2026-07-30T14:22:23.1069701Z    releases-28e4a74b579b4157bda5fc34f23c7d3905a8bd6c-64bit
2026-07-30T14:22:23.1070099Z 
2026-07-30T14:22:23.1070218Z Next steps:
2026-07-30T14:22:23.1070632Z - To conveniently access emsdk tools from the command line,
2026-07-30T14:22:23.1071309Z   consider adding the following directories to your PATH:
2026-07-30T14:22:23.1071985Z     /home/runner/work/_temp/5ee67089-1751-4b2a-970d-370e21a73492/emsdk-main
2026-07-30T14:22:23.1072965Z     /home/runner/work/_temp/5ee67089-1751-4b2a-970d-370e21a73492/emsdk-main/upstream/emscripten
2026-07-30T14:22:23.1073730Z - This can be done for the current shell by running:
2026-07-30T14:22:23.1074778Z     source "/home/runner/work/_temp/5ee67089-1751-4b2a-970d-370e21a73492/emsdk-main/emsdk_env.sh"
2026-07-30T14:22:23.1075565Z - Configure emsdk in your shell startup scripts by running:
2026-07-30T14:22:23.1076480Z     echo 'source "/home/runner/work/_temp/5ee67089-1751-4b2a-970d-370e21a73492/emsdk-main/emsdk_env.sh"' >> $HOME/.bash_profile
2026-07-30T14:22:23.1213290Z [command]/home/runner/work/_temp/5ee67089-1751-4b2a-970d-370e21a73492/emsdk-main/emsdk construct_env
2026-07-30T14:22:23.2416394Z Setting up EMSDK environment (suppress these messages with EMSDK_QUIET=1)
2026-07-30T14:22:23.2418452Z Adding directories to PATH:
2026-07-30T14:22:23.2419094Z PATH += /home/runner/work/_temp/5ee67089-1751-4b2a-970d-370e21a73492/emsdk-main
2026-07-30T14:22:23.2420239Z PATH += /home/runner/work/_temp/5ee67089-1751-4b2a-970d-370e21a73492/emsdk-main/upstream/emscripten
2026-07-30T14:22:23.2420860Z 
2026-07-30T14:22:23.2421013Z Setting environment variables:
2026-07-30T14:22:23.2423420Z PATH = /home/runner/work/_temp/5ee67089-1751-4b2a-970d-370e21a73492/emsdk-main:/home/runner/work/_temp/5ee67089-1751-4b2a-970d-370e21a73492/emsdk-main/upstream/emscripten:/snap/bin:/home/runner/.local/bin:/opt/pipx_bin:/home/runner/.cargo/bin:/home/runner/.config/composer/vendor/bin:/usr/local/.ghcup/bin:/home/runner/.dotnet/tools:/usr/local/sbin:/usr/local/bin:/usr/sbin:/usr/bin:/sbin:/bin:/usr/games:/usr/local/games
2026-07-30T14:22:23.2426425Z EMSDK = /home/runner/work/_temp/5ee67089-1751-4b2a-970d-370e21a73492/emsdk-main
2026-07-30T14:22:23.2427401Z EMSDK_NODE = /home/runner/work/_temp/5ee67089-1751-4b2a-970d-370e21a73492/emsdk-main/node/22.16.0_64bit/bin/node
2026-07-30T14:22:23.2434474Z export PATH="/home/runner/work/_temp/5ee67089-1751-4b2a-970d-370e21a73492/emsdk-main:/home/runner/work/_temp/5ee67089-1751-4b2a-970d-370e21a73492/emsdk-main/upstream/emscripten:/snap/bin:/home/runner/.local/bin:/opt/pipx_bin:/home/runner/.cargo/bin:/home/runner/.config/composer/vendor/bin:/usr/local/.ghcup/bin:/home/runner/.dotnet/tools:/usr/local/sbin:/usr/local/bin:/usr/sbin:/usr/bin:/sbin:/bin:/usr/games:/usr/local/games";
2026-07-30T14:22:23.2437654Z export EMSDK="/home/runner/work/_temp/5ee67089-1751-4b2a-970d-370e21a73492/emsdk-main";
2026-07-30T14:22:23.2438739Z export EMSDK_NODE="/home/runner/work/_temp/5ee67089-1751-4b2a-970d-370e21a73492/emsdk-main/node/22.16.0_64bit/bin/node";
2026-07-30T14:22:31.7013182Z [command]/usr/bin/tar --posix -cf cache.tzst --exclude cache.tzst -P -C /home/runner/work/sekiz-toolchain/sekiz-toolchain --files-from manifest.txt --use-compress-program zstdmt
2026-07-30T14:22:35.2998909Z ##[warning]Failed to save: <h2>Our services aren't available right now</h2><p>We're working to restore all services as soon as possible. Please check back soon.</p>0K15ragAAAAAKj1FAy4VXQYgh0SQ0+ZI3UEhMMzBFREdFMDIwNwBFZGdl
2026-07-30T14:22:35.3528596Z ##[group]Run git clone --depth 1 --branch release/19.x https://github.com/llvm/llvm-project.git llvm
2026-07-30T14:22:35.3529367Z [36;1mgit clone --depth 1 --branch release/19.x https://github.com/llvm/llvm-project.git llvm[0m
2026-07-30T14:22:35.3582121Z shell: /usr/bin/bash -e {0}
2026-07-30T14:22:35.3582435Z env:
2026-07-30T14:22:35.3584045Z   PATH: /home/runner/work/_temp/5ee67089-1751-4b2a-970d-370e21a73492/emsdk-main:/home/runner/work/_temp/5ee67089-1751-4b2a-970d-370e21a73492/emsdk-main/upstream/emscripten:/snap/bin:/home/runner/.local/bin:/opt/pipx_bin:/home/runner/.cargo/bin:/home/runner/.config/composer/vendor/bin:/usr/local/.ghcup/bin:/home/runner/.dotnet/tools:/usr/local/sbin:/usr/local/bin:/usr/sbin:/usr/bin:/sbin:/bin:/usr/games:/usr/local/games
2026-07-30T14:22:35.3586254Z   EMSDK: /home/runner/work/_temp/5ee67089-1751-4b2a-970d-370e21a73492/emsdk-main
2026-07-30T14:22:35.3587017Z   EMSDK_NODE: /home/runner/work/_temp/5ee67089-1751-4b2a-970d-370e21a73492/emsdk-main/node/22.16.0_64bit/bin/node
2026-07-30T14:22:35.3587569Z ##[endgroup]
2026-07-30T14:22:35.3681463Z Cloning into 'llvm'...
2026-07-30T14:23:14.8464058Z Updating files:   8% (12037/146353)
2026-07-30T14:23:14.9425066Z Updating files:   9% (13172/146353)
2026-07-30T14:23:15.0164804Z Updating files:  10% (14636/146353)
2026-07-30T14:23:15.0901664Z Updating files:  11% (16099/146353)
2026-07-30T14:23:15.1830669Z Updating files:  12% (17563/146353)
2026-07-30T14:23:15.2702482Z Updating files:  13% (19026/146353)
2026-07-30T14:23:15.3424724Z Updating files:  14% (20490/146353)
2026-07-30T14:23:15.4167953Z Updating files:  15% (21953/146353)
2026-07-30T14:23:15.4896612Z Updating files:  16% (23417/146353)
2026-07-30T14:23:15.6361063Z Updating files:  17% (24881/146353)
2026-07-30T14:23:15.7165244Z Updating files:  18% (26344/146353)
2026-07-30T14:23:15.7227442Z Updating files:  18% (27689/146353)
2026-07-30T14:23:15.7953916Z Updating files:  19% (27808/146353)
2026-07-30T14:23:15.8728818Z Updating files:  20% (29271/146353)
2026-07-30T14:23:15.9478972Z Updating files:  21% (30735/146353)
2026-07-30T14:23:16.0519276Z Updating files:  22% (32198/146353)
2026-07-30T14:23:16.1361988Z Updating files:  23% (33662/146353)
2026-07-30T14:23:16.2355587Z Updating files:  24% (35125/146353)
2026-07-30T14:23:16.3318087Z Updating files:  25% (36589/146353)
2026-07-30T14:23:16.4172106Z Updating files:  26% (38052/146353)
2026-07-30T14:23:16.4917950Z Updating files:  27% (39516/146353)
2026-07-30T14:23:16.6195007Z Updating files:  28% (40979/146353)
2026-07-30T14:23:16.6823250Z Updating files:  29% (42443/146353)
2026-07-30T14:23:16.7165668Z Updating files:  30% (43906/146353)
2026-07-30T14:23:16.7491358Z Updating files:  30% (44672/146353)
2026-07-30T14:23:16.8192324Z Updating files:  31% (45370/146353)
2026-07-30T14:23:16.9089590Z Updating files:  32% (46833/146353)
2026-07-30T14:23:16.9935436Z Updating files:  33% (48297/146353)
2026-07-30T14:23:17.0620708Z Updating files:  34% (49761/146353)
2026-07-30T14:23:17.2794396Z Updating files:  35% (51224/146353)
2026-07-30T14:23:17.3478874Z Updating files:  36% (52688/146353)
2026-07-30T14:23:17.4460781Z Updating files:  37% (54151/146353)
2026-07-30T14:23:17.5238206Z Updating files:  38% (55615/146353)
2026-07-30T14:23:17.6268297Z Updating files:  39% (57078/146353)
2026-07-30T14:23:17.6962090Z Updating files:  40% (58542/146353)
2026-07-30T14:23:17.7165552Z Updating files:  41% (60005/146353)
2026-07-30T14:23:17.7736753Z Updating files:  41% (60411/146353)
2026-07-30T14:23:17.8784674Z Updating files:  42% (61469/146353)
2026-07-30T14:23:17.9755592Z Updating files:  43% (62932/146353)
2026-07-30T14:23:18.0998635Z Updating files:  44% (64396/146353)
2026-07-30T14:23:18.1750903Z Updating files:  45% (65859/146353)
2026-07-30T14:23:18.2532804Z Updating files:  46% (67323/146353)
2026-07-30T14:23:18.3898442Z Updating files:  47% (68786/146353)
2026-07-30T14:23:18.5223935Z Updating files:  48% (70250/146353)
2026-07-30T14:23:18.6765348Z Updating files:  49% (71713/146353)
2026-07-30T14:23:18.7168558Z Updating files:  50% (73177/146353)
2026-07-30T14:23:18.8437563Z Updating files:  50% (73644/146353)
2026-07-30T14:23:19.0015485Z Updating files:  51% (74641/146353)
2026-07-30T14:23:19.1743516Z Updating files:  52% (76104/146353)
2026-07-30T14:23:19.3962743Z Updating files:  53% (77568/146353)
2026-07-30T14:23:19.4847235Z Updating files:  54% (79031/146353)
2026-07-30T14:23:19.5795745Z Updating files:  55% (80495/146353)
2026-07-30T14:23:19.6943419Z Updating files:  56% (81958/146353)
2026-07-30T14:23:19.7229840Z Updating files:  57% (83422/146353)
2026-07-30T14:23:19.8756708Z Updating files:  57% (83516/146353)
2026-07-30T14:23:20.0237028Z Updating files:  58% (84885/146353)
2026-07-30T14:23:20.1081190Z Updating files:  59% (86349/146353)
2026-07-30T14:23:20.1901670Z Updating files:  60% (87812/146353)
2026-07-30T14:23:20.2666369Z Updating files:  61% (89276/146353)
2026-07-30T14:23:20.3393738Z Updating files:  62% (90739/146353)
2026-07-30T14:23:20.4255431Z Updating files:  63% (92203/146353)
2026-07-30T14:23:20.5182007Z Updating files:  64% (93666/146353)
2026-07-30T14:23:20.6736767Z Updating files:  65% (95130/146353)
2026-07-30T14:23:20.7164670Z Updating files:  66% (96593/146353)
2026-07-30T14:23:20.7542974Z Updating files:  66% (97352/146353)
2026-07-30T14:23:20.8473837Z Updating files:  67% (98057/146353)
2026-07-30T14:23:20.9405718Z Updating files:  68% (99521/146353)
2026-07-30T14:23:21.0478359Z Updating files:  69% (100984/146353)
2026-07-30T14:23:21.1501424Z Updating files:  70% (102448/146353)
2026-07-30T14:23:21.3513013Z Updating files:  71% (103911/146353)
2026-07-30T14:23:21.4364591Z Updating files:  72% (105375/146353)
2026-07-30T14:23:21.5069766Z Updating files:  73% (106838/146353)
2026-07-30T14:23:21.5798270Z Updating files:  74% (108302/146353)
2026-07-30T14:23:21.7051962Z Updating files:  75% (109765/146353)
2026-07-30T14:23:21.7164902Z Updating files:  76% (111229/146353)
2026-07-30T14:23:21.8524830Z Updating files:  76% (111478/146353)
2026-07-30T14:23:21.9319645Z Updating files:  77% (112692/146353)
2026-07-30T14:23:22.0292243Z Updating files:  78% (114156/146353)
2026-07-30T14:23:22.1046970Z Updating files:  79% (115619/146353)
2026-07-30T14:23:22.1847454Z Updating files:  80% (117083/146353)
2026-07-30T14:23:22.2666894Z Updating files:  81% (118546/146353)
2026-07-30T14:23:22.3633057Z Updating files:  82% (120010/146353)
2026-07-30T14:23:22.4555029Z Updating files:  83% (121473/146353)
2026-07-30T14:23:22.5565465Z Updating files:  84% (122937/146353)
2026-07-30T14:23:22.6443295Z Updating files:  85% (124401/146353)
2026-07-30T14:23:22.7165162Z Updating files:  86% (125864/146353)
2026-07-30T14:23:22.8147975Z Updating files:  87% (127328/146353)
2026-07-30T14:23:23.0811135Z Updating files:  88% (128791/146353)
2026-07-30T14:23:23.2008763Z Updating files:  89% (130255/146353)
2026-07-30T14:23:23.3116346Z Updating files:  90% (131718/146353)
2026-07-30T14:23:23.4278578Z Updating files:  91% (133182/146353)
2026-07-30T14:23:23.5284040Z Updating files:  92% (134645/146353)
2026-07-30T14:23:23.6452540Z Updating files:  93% (136109/146353)
2026-07-30T14:23:23.7174728Z Updating files:  94% (137572/146353)
2026-07-30T14:23:23.7913081Z Updating files:  94% (138216/146353)
2026-07-30T14:23:23.8850707Z Updating files:  95% (139036/146353)
2026-07-30T14:23:23.9751736Z Updating files:  96% (140499/146353)
2026-07-30T14:23:24.0889166Z Updating files:  97% (141963/146353)
2026-07-30T14:23:24.1654779Z Updating files:  98% (143426/146353)
2026-07-30T14:23:24.2707133Z Updating files:  99% (144890/146353)
2026-07-30T14:23:24.2707764Z Updating files: 100% (146353/146353)
2026-07-30T14:23:24.2708195Z Updating files: 100% (146353/146353), done.
2026-07-30T14:23:24.5138555Z ##[group]Run bash scripts/build-native-tblgen.sh
2026-07-30T14:23:24.5138953Z [36;1mbash scripts/build-native-tblgen.sh[0m
2026-07-30T14:23:24.5185842Z shell: /usr/bin/bash -e {0}
2026-07-30T14:23:24.5186095Z env:
2026-07-30T14:23:24.5187603Z   PATH: /home/runner/work/_temp/5ee67089-1751-4b2a-970d-370e21a73492/emsdk-main:/home/runner/work/_temp/5ee67089-1751-4b2a-970d-370e21a73492/emsdk-main/upstream/emscripten:/snap/bin:/home/runner/.local/bin:/opt/pipx_bin:/home/runner/.cargo/bin:/home/runner/.config/composer/vendor/bin:/usr/local/.ghcup/bin:/home/runner/.dotnet/tools:/usr/local/sbin:/usr/local/bin:/usr/sbin:/usr/bin:/sbin:/bin:/usr/games:/usr/local/games
2026-07-30T14:23:24.5189334Z   EMSDK: /home/runner/work/_temp/5ee67089-1751-4b2a-970d-370e21a73492/emsdk-main
2026-07-30T14:23:24.5189963Z   EMSDK_NODE: /home/runner/work/_temp/5ee67089-1751-4b2a-970d-370e21a73492/emsdk-main/node/22.16.0_64bit/bin/node
2026-07-30T14:23:24.5190465Z ##[endgroup]
2026-07-30T14:23:24.9583451Z CMake Deprecation Warning at /home/runner/work/sekiz-toolchain/sekiz-toolchain/llvm/cmake/Modules/CMakePolicy.cmake:6 (cmake_policy):
2026-07-30T14:23:24.9585206Z   The OLD behavior for policy CMP0114 will be removed from a future version
2026-07-30T14:23:24.9586070Z   of CMake.
2026-07-30T14:23:24.9586332Z 
2026-07-30T14:23:24.9586649Z   The cmake-policies(7) manual explains that the OLD behaviors of all
2026-07-30T14:23:24.9587345Z   policies are deprecated and that a policy should be set to OLD only under
2026-07-30T14:23:24.9588072Z   specific short-term circumstances.  Projects should be ported to the NEW
2026-07-30T14:23:24.9588687Z   behavior and not rely on setting a policy to OLD.
2026-07-30T14:23:24.9589131Z Call Stack (most recent call first):
2026-07-30T14:23:24.9589508Z   CMakeLists.txt:6 (include)
2026-07-30T14:23:24.9589726Z 
2026-07-30T14:23:24.9589731Z 
2026-07-30T14:23:24.9590379Z CMake Deprecation Warning at /home/runner/work/sekiz-toolchain/sekiz-toolchain/llvm/cmake/Modules/CMakePolicy.cmake:11 (cmake_policy):
2026-07-30T14:23:24.9591417Z   The OLD behavior for policy CMP0116 will be removed from a future version
2026-07-30T14:23:24.9591945Z   of CMake.
2026-07-30T14:23:24.9592093Z 
2026-07-30T14:23:24.9592350Z   The cmake-policies(7) manual explains that the OLD behaviors of all
2026-07-30T14:23:24.9593031Z   policies are deprecated and that a policy should be set to OLD only under
2026-07-30T14:23:24.9593740Z   specific short-term circumstances.  Projects should be ported to the NEW
2026-07-30T14:23:24.9594606Z   behavior and not rely on setting a policy to OLD.
2026-07-30T14:23:24.9595062Z Call Stack (most recent call first):
2026-07-30T14:23:24.9595341Z   CMakeLists.txt:6 (include)
2026-07-30T14:23:24.9595506Z 
2026-07-30T14:23:24.9595510Z 
2026-07-30T14:23:25.3887205Z -- The C compiler identification is GNU 13.3.0
2026-07-30T14:23:25.5388989Z -- The CXX compiler identification is GNU 13.3.0
2026-07-30T14:23:25.5535421Z -- The ASM compiler identification is GNU
2026-07-30T14:23:25.5552720Z -- Found assembler: /usr/bin/cc
2026-07-30T14:23:25.6690540Z -- Detecting C compiler ABI info
2026-07-30T14:23:25.8617993Z -- Detecting C compiler ABI info - done
2026-07-30T14:23:25.8785535Z -- Check for working C compiler: /usr/bin/cc - skipped
2026-07-30T14:23:25.8835213Z -- Detecting C compile features
2026-07-30T14:23:25.8842575Z -- Detecting C compile features - done
2026-07-30T14:23:25.9119636Z -- Detecting CXX compiler ABI info
2026-07-30T14:23:25.9945583Z -- Detecting CXX compiler ABI info - done
2026-07-30T14:23:26.0119886Z -- Check for working CXX compiler: /usr/bin/c++ - skipped
2026-07-30T14:23:26.0123328Z -- Detecting CXX compile features
2026-07-30T14:23:26.0130662Z -- Detecting CXX compile features - done
2026-07-30T14:23:26.0620296Z -- bolt project is disabled
2026-07-30T14:23:26.0620935Z -- clang project is enabled
2026-07-30T14:23:26.0621604Z -- clang-tools-extra project is disabled
2026-07-30T14:23:26.0622300Z -- compiler-rt project is disabled
2026-07-30T14:23:26.0623377Z -- cross-project-tests project is disabled
2026-07-30T14:23:26.0623830Z -- libc project is disabled
2026-07-30T14:23:26.0624516Z -- libclc project is disabled
2026-07-30T14:23:26.0624903Z -- lld project is disabled
2026-07-30T14:23:26.0625320Z -- lldb project is disabled
2026-07-30T14:23:26.0625668Z -- mlir project is disabled
2026-07-30T14:23:26.0626014Z -- openmp project is disabled
2026-07-30T14:23:26.0626356Z -- polly project is disabled
2026-07-30T14:23:26.0626703Z -- pstl project is disabled
2026-07-30T14:23:26.0627036Z -- flang project is disabled
2026-07-30T14:23:26.2803126Z -- Found Python3: /usr/bin/python3.12 (found suitable version "3.12.3", minimum required is "3.0") found components: Interpreter
2026-07-30T14:23:26.3872917Z -- Looking for dlfcn.h
2026-07-30T14:23:26.4533594Z -- Looking for dlfcn.h - found
2026-07-30T14:23:26.4534680Z -- Looking for errno.h
2026-07-30T14:23:26.5128694Z -- Looking for errno.h - found
2026-07-30T14:23:26.5129267Z -- Looking for fcntl.h
2026-07-30T14:23:26.5757584Z -- Looking for fcntl.h - found
2026-07-30T14:23:26.5758232Z -- Looking for link.h
2026-07-30T14:23:26.6432098Z -- Looking for link.h - found
2026-07-30T14:23:26.6432759Z -- Looking for malloc/malloc.h
2026-07-30T14:23:26.6704991Z -- Looking for malloc/malloc.h - not found
2026-07-30T14:23:26.6705957Z -- Looking for pthread.h
2026-07-30T14:23:26.7345066Z -- Looking for pthread.h - found
2026-07-30T14:23:26.7345618Z -- Looking for signal.h
2026-07-30T14:23:26.7989440Z -- Looking for signal.h - found
2026-07-30T14:23:26.7990007Z -- Looking for sys/ioctl.h
2026-07-30T14:23:26.8579177Z -- Looking for sys/ioctl.h - found
2026-07-30T14:23:26.8579759Z -- Looking for sys/mman.h
2026-07-30T14:23:26.9161934Z -- Looking for sys/mman.h - found
2026-07-30T14:23:26.9162529Z -- Looking for sys/param.h
2026-07-30T14:23:26.9805611Z -- Looking for sys/param.h - found
2026-07-30T14:23:26.9806550Z -- Looking for sys/resource.h
2026-07-30T14:23:27.0413362Z -- Looking for sys/resource.h - found
2026-07-30T14:23:27.0414334Z -- Looking for sys/stat.h
2026-07-30T14:23:27.0990130Z -- Looking for sys/stat.h - found
2026-07-30T14:23:27.0990760Z -- Looking for sys/time.h
2026-07-30T14:23:27.1578186Z -- Looking for sys/time.h - found
2026-07-30T14:23:27.1578879Z -- Looking for sys/types.h
2026-07-30T14:23:27.2176738Z -- Looking for sys/types.h - found
2026-07-30T14:23:27.2177311Z -- Looking for sysexits.h
2026-07-30T14:23:27.2726972Z -- Looking for sysexits.h - found
2026-07-30T14:23:27.2727684Z -- Looking for termios.h
2026-07-30T14:23:27.3325296Z -- Looking for termios.h - found
2026-07-30T14:23:27.3325796Z -- Looking for unistd.h
2026-07-30T14:23:27.3994133Z -- Looking for unistd.h - found
2026-07-30T14:23:27.3994998Z -- Looking for valgrind/valgrind.h
2026-07-30T14:23:27.4295132Z -- Looking for valgrind/valgrind.h - not found
2026-07-30T14:23:27.4295678Z -- Looking for fenv.h
2026-07-30T14:23:27.4881017Z -- Looking for fenv.h - found
2026-07-30T14:23:27.4883216Z -- Looking for FE_ALL_EXCEPT
2026-07-30T14:23:27.5454499Z -- Looking for FE_ALL_EXCEPT - found
2026-07-30T14:23:27.5456577Z -- Looking for FE_INEXACT
2026-07-30T14:23:27.6031288Z -- Looking for FE_INEXACT - found
2026-07-30T14:23:27.6033048Z -- Performing Test HAVE_BUILTIN_THREAD_POINTER
2026-07-30T14:23:27.6618445Z -- Performing Test HAVE_BUILTIN_THREAD_POINTER - Success
2026-07-30T14:23:27.6619550Z -- Looking for mach/mach.h
2026-07-30T14:23:27.6905709Z -- Looking for mach/mach.h - not found
2026-07-30T14:23:27.6906470Z -- Looking for CrashReporterClient.h
2026-07-30T14:23:27.7193298Z -- Looking for CrashReporterClient.h - not found
2026-07-30T14:23:27.7194485Z -- Looking for linux/magic.h
2026-07-30T14:23:27.7749915Z -- Looking for linux/magic.h - found
2026-07-30T14:23:27.7753054Z -- Looking for pthread_create in pthread
2026-07-30T14:23:27.8408445Z -- Looking for pthread_create in pthread - found
2026-07-30T14:23:27.8409242Z -- Looking for pthread_rwlock_init in pthread
2026-07-30T14:23:27.8999588Z -- Looking for pthread_rwlock_init in pthread - found
2026-07-30T14:23:27.9000588Z -- Looking for pthread_mutex_lock in pthread
2026-07-30T14:23:27.9577101Z -- Looking for pthread_mutex_lock in pthread - found
2026-07-30T14:23:27.9577901Z -- Looking for dlopen in dl
2026-07-30T14:23:28.0170095Z -- Looking for dlopen in dl - found
2026-07-30T14:23:28.0170810Z -- Looking for clock_gettime in rt
2026-07-30T14:23:28.0751870Z -- Looking for clock_gettime in rt - found
2026-07-30T14:23:28.0757911Z -- Looking for pfm_initialize in pfm
2026-07-30T14:23:28.1234442Z -- Looking for pfm_initialize in pfm - not found
2026-07-30T14:23:28.1291742Z -- Performing Test CMAKE_HAVE_LIBC_PTHREAD
2026-07-30T14:23:28.1937408Z -- Performing Test CMAKE_HAVE_LIBC_PTHREAD - Success
2026-07-30T14:23:28.1947160Z -- Found Threads: TRUE
2026-07-30T14:23:28.2323517Z -- Found ZLIB: /usr/lib/x86_64-linux-gnu/libz.so (found version "1.3")
2026-07-30T14:23:28.2327639Z -- Looking for compress2
2026-07-30T14:23:28.3045435Z -- Looking for compress2 - found
2026-07-30T14:23:28.3593936Z -- Found LibXml2: /usr/lib/x86_64-linux-gnu/libxml2.so (found version "2.9.14")
2026-07-30T14:23:28.3597189Z -- Looking for xmlReadMemory
2026-07-30T14:23:28.5939717Z -- Looking for xmlReadMemory - found
2026-07-30T14:23:28.6209036Z -- Could NOT find LibEdit (missing: LibEdit_INCLUDE_DIRS LibEdit_LIBRARIES) 
2026-07-30T14:23:28.6211426Z -- Looking for arc4random
2026-07-30T14:23:28.6850362Z -- Looking for arc4random - found
2026-07-30T14:23:28.6871598Z -- Looking for backtrace
2026-07-30T14:23:28.7405794Z -- Looking for backtrace - found
2026-07-30T14:23:28.7407584Z -- backtrace facility detected in default set of libraries
2026-07-30T14:23:28.7410430Z -- Found Backtrace: /usr/include
2026-07-30T14:23:28.7420165Z -- Performing Test C_SUPPORTS_WERROR_UNGUARDED_AVAILABILITY_NEW
2026-07-30T14:23:28.7812294Z -- Performing Test C_SUPPORTS_WERROR_UNGUARDED_AVAILABILITY_NEW - Failed
2026-07-30T14:23:28.7815801Z -- Looking for __register_frame
2026-07-30T14:23:28.8384398Z -- Looking for __register_frame - found
2026-07-30T14:23:28.8386649Z -- Looking for __deregister_frame
2026-07-30T14:23:28.8947190Z -- Looking for __deregister_frame - found
2026-07-30T14:23:28.8949344Z -- Looking for __unw_add_dynamic_fde
2026-07-30T14:23:28.9494487Z -- Looking for __unw_add_dynamic_fde - not found
2026-07-30T14:23:28.9496651Z -- Looking for _Unwind_Backtrace
2026-07-30T14:23:29.0056949Z -- Looking for _Unwind_Backtrace - found
2026-07-30T14:23:29.0058973Z -- Looking for getpagesize
2026-07-30T14:23:29.0678646Z -- Looking for getpagesize - found
2026-07-30T14:23:29.0680792Z -- Looking for sysconf
2026-07-30T14:23:29.1282092Z -- Looking for sysconf - found
2026-07-30T14:23:29.1284813Z -- Looking for getrusage
2026-07-30T14:23:29.1859375Z -- Looking for getrusage - found
2026-07-30T14:23:29.1861513Z -- Looking for setrlimit
2026-07-30T14:23:29.2424024Z -- Looking for setrlimit - found
2026-07-30T14:23:29.2426230Z -- Looking for isatty
2026-07-30T14:23:29.3039715Z -- Looking for isatty - found
2026-07-30T14:23:29.3041825Z -- Looking for futimens
2026-07-30T14:23:29.3655808Z -- Looking for futimens - found
2026-07-30T14:23:29.3658045Z -- Looking for futimes
2026-07-30T14:23:29.4230623Z -- Looking for futimes - found
2026-07-30T14:23:29.4232858Z -- Looking for sigaltstack
2026-07-30T14:23:29.4851660Z -- Looking for sigaltstack - found
2026-07-30T14:23:29.4853784Z -- Looking for mallctl
2026-07-30T14:23:29.5144525Z -- Looking for mallctl - not found
2026-07-30T14:23:29.5146878Z -- Looking for mallinfo
2026-07-30T14:23:29.5773575Z -- Looking for mallinfo - found
2026-07-30T14:23:29.5775728Z -- Looking for mallinfo2
2026-07-30T14:23:29.6373753Z -- Looking for mallinfo2 - found
2026-07-30T14:23:29.6376180Z -- Looking for malloc_zone_statistics
2026-07-30T14:23:29.6659351Z -- Looking for malloc_zone_statistics - not found
2026-07-30T14:23:29.6662046Z -- Looking for getrlimit
2026-07-30T14:23:29.7227484Z -- Looking for getrlimit - found
2026-07-30T14:23:29.7230079Z -- Looking for posix_spawn
2026-07-30T14:23:29.7815576Z -- Looking for posix_spawn - found
2026-07-30T14:23:29.7818502Z -- Looking for pread
2026-07-30T14:23:29.8419795Z -- Looking for pread - found
2026-07-30T14:23:29.8422320Z -- Looking for sbrk
2026-07-30T14:23:29.9015860Z -- Looking for sbrk - found
2026-07-30T14:23:29.9018986Z -- Looking for strerror_r
2026-07-30T14:23:29.9664928Z -- Looking for strerror_r - found
2026-07-30T14:23:29.9667764Z -- Looking for strerror_s
2026-07-30T14:23:30.0068323Z -- Looking for strerror_s - not found
2026-07-30T14:23:30.0071144Z -- Looking for setenv
2026-07-30T14:23:30.0757250Z -- Looking for setenv - found
2026-07-30T14:23:30.0760179Z -- Performing Test HAVE_STRUCT_STAT_ST_MTIMESPEC_TV_NSEC
2026-07-30T14:23:30.1111331Z -- Performing Test HAVE_STRUCT_STAT_ST_MTIMESPEC_TV_NSEC - Failed
2026-07-30T14:23:30.1113068Z -- Performing Test HAVE_STRUCT_STAT_ST_MTIM_TV_NSEC
2026-07-30T14:23:30.1768202Z -- Performing Test HAVE_STRUCT_STAT_ST_MTIM_TV_NSEC - Success
2026-07-30T14:23:30.1770988Z -- Looking for __GLIBC__
2026-07-30T14:23:30.2433923Z -- Looking for __GLIBC__ - found
2026-07-30T14:23:30.2437192Z -- Looking for pthread_getname_np
2026-07-30T14:23:30.4319878Z -- Looking for pthread_getname_np - found
2026-07-30T14:23:30.4322634Z -- Looking for pthread_setname_np
2026-07-30T14:23:30.5820548Z -- Looking for pthread_setname_np - found
2026-07-30T14:23:30.5823435Z -- Looking for dlopen
2026-07-30T14:23:30.6480888Z -- Looking for dlopen - found
2026-07-30T14:23:30.6483681Z -- Looking for dladdr
2026-07-30T14:23:30.7264106Z -- Looking for dladdr - found
2026-07-30T14:23:30.7267118Z -- Looking for proc_pid_rusage
2026-07-30T14:23:30.7606067Z -- Looking for proc_pid_rusage - not found
2026-07-30T14:23:30.7614622Z -- Performing Test HAVE_CXX_ATOMICS_WITHOUT_LIB
2026-07-30T14:23:30.9689251Z -- Performing Test HAVE_CXX_ATOMICS_WITHOUT_LIB - Success
2026-07-30T14:23:30.9691408Z -- Performing Test HAVE_CXX_ATOMICS64_WITHOUT_LIB
2026-07-30T14:23:31.0668368Z -- Performing Test HAVE_CXX_ATOMICS64_WITHOUT_LIB - Success
2026-07-30T14:23:31.0669879Z -- Performing Test LLVM_HAS_ATOMICS
2026-07-30T14:23:31.1372174Z -- Performing Test LLVM_HAS_ATOMICS - Success
2026-07-30T14:23:31.1455582Z -- LLVM host triple: x86_64-unknown-linux-gnu
2026-07-30T14:23:31.1456378Z -- Native target X86 is not selected; lli will not JIT code
2026-07-30T14:23:31.1457006Z -- Threads enabled.
2026-07-30T14:23:31.1457379Z -- Doxygen disabled.
2026-07-30T14:23:31.1482099Z -- Ninja version: 1.13.2
2026-07-30T14:23:31.1498670Z -- Could NOT find OCaml (missing: OCAMLFIND OCAML_VERSION OCAML_STDLIB_PATH) 
2026-07-30T14:23:31.1514991Z -- Could NOT find OCaml (missing: OCAMLFIND OCAML_VERSION OCAML_STDLIB_PATH) 
2026-07-30T14:23:31.1515743Z -- OCaml bindings disabled.
2026-07-30T14:23:31.1780455Z -- Found Python module pygments
2026-07-30T14:23:31.2980359Z -- Found Python module pygments.lexers.c_cpp
2026-07-30T14:23:31.3338071Z -- Found Python module yaml
2026-07-30T14:23:31.3345933Z -- LLVM default target triple: 
2026-07-30T14:23:31.3590095Z -- Performing Test C_SUPPORTS_FPIC
2026-07-30T14:23:31.4141380Z -- Performing Test C_SUPPORTS_FPIC - Success
2026-07-30T14:23:31.4149438Z -- Performing Test CXX_SUPPORTS_FPIC
2026-07-30T14:23:31.4781383Z -- Performing Test CXX_SUPPORTS_FPIC - Success
2026-07-30T14:23:31.4782035Z -- Building with -fPIC
2026-07-30T14:23:31.4790833Z -- Performing Test C_SUPPORTS_FNO_SEMANTIC_INTERPOSITION
2026-07-30T14:23:31.5335515Z -- Performing Test C_SUPPORTS_FNO_SEMANTIC_INTERPOSITION - Success
2026-07-30T14:23:31.5343720Z -- Performing Test CXX_SUPPORTS_FNO_SEMANTIC_INTERPOSITION
2026-07-30T14:23:31.5959204Z -- Performing Test CXX_SUPPORTS_FNO_SEMANTIC_INTERPOSITION - Success
2026-07-30T14:23:31.5968414Z -- Performing Test SUPPORTS_FVISIBILITY_INLINES_HIDDEN_FLAG
2026-07-30T14:23:31.6620310Z -- Performing Test SUPPORTS_FVISIBILITY_INLINES_HIDDEN_FLAG - Success
2026-07-30T14:23:31.6631871Z -- Performing Test C_SUPPORTS_CXX98_COMPAT_EXTRA_SEMI_FLAG
2026-07-30T14:23:31.7012870Z -- Performing Test C_SUPPORTS_CXX98_COMPAT_EXTRA_SEMI_FLAG - Failed
2026-07-30T14:23:31.7021837Z -- Performing Test CXX_SUPPORTS_CXX98_COMPAT_EXTRA_SEMI_FLAG
2026-07-30T14:23:31.7390895Z -- Performing Test CXX_SUPPORTS_CXX98_COMPAT_EXTRA_SEMI_FLAG - Failed
2026-07-30T14:23:31.7401204Z -- Performing Test CXX_SUPPORTS_SUGGEST_OVERRIDE_FLAG
2026-07-30T14:23:31.8011616Z -- Performing Test CXX_SUPPORTS_SUGGEST_OVERRIDE_FLAG - Success
2026-07-30T14:23:31.8013968Z -- Performing Test CXX_WSUGGEST_OVERRIDE_ALLOWS_ONLY_FINAL
2026-07-30T14:23:31.8651975Z -- Performing Test CXX_WSUGGEST_OVERRIDE_ALLOWS_ONLY_FINAL - Success
2026-07-30T14:23:31.8653512Z -- Performing Test C_WCOMMENT_ALLOWS_LINE_WRAP
2026-07-30T14:23:31.8974593Z -- Performing Test C_WCOMMENT_ALLOWS_LINE_WRAP - Failed
2026-07-30T14:23:31.8982463Z -- Performing Test C_SUPPORTS_CTAD_MAYBE_UNSPPORTED_FLAG
2026-07-30T14:23:31.9304032Z -- Performing Test C_SUPPORTS_CTAD_MAYBE_UNSPPORTED_FLAG - Failed
2026-07-30T14:23:31.9312616Z -- Performing Test CXX_SUPPORTS_CTAD_MAYBE_UNSPPORTED_FLAG
2026-07-30T14:23:31.9947748Z -- Performing Test CXX_SUPPORTS_CTAD_MAYBE_UNSPPORTED_FLAG - Success
2026-07-30T14:23:31.9960050Z -- Performing Test LINKER_SUPPORTS_COLOR_DIAGNOSTICS
2026-07-30T14:23:32.0412175Z -- Performing Test LINKER_SUPPORTS_COLOR_DIAGNOSTICS - Failed
2026-07-30T14:23:32.0425374Z -- Looking for os_signpost_interval_begin
2026-07-30T14:23:32.0700877Z -- Looking for os_signpost_interval_begin - not found
2026-07-30T14:23:32.0825551Z -- Linker detection: GNU ld
2026-07-30T14:23:32.1005166Z -- Performing Test HAS_WERROR_GLOBAL_CTORS
2026-07-30T14:23:32.1375576Z -- Performing Test HAS_WERROR_GLOBAL_CTORS - Failed
2026-07-30T14:23:32.1391594Z -- Looking for __x86_64__
2026-07-30T14:23:32.1942750Z -- Looking for __x86_64__ - found
2026-07-30T14:23:32.2608358Z -- Found Git: /usr/bin/git (found version "2.54.0")
2026-07-30T14:23:32.4281991Z -- Looking for logf128
2026-07-30T14:23:32.6260508Z -- Looking for logf128 - found
2026-07-30T14:23:32.7397028Z -- Targeting AVR
2026-07-30T14:23:32.8752832Z CMake Deprecation Warning at /home/runner/work/sekiz-toolchain/sekiz-toolchain/llvm/cmake/Modules/CMakePolicy.cmake:6 (cmake_policy):
2026-07-30T14:23:32.8754106Z   The OLD behavior for policy CMP0114 will be removed from a future version
2026-07-30T14:23:32.8754981Z   of CMake.
2026-07-30T14:23:32.8755140Z 
2026-07-30T14:23:32.8755404Z   The cmake-policies(7) manual explains that the OLD behaviors of all
2026-07-30T14:23:32.8756107Z   policies are deprecated and that a policy should be set to OLD only under
2026-07-30T14:23:32.8756851Z   specific short-term circumstances.  Projects should be ported to the NEW
2026-07-30T14:23:32.8757461Z   behavior and not rely on setting a policy to OLD.
2026-07-30T14:23:32.8757905Z Call Stack (most recent call first):
2026-07-30T14:23:32.8758517Z   /home/runner/work/sekiz-toolchain/sekiz-toolchain/llvm/clang/CMakeLists.txt:7 (include)
2026-07-30T14:23:32.8759031Z 
2026-07-30T14:23:32.8759035Z 
2026-07-30T14:23:32.8759652Z CMake Deprecation Warning at /home/runner/work/sekiz-toolchain/sekiz-toolchain/llvm/cmake/Modules/CMakePolicy.cmake:11 (cmake_policy):
2026-07-30T14:23:32.8760679Z   The OLD behavior for policy CMP0116 will be removed from a future version
2026-07-30T14:23:32.8761200Z   of CMake.
2026-07-30T14:23:32.8761345Z 
2026-07-30T14:23:32.8761602Z   The cmake-policies(7) manual explains that the OLD behaviors of all
2026-07-30T14:23:32.8762269Z   policies are deprecated and that a policy should be set to OLD only under
2026-07-30T14:23:32.8763629Z   specific short-term circumstances.  Projects should be ported to the NEW
2026-07-30T14:23:32.8764618Z   behavior and not rely on setting a policy to OLD.
2026-07-30T14:23:32.8765084Z Call Stack (most recent call first):
2026-07-30T14:23:32.8765741Z   /home/runner/work/sekiz-toolchain/sekiz-toolchain/llvm/clang/CMakeLists.txt:7 (include)
2026-07-30T14:23:32.8766300Z 
2026-07-30T14:23:32.8766305Z 
2026-07-30T14:23:32.8855098Z -- Looking for sys/resource.h
2026-07-30T14:23:32.9485198Z -- Looking for sys/resource.h - found
2026-07-30T14:23:32.9485941Z -- Looking for dlfcn.h
2026-07-30T14:23:33.0135503Z -- Looking for dlfcn.h - found
2026-07-30T14:23:33.0142477Z -- Looking for dladdr
2026-07-30T14:23:33.0757632Z -- Looking for dladdr - found
2026-07-30T14:23:33.0760037Z -- Clang version: 19.1.7
2026-07-30T14:23:33.2564947Z -- Looking for include file sys/inotify.h
2026-07-30T14:23:33.3228298Z -- Looking for include file sys/inotify.h - found
2026-07-30T14:23:33.4178925Z -- Performing Test HAVE_LINKER_FLAG_LONG_PLT
2026-07-30T14:23:33.4628759Z -- Performing Test HAVE_LINKER_FLAG_LONG_PLT - Failed
2026-07-30T14:23:33.8950187Z -- Configuring done (9.0s)
2026-07-30T14:23:35.2743545Z -- Generating done (1.4s)
2026-07-30T14:23:35.2758990Z -- Build files have been written to: /home/runner/work/sekiz-toolchain/sekiz-toolchain/build-native
2026-07-30T14:23:35.4370490Z ninja: Entering directory `build-native'
2026-07-30T14:23:35.9365715Z [1/300] Building CXX object lib/Demangle/CMakeFiles/LLVMDemangle.dir/Demangle.cpp.o
2026-07-30T14:23:35.9668601Z [2/300] Building CXX object lib/Support/CMakeFiles/LLVMSupport.dir/ABIBreak.cpp.o
2026-07-30T14:23:36.2976114Z [3/300] Building CXX object lib/Demangle/CMakeFiles/LLVMDemangle.dir/DLangDemangle.cpp.o
2026-07-30T14:23:37.0945645Z [4/300] Building CXX object lib/Demangle/CMakeFiles/LLVMDemangle.dir/RustDemangle.cpp.o
2026-07-30T14:23:37.9515933Z [5/300] Building CXX object lib/Demangle/CMakeFiles/LLVMDemangle.dir/MicrosoftDemangleNodes.cpp.o
2026-07-30T14:23:39.1075610Z [6/300] Building CXX object lib/Demangle/CMakeFiles/LLVMDemangle.dir/MicrosoftDemangle.cpp.o
2026-07-30T14:23:39.6243832Z [7/300] Building CXX object lib/Support/CMakeFiles/LLVMSupport.dir/APFixedPoint.cpp.o
2026-07-30T14:23:39.6845617Z [8/300] Building CXX object lib/Support/CMakeFiles/LLVMSupport.dir/AMDGPUMetadata.cpp.o
2026-07-30T14:23:40.1865549Z [9/300] Building CXX object lib/Support/CMakeFiles/LLVMSupport.dir/APSInt.cpp.o
2026-07-30T14:23:40.8721693Z [10/300] Building CXX object lib/Support/CMakeFiles/LLVMSupport.dir/ARMBuildAttrs.cpp.o
2026-07-30T14:23:41.1545791Z [11/300] Building CXX object lib/Support/CMakeFiles/LLVMSupport.dir/ARMWinEH.cpp.o
2026-07-30T14:23:41.1915520Z [12/300] Building CXX object lib/Support/CMakeFiles/LLVMSupport.dir/AutoConvert.cpp.o
2026-07-30T14:23:41.8876334Z [13/300] Building CXX object lib/Demangle/CMakeFiles/LLVMDemangle.dir/ItaniumDemangle.cpp.o
2026-07-30T14:23:42.1172728Z [14/300] Building CXX object lib/Support/CMakeFiles/LLVMSupport.dir/Allocator.cpp.o
2026-07-30T14:23:42.3075499Z [15/300] Building CXX object lib/Support/CMakeFiles/LLVMSupport.dir/Base64.cpp.o
2026-07-30T14:23:42.8075571Z [16/300] Linking CXX static library lib/libLLVMDemangle.a
2026-07-30T14:23:42.9865860Z [17/300] Building CXX object lib/Support/CMakeFiles/LLVMSupport.dir/ARMAttributeParser.cpp.o
2026-07-30T14:23:43.2966504Z [18/300] Building CXX object lib/Support/CMakeFiles/LLVMSupport.dir/APInt.cpp.o
2026-07-30T14:23:43.6645638Z [19/300] Building CXX object lib/Support/CMakeFiles/LLVMSupport.dir/BinaryStreamError.cpp.o
2026-07-30T14:23:43.8323654Z [20/300] Building CXX object lib/Support/CMakeFiles/LLVMSupport.dir/APFloat.cpp.o
2026-07-30T14:23:43.8406001Z In file included from /home/runner/work/sekiz-toolchain/sekiz-toolchain/llvm/llvm/include/llvm/ADT/APFloat.h:18,
2026-07-30T14:23:43.8465777Z                  from /home/runner/work/sekiz-toolchain/sekiz-toolchain/llvm/llvm/lib/Support/APFloat.cpp:14:
2026-07-30T14:23:43.8557185Z In member function ‘llvm::APInt& llvm::APInt::clearUnusedBits()’,
2026-07-30T14:23:43.8560085Z     inlined from ‘llvm::APInt::APInt(unsigned int, uint64_t, bool)’ at /home/runner/work/sekiz-toolchain/sekiz-toolchain/llvm/llvm/include/llvm/ADT/APInt.h:115:22,
2026-07-30T14:23:43.8563022Z     inlined from ‘void llvm::detail::{anonymous}::toStringImpl(llvm::SmallVectorImpl<char>&, bool, int, llvm::APInt, unsigned int, unsigned int, bool)’ at /home/runner/work/sekiz-toolchain/sekiz-toolchain/llvm/llvm/lib/Support/APFloat.cpp:4216:28:
2026-07-30T14:23:43.8566355Z /home/runner/work/sekiz-toolchain/sekiz-toolchain/llvm/llvm/include/llvm/ADT/APInt.h:1947:31: warning: array subscript [1, 67108863] is outside array bounds of ‘uint64_t [0]’ [-Warray-bounds=]
2026-07-30T14:23:43.8567985Z  1947 |       U.pVal[getNumWords() - 1] &= mask;
2026-07-30T14:23:43.8568437Z       |       ~~~~~~~~~~~~~~~~~~~~~~~~^
2026-07-30T14:23:43.8569624Z In function ‘void llvm::detail::{anonymous}::toStringImpl(llvm::SmallVectorImpl<char>&, bool, int, llvm::APInt, unsigned int, unsigned int, bool)’:
2026-07-30T14:23:43.8570681Z cc1plus: note: source object is likely at address zero
2026-07-30T14:23:43.8571427Z In member function ‘llvm::APInt& llvm::APInt::clearUnusedBits()’,
2026-07-30T14:23:43.8572899Z     inlined from ‘llvm::APInt::APInt(unsigned int, uint64_t, bool)’ at /home/runner/work/sekiz-toolchain/sekiz-toolchain/llvm/llvm/include/llvm/ADT/APInt.h:115:22,
2026-07-30T14:23:43.8575995Z     inlined from ‘void llvm::detail::{anonymous}::toStringImpl(llvm::SmallVectorImpl<char>&, bool, int, llvm::APInt, unsigned int, unsigned int, bool)’ at /home/runner/work/sekiz-toolchain/sekiz-toolchain/llvm/llvm/lib/Support/APFloat.cpp:4216:28:
2026-07-30T14:23:43.8578890Z /home/runner/work/sekiz-toolchain/sekiz-toolchain/llvm/llvm/include/llvm/ADT/APInt.h:1947:33: warning: array subscript [1, 67108863] is outside array bounds of ‘uint64_t [0]’ [-Warray-bounds=]
2026-07-30T14:23:43.8580299Z  1947 |       U.pVal[getNumWords() - 1] &= mask;
2026-07-30T14:23:43.8580806Z       |       ~~~~~~~~~~~~~~~~~~~~~~~~~~^~~~~~~
2026-07-30T14:23:43.8582160Z In function ‘void llvm::detail::{anonymous}::toStringImpl(llvm::SmallVectorImpl<char>&, bool, int, llvm::APInt, unsigned int, unsigned int, bool)’:
2026-07-30T14:23:43.8583352Z cc1plus: note: source object is likely at address zero
2026-07-30T14:23:44.6185725Z [21/300] Building CXX object lib/Support/CMakeFiles/LLVMSupport.dir/BinaryStreamRef.cpp.o
2026-07-30T14:23:44.7145600Z [22/300] Building CXX object lib/Support/CMakeFiles/LLVMSupport.dir/BlockFrequency.cpp.o
2026-07-30T14:23:44.9252188Z [23/300] Building CXX object lib/Support/CMakeFiles/LLVMSupport.dir/BranchProbability.cpp.o
2026-07-30T14:23:44.9665471Z [24/300] Building CXX object lib/Support/CMakeFiles/LLVMSupport.dir/BuryPointer.cpp.o
2026-07-30T14:23:45.3111720Z [25/300] Building CXX object lib/Support/CMakeFiles/LLVMSupport.dir/BinaryStreamReader.cpp.o
2026-07-30T14:23:45.7625622Z [26/300] Building CXX object lib/Support/CMakeFiles/LLVMSupport.dir/BinaryStreamWriter.cpp.o
2026-07-30T14:23:45.8215605Z [27/300] Building CXX object lib/Support/CMakeFiles/LLVMSupport.dir/COM.cpp.o
2026-07-30T14:23:45.9690246Z [28/300] Building CXX object lib/Support/CMakeFiles/LLVMSupport.dir/circular_raw_ostream.cpp.o
2026-07-30T14:23:46.2334794Z [29/300] Building CXX object lib/Support/CMakeFiles/LLVMSupport.dir/Chrono.cpp.o
2026-07-30T14:23:47.0345561Z [30/300] Building CXX object lib/Support/CMakeFiles/LLVMSupport.dir/CachePruning.cpp.o
2026-07-30T14:23:47.0435505Z [31/300] Building CXX object lib/Support/CMakeFiles/LLVMSupport.dir/Caching.cpp.o
2026-07-30T14:23:47.7095489Z [32/300] Building CXX object lib/Support/CMakeFiles/LLVMSupport.dir/Compression.cpp.o
2026-07-30T14:23:47.8820787Z [33/300] Building CXX object lib/Support/CMakeFiles/LLVMSupport.dir/ConvertUTF.cpp.o
2026-07-30T14:23:48.2595974Z [34/300] Building CXX object lib/Support/CMakeFiles/LLVMSupport.dir/CRC.cpp.o
2026-07-30T14:23:48.5909859Z [35/300] Building CXX object lib/Support/CMakeFiles/LLVMSupport.dir/CodeGenCoverage.cpp.o
2026-07-30T14:23:48.6755849Z [36/300] Building CXX object lib/Support/CMakeFiles/LLVMSupport.dir/ConvertEBCDIC.cpp.o
2026-07-30T14:23:49.2055539Z [37/300] Building CXX object lib/Support/CMakeFiles/LLVMSupport.dir/CrashRecoveryContext.cpp.o
2026-07-30T14:23:49.3715816Z [38/300] Building CXX object lib/Support/CMakeFiles/LLVMSupport.dir/ConvertUTFWrapper.cpp.o
2026-07-30T14:23:49.4455729Z [39/300] Building CXX object lib/Support/CMakeFiles/LLVMSupport.dir/CSKYAttributes.cpp.o
2026-07-30T14:23:50.3760162Z [40/300] Building CXX object lib/Support/CMakeFiles/LLVMSupport.dir/BalancedPartitioning.cpp.o
2026-07-30T14:23:50.6395718Z [41/300] Building CXX object lib/Support/CMakeFiles/LLVMSupport.dir/DataExtractor.cpp.o
2026-07-30T14:23:50.7166186Z [42/300] Building CXX object lib/Support/CMakeFiles/LLVMSupport.dir/CSKYAttributeParser.cpp.o
2026-07-30T14:23:51.2415580Z [43/300] Building CXX object lib/Support/CMakeFiles/LLVMSupport.dir/DivisionByConstantInfo.cpp.o
2026-07-30T14:23:51.3899113Z [44/300] Building CXX object lib/Support/CMakeFiles/LLVMSupport.dir/Debug.cpp.o
2026-07-30T14:23:51.4647626Z [45/300] Building CXX object lib/Support/CMakeFiles/LLVMSupport.dir/DeltaAlgorithm.cpp.o
2026-07-30T14:23:52.6065522Z [46/300] Building CXX object lib/Support/CMakeFiles/LLVMSupport.dir/DynamicAPInt.cpp.o
2026-07-30T14:23:52.8005647Z [47/300] Building CXX object lib/Support/CMakeFiles/LLVMSupport.dir/DJB.cpp.o
2026-07-30T14:23:53.0142156Z [48/300] Building CXX object lib/Support/CMakeFiles/LLVMSupport.dir/DebugCounter.cpp.o
2026-07-30T14:23:53.5565558Z [49/300] Building CXX object lib/Support/CMakeFiles/LLVMSupport.dir/ELFAttributes.cpp.o
2026-07-30T14:23:53.5595515Z [50/300] Building CXX object lib/Support/CMakeFiles/LLVMSupport.dir/DAGDeltaAlgorithm.cpp.o
2026-07-30T14:23:53.6285488Z [51/300] Building CXX object lib/Support/CMakeFiles/LLVMSupport.dir/ExtensibleRTTI.cpp.o
2026-07-30T14:23:54.2846845Z [52/300] Building CXX object lib/Support/CMakeFiles/LLVMSupport.dir/ErrorHandling.cpp.o
2026-07-30T14:23:54.6405967Z [53/300] Building CXX object lib/Support/CMakeFiles/LLVMSupport.dir/ExponentialBackoff.cpp.o
2026-07-30T14:23:55.6375604Z [54/300] Building CXX object lib/Support/CMakeFiles/LLVMSupport.dir/Error.cpp.o
2026-07-30T14:23:55.8625854Z [55/300] Building CXX object lib/Support/CMakeFiles/LLVMSupport.dir/ELFAttributeParser.cpp.o
2026-07-30T14:23:56.1585585Z [56/300] Building CXX object lib/Support/CMakeFiles/LLVMSupport.dir/FileCollector.cpp.o
2026-07-30T14:23:56.4935732Z [57/300] Building CXX object lib/Support/CMakeFiles/LLVMSupport.dir/FileOutputBuffer.cpp.o
2026-07-30T14:23:57.1255639Z [58/300] Building CXX object lib/Support/CMakeFiles/LLVMSupport.dir/FloatingPointMode.cpp.o
2026-07-30T14:23:57.2015329Z [59/300] Building CXX object lib/Support/CMakeFiles/LLVMSupport.dir/CommandLine.cpp.o
2026-07-30T14:23:57.5408933Z [60/300] Building CXX object lib/Support/CMakeFiles/LLVMSupport.dir/FoldingSet.cpp.o
2026-07-30T14:23:57.5695545Z [61/300] Building CXX object lib/Support/CMakeFiles/LLVMSupport.dir/FileUtilities.cpp.o
2026-07-30T14:23:57.6757857Z [62/300] Building CXX object lib/Support/CMakeFiles/LLVMSupport.dir/FormattedStream.cpp.o
2026-07-30T14:23:57.7924481Z [63/300] Building CXX object lib/Support/CMakeFiles/LLVMSupport.dir/FormatVariadic.cpp.o
2026-07-30T14:23:58.7636348Z [64/300] Building CXX object lib/Support/CMakeFiles/LLVMSupport.dir/HexagonAttributeParser.cpp.o
2026-07-30T14:23:58.7665776Z [65/300] Building CXX object lib/Support/CMakeFiles/LLVMSupport.dir/HexagonAttributes.cpp.o
2026-07-30T14:23:59.0172682Z [66/300] Building CXX object lib/Support/CMakeFiles/LLVMSupport.dir/InstructionCost.cpp.o
2026-07-30T14:23:59.3576907Z [67/300] Building CXX object lib/Support/CMakeFiles/LLVMSupport.dir/IntEqClasses.cpp.o
2026-07-30T14:23:59.4555751Z [68/300] Building CXX object lib/Support/CMakeFiles/LLVMSupport.dir/GraphWriter.cpp.o
2026-07-30T14:23:59.5305667Z [69/300] Building CXX object lib/Support/CMakeFiles/LLVMSupport.dir/InitLLVM.cpp.o
2026-07-30T14:23:59.8815818Z [70/300] Building CXX object lib/Support/CMakeFiles/LLVMSupport.dir/IntervalMap.cpp.o
2026-07-30T14:24:00.2395740Z [71/300] Building CXX object lib/Support/CMakeFiles/LLVMSupport.dir/GlobPattern.cpp.o
2026-07-30T14:24:00.3995702Z [72/300] Building CXX object lib/Support/CMakeFiles/LLVMSupport.dir/LEB128.cpp.o
2026-07-30T14:24:00.6339566Z [73/300] Building CXX object lib/Support/CMakeFiles/LLVMSupport.dir/LineIterator.cpp.o
2026-07-30T14:24:00.8599266Z [74/300] Building CXX object lib/Support/CMakeFiles/LLVMSupport.dir/MathExtras.cpp.o
2026-07-30T14:24:00.9645557Z [75/300] Building CXX object lib/Support/CMakeFiles/LLVMSupport.dir/MemAlloc.cpp.o
2026-07-30T14:24:01.1855883Z [76/300] Building CXX object lib/Support/CMakeFiles/LLVMSupport.dir/Locale.cpp.o
2026-07-30T14:24:01.6405874Z [77/300] Building CXX object lib/Support/CMakeFiles/LLVMSupport.dir/ManagedStatic.cpp.o
2026-07-30T14:24:02.3984840Z [78/300] Building CXX object lib/Support/CMakeFiles/LLVMSupport.dir/LockFileManager.cpp.o
2026-07-30T14:24:02.6563927Z [79/300] Building CXX object lib/Support/CMakeFiles/LLVMSupport.dir/MemoryBufferRef.cpp.o
2026-07-30T14:24:03.0655594Z [80/300] Building CXX object lib/Support/CMakeFiles/LLVMSupport.dir/KnownBits.cpp.o
2026-07-30T14:24:03.1275906Z [81/300] Building CXX object lib/Support/CMakeFiles/LLVMSupport.dir/MSP430Attributes.cpp.o
2026-07-30T14:24:03.4905707Z [82/300] Building CXX object lib/Support/CMakeFiles/LLVMSupport.dir/MD5.cpp.o
2026-07-30T14:24:03.7709620Z [83/300] Building CXX object lib/Support/CMakeFiles/LLVMSupport.dir/MemoryBuffer.cpp.o
2026-07-30T14:24:04.1455936Z [84/300] Building CXX object lib/Support/CMakeFiles/LLVMSupport.dir/MSP430AttributeParser.cpp.o
2026-07-30T14:24:04.3595976Z [85/300] Building CXX object lib/Support/CMakeFiles/LLVMSupport.dir/OptimizedStructLayout.cpp.o
2026-07-30T14:24:04.4215715Z [86/300] Building CXX object lib/Support/CMakeFiles/LLVMSupport.dir/Optional.cpp.o
2026-07-30T14:24:04.7072743Z [87/300] Building CXX object lib/Support/CMakeFiles/LLVMSupport.dir/NativeFormatting.cpp.o
2026-07-30T14:24:04.8925770Z [88/300] Building CXX object lib/Support/CMakeFiles/LLVMSupport.dir/JSON.cpp.o
2026-07-30T14:24:05.4161270Z [89/300] Building CXX object lib/Support/CMakeFiles/LLVMSupport.dir/PluginLoader.cpp.o
2026-07-30T14:24:05.4845972Z [90/300] Building CXX object lib/Support/CMakeFiles/LLVMSupport.dir/PrettyStackTrace.cpp.o
2026-07-30T14:24:06.0895809Z [91/300] Building CXX object lib/Support/CMakeFiles/LLVMSupport.dir/PGOOptions.cpp.o
2026-07-30T14:24:06.1495859Z [92/300] Building CXX object lib/Support/CMakeFiles/LLVMSupport.dir/Regex.cpp.o
2026-07-30T14:24:06.4375676Z [93/300] Building CXX object lib/Support/CMakeFiles/LLVMSupport.dir/RISCVAttributes.cpp.o
2026-07-30T14:24:06.7175970Z [94/300] Building CXX object lib/Support/CMakeFiles/LLVMSupport.dir/RISCVAttributeParser.cpp.o
2026-07-30T14:24:07.1025774Z [95/300] Building CXX object lib/Support/CMakeFiles/LLVMSupport.dir/Parallel.cpp.o
2026-07-30T14:24:07.2295569Z [96/300] Building CXX object lib/Support/CMakeFiles/LLVMSupport.dir/RISCVISAUtils.cpp.o
2026-07-30T14:24:07.7865477Z [97/300] Building CXX object lib/Support/CMakeFiles/LLVMSupport.dir/RandomNumberGenerator.cpp.o
2026-07-30T14:24:07.8995632Z [98/300] Building CXX object lib/Support/CMakeFiles/LLVMSupport.dir/ScaledNumber.cpp.o
2026-07-30T14:24:07.9285495Z [99/300] Building CXX object lib/Support/CMakeFiles/LLVMSupport.dir/SHA1.cpp.o
2026-07-30T14:24:08.1125873Z [100/300] Building CXX object lib/Support/CMakeFiles/LLVMSupport.dir/Signposts.cpp.o
2026-07-30T14:24:09.0865530Z [101/300] Building CXX object lib/Support/CMakeFiles/LLVMSupport.dir/SmallPtrSet.cpp.o
2026-07-30T14:24:09.2046014Z [102/300] Building CXX object lib/Support/CMakeFiles/LLVMSupport.dir/SlowDynamicAPInt.cpp.o
2026-07-30T14:24:09.2725771Z [103/300] Building CXX object lib/Support/CMakeFiles/LLVMSupport.dir/SHA256.cpp.o
2026-07-30T14:24:09.5090176Z [104/300] Building CXX object lib/Support/CMakeFiles/LLVMSupport.dir/SipHash.cpp.o
2026-07-30T14:24:09.5365701Z [105/300] Building CXX object lib/Support/CMakeFiles/LLVMSupport.dir/SmallVector.cpp.o
2026-07-30T14:24:10.4935583Z [106/300] Building CXX object lib/Support/CMakeFiles/LLVMSupport.dir/ScopedPrinter.cpp.o
2026-07-30T14:24:10.5677994Z [107/300] Building CXX object lib/Support/CMakeFiles/LLVMSupport.dir/StringExtras.cpp.o
2026-07-30T14:24:10.8115610Z [108/300] Building CXX object lib/Support/CMakeFiles/LLVMSupport.dir/StringMap.cpp.o
2026-07-30T14:24:11.5448174Z [109/300] Building CXX object lib/Support/CMakeFiles/LLVMSupport.dir/SuffixTreeNode.cpp.o
2026-07-30T14:24:11.8055855Z [110/300] Building CXX object lib/Support/CMakeFiles/LLVMSupport.dir/StringSaver.cpp.o
2026-07-30T14:24:11.9875765Z [111/300] Building CXX object lib/Support/CMakeFiles/LLVMSupport.dir/Statistic.cpp.o
2026-07-30T14:24:13.0045915Z [112/300] Building CXX object lib/Support/CMakeFiles/LLVMSupport.dir/SpecialCaseList.cpp.o
2026-07-30T14:24:13.0485920Z [113/300] Building CXX object lib/Support/CMakeFiles/LLVMSupport.dir/SystemUtils.cpp.o
2026-07-30T14:24:13.0876946Z [114/300] Building CXX object lib/Support/CMakeFiles/LLVMSupport.dir/SourceMgr.cpp.o
2026-07-30T14:24:13.5285929Z [115/300] Building CXX object lib/Support/CMakeFiles/LLVMSupport.dir/SuffixTree.cpp.o
2026-07-30T14:24:13.8881912Z [116/300] Building CXX object lib/Support/CMakeFiles/LLVMSupport.dir/StringRef.cpp.o
2026-07-30T14:24:14.0305757Z [117/300] Building CXX object lib/Support/CMakeFiles/LLVMSupport.dir/TarWriter.cpp.o
2026-07-30T14:24:14.9285088Z [118/300] Building CXX object lib/Support/CMakeFiles/LLVMSupport.dir/Twine.cpp.o
2026-07-30T14:24:15.2025745Z [119/300] Building CXX object lib/Support/CMakeFiles/LLVMSupport.dir/ToolOutputFile.cpp.o
2026-07-30T14:24:15.5834106Z [120/300] Building CXX object lib/Support/CMakeFiles/LLVMSupport.dir/TypeSize.cpp.o
2026-07-30T14:24:15.9381626Z [121/300] Building CXX object lib/Support/CMakeFiles/LLVMSupport.dir/UnicodeCaseFold.cpp.o
2026-07-30T14:24:16.1695793Z [122/300] Building CXX object lib/Support/CMakeFiles/LLVMSupport.dir/Unicode.cpp.o
2026-07-30T14:24:16.2525693Z [123/300] Building CXX object lib/Support/CMakeFiles/LLVMSupport.dir/ThreadPool.cpp.o
2026-07-30T14:24:16.7245930Z [124/300] Building CXX object lib/Support/CMakeFiles/LLVMSupport.dir/UnicodeNameToCodepointGenerated.cpp.o
2026-07-30T14:24:17.1795781Z [125/300] Building CXX object lib/Support/CMakeFiles/LLVMSupport.dir/VersionTuple.cpp.o
2026-07-30T14:24:17.7095672Z [126/300] Building CXX object lib/Support/CMakeFiles/LLVMSupport.dir/UnicodeNameToCodepoint.cpp.o
2026-07-30T14:24:17.9965524Z [127/300] Building CXX object lib/Support/CMakeFiles/LLVMSupport.dir/Timer.cpp.o
2026-07-30T14:24:18.4111322Z [128/300] Building CXX object lib/Support/CMakeFiles/LLVMSupport.dir/WithColor.cpp.o
2026-07-30T14:24:18.6015747Z [129/300] Building CXX object lib/Support/CMakeFiles/LLVMSupport.dir/TimeProfiler.cpp.o
2026-07-30T14:24:19.4305661Z [130/300] Building CXX object lib/Support/CMakeFiles/LLVMSupport.dir/raw_os_ostream.cpp.o
2026-07-30T14:24:20.6645745Z [131/300] Building CXX object lib/Support/CMakeFiles/LLVMSupport.dir/raw_socket_stream.cpp.o
2026-07-30T14:24:20.7955212Z [132/300] Building C object lib/Support/CMakeFiles/LLVMSupport.dir/regerror.c.o
2026-07-30T14:24:21.0878481Z [133/300] Building C object lib/Support/CMakeFiles/LLVMSupport.dir/regcomp.c.o
2026-07-30T14:24:21.1725899Z [134/300] Building C object lib/Support/CMakeFiles/LLVMSupport.dir/regfree.c.o
2026-07-30T14:24:21.2445808Z [135/300] Building C object lib/Support/CMakeFiles/LLVMSupport.dir/regstrlcpy.c.o
2026-07-30T14:24:21.7516000Z [136/300] Building CXX object lib/Support/CMakeFiles/LLVMSupport.dir/raw_ostream.cpp.o
2026-07-30T14:24:22.0095656Z [137/300] Building C object lib/Support/CMakeFiles/LLVMSupport.dir/regexec.c.o
2026-07-30T14:24:22.0965970Z [138/300] Building CXX object lib/Support/CMakeFiles/LLVMSupport.dir/Atomic.cpp.o
2026-07-30T14:24:22.8785852Z [139/300] Building CXX object lib/Support/CMakeFiles/LLVMSupport.dir/YAMLParser.cpp.o
2026-07-30T14:24:22.9296218Z [140/300] Building CXX object lib/Support/CMakeFiles/LLVMSupport.dir/xxhash.cpp.o
2026-07-30T14:24:23.2075980Z [141/300] Building CXX object lib/Support/CMakeFiles/LLVMSupport.dir/Z3Solver.cpp.o
2026-07-30T14:24:23.3035939Z [142/300] Building CXX object lib/Support/CMakeFiles/LLVMSupport.dir/YAMLTraits.cpp.o
2026-07-30T14:24:23.3396197Z [143/300] Building CXX object lib/Support/CMakeFiles/LLVMSupport.dir/DynamicLibrary.cpp.o
2026-07-30T14:24:23.3545731Z [144/300] Building CXX object lib/Support/CMakeFiles/LLVMSupport.dir/Errno.cpp.o
2026-07-30T14:24:24.3175476Z [145/300] Building CXX object lib/Support/CMakeFiles/LLVMSupport.dir/RWMutex.cpp.o
2026-07-30T14:24:25.1805554Z [146/300] Building CXX object lib/Support/CMakeFiles/LLVMSupport.dir/Process.cpp.o
2026-07-30T14:24:25.2660610Z [147/300] Building CXX object lib/Support/CMakeFiles/LLVMSupport.dir/Memory.cpp.o
2026-07-30T14:24:25.3286166Z [148/300] Building CXX object lib/Support/CMakeFiles/LLVMSupport.dir/Valgrind.cpp.o
2026-07-30T14:24:25.4145706Z [149/300] Building CXX object lib/Support/CMakeFiles/LLVMSupport.dir/Watchdog.cpp.o
2026-07-30T14:24:25.4535831Z [150/300] Building CXX object lib/Support/CMakeFiles/LLVMSupport.dir/VirtualFileSystem.cpp.o
2026-07-30T14:24:26.6285770Z [151/300] Building CXX object lib/Support/CMakeFiles/LLVMSupport.dir/Threading.cpp.o
2026-07-30T14:24:26.6465783Z [152/300] Building C object lib/Support/BLAKE3/CMakeFiles/LLVMSupportBlake3.dir/blake3_dispatch.c.o
2026-07-30T14:24:27.2469359Z [153/300] Building CXX object lib/Support/CMakeFiles/LLVMSupport.dir/Signals.cpp.o
2026-07-30T14:24:27.3036060Z [154/300] Building ASM object lib/Support/BLAKE3/CMakeFiles/LLVMSupportBlake3.dir/blake3_sse2_x86-64_unix.S.o
2026-07-30T14:24:27.3561496Z [155/300] Building ASM object lib/Support/BLAKE3/CMakeFiles/LLVMSupportBlake3.dir/blake3_sse41_x86-64_unix.S.o
2026-07-30T14:24:27.4066159Z [156/300] Building ASM object lib/Support/BLAKE3/CMakeFiles/LLVMSupportBlake3.dir/blake3_avx2_x86-64_unix.S.o
2026-07-30T14:24:27.4623127Z [157/300] Building ASM object lib/Support/BLAKE3/CMakeFiles/LLVMSupportBlake3.dir/blake3_avx512_x86-64_unix.S.o
2026-07-30T14:24:27.4894936Z [158/300] Building C object lib/Support/BLAKE3/CMakeFiles/LLVMSupportBlake3.dir/blake3_neon.c.o
2026-07-30T14:24:27.5482782Z [159/300] Building CXX object lib/Support/CMakeFiles/LLVMSupport.dir/Program.cpp.o
2026-07-30T14:24:27.6465990Z [160/300] Building C object lib/Support/BLAKE3/CMakeFiles/LLVMSupportBlake3.dir/blake3.c.o
2026-07-30T14:24:27.8515511Z [161/300] Building CXX object lib/Support/CMakeFiles/LLVMSupport.dir/Path.cpp.o
2026-07-30T14:24:27.9465826Z [162/300] Building C object lib/Support/BLAKE3/CMakeFiles/LLVMSupportBlake3.dir/blake3_portable.c.o
2026-07-30T14:24:28.2677672Z [163/300] Linking CXX static library lib/libLLVMSupport.a
2026-07-30T14:24:29.6855748Z [164/300] Building CXX object lib/TableGen/CMakeFiles/LLVMTableGen.dir/Error.cpp.o
2026-07-30T14:24:30.4525767Z [165/300] Building CXX object lib/TableGen/CMakeFiles/LLVMTableGen.dir/DetailedRecordsBackend.cpp.o
2026-07-30T14:24:30.6725807Z [166/300] Building CXX object lib/TableGen/CMakeFiles/LLVMTableGen.dir/Parser.cpp.o
2026-07-30T14:24:31.7685897Z [167/300] Building CXX object lib/TableGen/CMakeFiles/LLVMTableGen.dir/JSONBackend.cpp.o
2026-07-30T14:24:33.1602837Z [168/300] Building CXX object lib/TableGen/CMakeFiles/LLVMTableGen.dir/TableGenBackendSkeleton.cpp.o
2026-07-30T14:24:33.6705590Z [169/300] Building CXX object lib/TableGen/CMakeFiles/LLVMTableGen.dir/StringMatcher.cpp.o
2026-07-30T14:24:33.8185534Z [170/300] Building CXX object lib/TableGen/CMakeFiles/LLVMTableGen.dir/TableGenBackend.cpp.o
2026-07-30T14:24:33.8555602Z [171/300] Building CXX object lib/TableGen/CMakeFiles/LLVMTableGen.dir/Main.cpp.o
2026-07-30T14:24:35.3089685Z [172/300] Building CXX object lib/TableGen/CMakeFiles/LLVMTableGen.dir/TGLexer.cpp.o
2026-07-30T14:24:36.7546650Z [173/300] Building CXX object utils/TableGen/CMakeFiles/llvm-min-tblgen.dir/TableGen.cpp.o
2026-07-30T14:24:36.8625538Z [174/300] Building CXX object lib/TableGen/CMakeFiles/LLVMTableGen.dir/Record.cpp.o
2026-07-30T14:24:37.5005992Z [175/300] Building CXX object lib/TableGen/CMakeFiles/LLVMTableGen.dir/SetTheory.cpp.o
2026-07-30T14:24:38.0125759Z [176/300] Building CXX object utils/TableGen/CMakeFiles/llvm-min-tblgen.dir/Attributes.cpp.o
2026-07-30T14:24:39.7578562Z [177/300] Building CXX object utils/TableGen/CMakeFiles/llvm-min-tblgen.dir/ARMTargetDefEmitter.cpp.o
2026-07-30T14:24:41.4905608Z [178/300] Building CXX object utils/TableGen/CMakeFiles/llvm-min-tblgen.dir/VTEmitter.cpp.o
2026-07-30T14:24:41.5535525Z [179/300] Building CXX object utils/TableGen/CMakeFiles/llvm-min-tblgen.dir/IntrinsicEmitter.cpp.o
2026-07-30T14:24:42.4311982Z [180/300] Building CXX object utils/TableGen/CMakeFiles/llvm-min-tblgen.dir/RISCVTargetDefEmitter.cpp.o
2026-07-30T14:24:43.5475621Z [181/300] Building CXX object lib/TableGen/CMakeFiles/LLVMTableGen.dir/TGParser.cpp.o
2026-07-30T14:24:43.6685884Z [182/300] Building CXX object tools/clang/utils/TableGen/CMakeFiles/clang-tblgen.dir/ASTTableGen.cpp.o
2026-07-30T14:24:43.7575557Z [183/300] Linking CXX static library lib/libLLVMTableGen.a
2026-07-30T14:24:43.8625825Z [184/300] Building CXX object utils/TableGen/Basic/CMakeFiles/obj.LLVMTableGenBasic.dir/SDNodeProperties.cpp.o
2026-07-30T14:24:44.4936070Z [185/300] Building CXX object utils/TableGen/CMakeFiles/llvm-min-tblgen.dir/DirectiveEmitter.cpp.o
2026-07-30T14:24:45.2806076Z [186/300] Building CXX object tools/clang/utils/TableGen/CMakeFiles/clang-tblgen.dir/ClangASTNodesEmitter.cpp.o
2026-07-30T14:24:46.5737221Z [187/300] Building CXX object tools/clang/utils/TableGen/CMakeFiles/clang-tblgen.dir/ClangCommentCommandInfoEmitter.cpp.o
2026-07-30T14:24:48.1665834Z [188/300] Building CXX object tools/clang/utils/TableGen/CMakeFiles/clang-tblgen.dir/ClangCommentHTMLTagsEmitter.cpp.o
2026-07-30T14:24:48.2296108Z [189/300] Building CXX object tools/clang/utils/TableGen/CMakeFiles/clang-tblgen.dir/ClangBuiltinsEmitter.cpp.o
2026-07-30T14:24:48.5265887Z [190/300] Building CXX object tools/clang/utils/TableGen/CMakeFiles/clang-tblgen.dir/ClangCommentHTMLNamedCharacterReferenceEmitter.cpp.o
2026-07-30T14:24:49.6099070Z [191/300] Building CXX object utils/TableGen/Basic/CMakeFiles/obj.LLVMTableGenBasic.dir/CodeGenIntrinsics.cpp.o
2026-07-30T14:24:50.0937955Z [192/300] Linking CXX executable bin/llvm-min-tblgen
2026-07-30T14:24:50.1115538Z [193/300] Building GenVT.inc...
2026-07-30T14:24:50.1205289Z [194/300] Building Attributes.inc...
2026-07-30T14:24:50.1866043Z [195/300] Building CXX object tools/clang/utils/TableGen/CMakeFiles/clang-tblgen.dir/ClangASTPropertiesEmitter.cpp.o
2026-07-30T14:24:50.7385795Z [196/300] Building CXX object tools/clang/utils/TableGen/CMakeFiles/clang-tblgen.dir/ClangDataCollectorsEmitter.cpp.o
2026-07-30T14:24:50.8968810Z [197/300] Building IntrinsicImpl.inc...
2026-07-30T14:24:51.2189409Z [198/300] Building IntrinsicEnums.inc...
2026-07-30T14:24:51.5615662Z [199/300] Building IntrinsicsAArch64.h...
2026-07-30T14:24:51.6146344Z [200/300] Building CXX object tools/clang/utils/TableGen/CMakeFiles/clang-tblgen.dir/ClangOpcodesEmitter.cpp.o
2026-07-30T14:24:52.1505163Z [201/300] Building IntrinsicsBPF.h...
2026-07-30T14:24:52.1857557Z [202/300] Building IntrinsicsAMDGPU.h...
2026-07-30T14:24:52.2145684Z [203/300] Building IntrinsicsDirectX.h...
2026-07-30T14:24:52.5245465Z [204/300] Building IntrinsicsARM.h...
2026-07-30T14:24:52.8155374Z [205/300] Building IntrinsicsMips.h...
2026-07-30T14:24:53.0725913Z [206/300] Building IntrinsicsLoongArch.h...
2026-07-30T14:24:53.1215279Z [207/300] Building IntrinsicsHexagon.h...
2026-07-30T14:24:53.4365459Z [208/300] Building IntrinsicsNVPTX.h...
2026-07-30T14:24:54.0225709Z [209/300] Building IntrinsicsS390.h...
2026-07-30T14:24:54.1155244Z [210/300] Building IntrinsicsR600.h...
2026-07-30T14:24:54.1865502Z [211/300] Building IntrinsicsPowerPC.h...
2026-07-30T14:24:54.2829765Z [212/300] Building IntrinsicsRISCV.h...
2026-07-30T14:24:54.7305773Z [213/300] Building IntrinsicsVE.h...
2026-07-30T14:24:54.9135407Z [214/300] Building IntrinsicsSPIRV.h...
2026-07-30T14:24:55.3875301Z [215/300] Building IntrinsicsX86.h...
2026-07-30T14:24:55.5535324Z [216/300] Building IntrinsicsWebAssembly.h...
2026-07-30T14:24:55.6095293Z [217/300] Building IntrinsicsXCore.h...
2026-07-30T14:24:56.5723946Z [218/300] Building CXX object lib/CodeGenTypes/CMakeFiles/LLVMCodeGenTypes.dir/LowLevelType.cpp.o
2026-07-30T14:24:58.0436455Z [219/300] Building CXX object tools/clang/utils/TableGen/CMakeFiles/clang-tblgen.dir/ClangAttrEmitter.cpp.o
2026-07-30T14:24:59.7432116Z [220/300] Building CXX object tools/clang/utils/TableGen/CMakeFiles/clang-tblgen.dir/ClangDiagnosticsEmitter.cpp.o
2026-07-30T14:24:59.8415725Z [221/300] Building CXX object utils/TableGen/CMakeFiles/llvm-tblgen.dir/ARMTargetDefEmitter.cpp.o
2026-07-30T14:25:03.3755645Z [222/300] Building CXX object utils/TableGen/CMakeFiles/llvm-tblgen.dir/Attributes.cpp.o
2026-07-30T14:25:03.3937865Z [223/300] Building CXX object tools/clang/utils/TableGen/CMakeFiles/clang-tblgen.dir/ClangOpenCLBuiltinEmitter.cpp.o
2026-07-30T14:25:03.4235821Z [224/300] Building CXX object tools/clang/utils/TableGen/CMakeFiles/clang-tblgen.dir/ClangOptionDocEmitter.cpp.o
2026-07-30T14:25:03.9596487Z [225/300] Building CXX object utils/TableGen/CMakeFiles/llvm-tblgen.dir/CallingConvEmitter.cpp.o
2026-07-30T14:25:06.6305646Z [226/300] Building CXX object utils/TableGen/CMakeFiles/llvm-tblgen.dir/CTagsEmitter.cpp.o
2026-07-30T14:25:08.4105798Z [227/300] Building CXX object utils/TableGen/CMakeFiles/llvm-tblgen.dir/CodeGenMapTable.cpp.o
2026-07-30T14:25:09.0466428Z [228/300] Building CXX object utils/TableGen/CMakeFiles/llvm-tblgen.dir/CompressInstEmitter.cpp.o
2026-07-30T14:25:09.2895822Z [229/300] Building CXX object utils/TableGen/CMakeFiles/llvm-tblgen.dir/AsmWriterEmitter.cpp.o
2026-07-30T14:25:10.8973578Z [230/300] Building CXX object utils/TableGen/CMakeFiles/llvm-tblgen.dir/CodeEmitterGen.cpp.o
2026-07-30T14:25:12.3402357Z [231/300] Building CXX object utils/TableGen/CMakeFiles/llvm-tblgen.dir/DAGISelEmitter.cpp.o
2026-07-30T14:25:13.0335674Z [232/300] Building CXX object utils/TableGen/CMakeFiles/llvm-tblgen.dir/DAGISelMatcherOpt.cpp.o
2026-07-30T14:25:15.9486110Z [233/300] Building CXX object utils/TableGen/CMakeFiles/llvm-tblgen.dir/AsmMatcherEmitter.cpp.o
2026-07-30T14:25:16.9709078Z [234/300] Building CXX object utils/TableGen/CMakeFiles/llvm-tblgen.dir/DAGISelMatcherGen.cpp.o
2026-07-30T14:25:18.1611874Z [235/300] Building CXX object utils/TableGen/CMakeFiles/llvm-tblgen.dir/DAGISelMatcherEmitter.cpp.o
2026-07-30T14:25:18.9864796Z [236/300] Building CXX object utils/TableGen/CMakeFiles/llvm-tblgen.dir/DisassemblerEmitter.cpp.o
2026-07-30T14:25:19.7635672Z [237/300] Building CXX object utils/TableGen/CMakeFiles/llvm-tblgen.dir/DFAPacketizerEmitter.cpp.o
2026-07-30T14:25:20.1455565Z [238/300] Building CXX object utils/TableGen/CMakeFiles/llvm-tblgen.dir/DFAEmitter.cpp.o
2026-07-30T14:25:22.2735679Z [239/300] Building CXX object utils/TableGen/CMakeFiles/llvm-tblgen.dir/ExegesisEmitter.cpp.o
2026-07-30T14:25:22.4335590Z [240/300] Building CXX object utils/TableGen/CMakeFiles/llvm-tblgen.dir/DecoderEmitter.cpp.o
2026-07-30T14:25:23.6695812Z [241/300] Building CXX object utils/TableGen/CMakeFiles/llvm-tblgen.dir/DirectiveEmitter.cpp.o
2026-07-30T14:25:25.2295629Z [242/300] Building CXX object utils/TableGen/CMakeFiles/llvm-tblgen.dir/DXILEmitter.cpp.o
2026-07-30T14:25:27.7985801Z [243/300] Building CXX object utils/TableGen/CMakeFiles/llvm-tblgen.dir/InstrDocsEmitter.cpp.o
2026-07-30T14:25:30.1414418Z [244/300] Building CXX object utils/TableGen/CMakeFiles/llvm-tblgen.dir/FastISelEmitter.cpp.o
2026-07-30T14:25:31.8016081Z [245/300] Building CXX object utils/TableGen/CMakeFiles/llvm-tblgen.dir/MacroFusionPredicatorEmitter.cpp.o
2026-07-30T14:25:32.8165856Z [246/300] Building CXX object utils/TableGen/CMakeFiles/llvm-tblgen.dir/IntrinsicEmitter.cpp.o
2026-07-30T14:25:34.4066070Z [247/300] Building CXX object utils/TableGen/CMakeFiles/llvm-tblgen.dir/InstrInfoEmitter.cpp.o
2026-07-30T14:25:34.5941064Z [248/300] Building CXX object utils/TableGen/CMakeFiles/llvm-tblgen.dir/OptRSTEmitter.cpp.o
2026-07-30T14:25:35.7175738Z [249/300] Building CXX object utils/TableGen/CMakeFiles/llvm-tblgen.dir/OptParserEmitter.cpp.o
2026-07-30T14:25:36.4245806Z [250/300] Building CXX object utils/TableGen/CMakeFiles/llvm-tblgen.dir/PseudoLoweringEmitter.cpp.o
2026-07-30T14:25:40.1570582Z [251/300] Building CXX object utils/TableGen/CMakeFiles/llvm-tblgen.dir/RegisterBankEmitter.cpp.o
2026-07-30T14:25:40.1775840Z [252/300] Building CXX object utils/TableGen/CMakeFiles/llvm-tblgen.dir/RISCVTargetDefEmitter.cpp.o
2026-07-30T14:25:41.8472199Z [253/300] Building CXX object utils/TableGen/CMakeFiles/llvm-tblgen.dir/GlobalISelCombinerEmitter.cpp.o
2026-07-30T14:25:41.8517972Z /home/runner/work/sekiz-toolchain/sekiz-toolchain/llvm/llvm/utils/TableGen/GlobalISelCombinerEmitter.cpp: In member function ‘bool {anonymous}::CombineRuleBuilder::emitCXXMatchApply(llvm::CodeExpansions&, llvm::gi::RuleMatcher&, llvm::ArrayRef<llvm::gi::CXXPattern*>)’:
2026-07-30T14:25:41.8567753Z /home/runner/work/sekiz-toolchain/sekiz-toolchain/llvm/llvm/utils/TableGen/GlobalISelCombinerEmitter.cpp:1847:15: warning: possibly dangling reference to a temporary [-Wdangling-reference]
2026-07-30T14:25:41.8595434Z  1847 |   const auto &Code = CXXPredicateCode::getCustomActionCode(CodeStr);
2026-07-30T14:25:41.8605337Z       |               ^~~~
2026-07-30T14:25:41.8637562Z /home/runner/work/sekiz-toolchain/sekiz-toolchain/llvm/llvm/utils/TableGen/GlobalISelCombinerEmitter.cpp:1847:59: note: the temporary was destroyed at the end of the full expression ‘llvm::gi::CXXPredicateCode::getCustomActionCode(std::__cxx11::basic_string<char>(CodeStr))’
2026-07-30T14:25:41.8665395Z  1847 |   const auto &Code = CXXPredicateCode::getCustomActionCode(CodeStr);
2026-07-30T14:25:41.8674973Z       |                      ~~~~~~~~~~~~~~~~~~~~~~~~~~~~~~~~~~~~~^~~~~~~~~
2026-07-30T14:25:43.0465703Z [254/300] Building CXX object utils/TableGen/CMakeFiles/llvm-tblgen.dir/TableGen.cpp.o
2026-07-30T14:25:44.2704140Z [255/300] Building CXX object utils/TableGen/CMakeFiles/llvm-tblgen.dir/GlobalISelEmitter.cpp.o
2026-07-30T14:25:45.1745769Z [256/300] Building CXX object utils/TableGen/CMakeFiles/llvm-tblgen.dir/SearchableTableEmitter.cpp.o
2026-07-30T14:25:45.3532018Z [257/300] Building CXX object utils/TableGen/CMakeFiles/llvm-tblgen.dir/VTEmitter.cpp.o
2026-07-30T14:25:46.9992525Z [258/300] Building CXX object utils/TableGen/CMakeFiles/llvm-tblgen.dir/WebAssemblyDisassemblerEmitter.cpp.o
2026-07-30T14:25:48.9855842Z [259/300] Building CXX object utils/TableGen/CMakeFiles/llvm-tblgen.dir/X86MnemonicTables.cpp.o
2026-07-30T14:25:48.9975586Z [260/300] Building CXX object utils/TableGen/CMakeFiles/llvm-tblgen.dir/RegisterInfoEmitter.cpp.o
2026-07-30T14:25:49.0455982Z [261/300] Building CXX object utils/TableGen/CMakeFiles/llvm-tblgen.dir/X86ModRMFilters.cpp.o
2026-07-30T14:25:49.0825940Z [262/300] Building CXX object utils/TableGen/CMakeFiles/llvm-tblgen.dir/X86DisassemblerTables.cpp.o
2026-07-30T14:25:49.3935824Z [263/300] Building CXX object utils/TableGen/CMakeFiles/llvm-tblgen.dir/X86FoldTablesEmitter.cpp.o
2026-07-30T14:25:51.0155951Z [264/300] Building CXX object utils/TableGen/Common/CMakeFiles/obj.LLVMTableGenCommon.dir/GlobalISel/CodeExpander.cpp.o
2026-07-30T14:25:51.0396045Z [265/300] Building CXX object utils/TableGen/Common/CMakeFiles/obj.LLVMTableGenCommon.dir/GlobalISel/CXXPredicates.cpp.o
2026-07-30T14:25:51.2815785Z [266/300] Building CXX object utils/TableGen/Common/CMakeFiles/obj.LLVMTableGenCommon.dir/GlobalISel/CombinerUtils.cpp.o
2026-07-30T14:25:51.8299659Z [267/300] Building CXX object utils/TableGen/CMakeFiles/llvm-tblgen.dir/SubtargetEmitter.cpp.o
2026-07-30T14:25:52.0045755Z [268/300] Building CXX object utils/TableGen/CMakeFiles/llvm-tblgen.dir/X86InstrMappingEmitter.cpp.o
2026-07-30T14:25:53.3226010Z [269/300] Building CXX object utils/TableGen/CMakeFiles/llvm-tblgen.dir/X86RecognizableInstr.cpp.o
2026-07-30T14:25:55.4636076Z [270/300] Building CXX object utils/TableGen/Common/CMakeFiles/obj.LLVMTableGenCommon.dir/GlobalISel/PatternParser.cpp.o
2026-07-30T14:25:56.6385896Z [271/300] Building CXX object utils/TableGen/Common/CMakeFiles/obj.LLVMTableGenCommon.dir/AsmWriterInst.cpp.o
2026-07-30T14:25:57.1833736Z [272/300] Building CXX object utils/TableGen/Common/CMakeFiles/obj.LLVMTableGenCommon.dir/GlobalISel/GlobalISelMatchTableExecutorEmitter.cpp.o
2026-07-30T14:25:57.4066369Z [273/300] Building CXX object utils/TableGen/Common/CMakeFiles/obj.LLVMTableGenCommon.dir/GlobalISel/Patterns.cpp.o
2026-07-30T14:25:58.4126148Z [274/300] Building CXX object utils/TableGen/Common/CMakeFiles/obj.LLVMTableGenCommon.dir/CodeGenHwModes.cpp.o
2026-07-30T14:26:00.9816136Z [275/300] Building CXX object utils/TableGen/Common/CMakeFiles/obj.LLVMTableGenCommon.dir/CodeGenInstAlias.cpp.o
2026-07-30T14:26:02.6736171Z [276/300] Building CXX object utils/TableGen/Common/CMakeFiles/obj.LLVMTableGenCommon.dir/CodeGenInstruction.cpp.o
2026-07-30T14:26:07.2726345Z [277/300] Building CXX object utils/TableGen/Common/CMakeFiles/obj.LLVMTableGenCommon.dir/DAGISelMatcher.cpp.o
2026-07-30T14:26:09.0524586Z [278/300] Building CXX object utils/TableGen/Common/CMakeFiles/obj.LLVMTableGenCommon.dir/CodeGenTarget.cpp.o
2026-07-30T14:26:10.5286316Z [279/300] Building CXX object utils/TableGen/Common/CMakeFiles/obj.LLVMTableGenCommon.dir/OptEmitter.cpp.o
2026-07-30T14:26:11.2303743Z [280/300] Building CXX object utils/TableGen/Common/CMakeFiles/obj.LLVMTableGenCommon.dir/GlobalISel/GlobalISelMatchTable.cpp.o
2026-07-30T14:26:11.2885916Z [281/300] Building CXX object utils/TableGen/Common/CMakeFiles/obj.LLVMTableGenCommon.dir/CodeGenDAGPatterns.cpp.o
2026-07-30T14:26:11.3205873Z [282/300] Building CXX object utils/TableGen/Common/CMakeFiles/obj.LLVMTableGenCommon.dir/Types.cpp.o
2026-07-30T14:26:11.8085824Z [283/300] Building CXX object utils/TableGen/Common/CMakeFiles/obj.LLVMTableGenCommon.dir/InfoByHwMode.cpp.o
2026-07-30T14:26:12.0295613Z [284/300] Linking CXX static library lib/libLLVMCodeGenTypes.a
2026-07-30T14:26:14.4386770Z [285/300] Building CXX object utils/TableGen/Common/CMakeFiles/obj.LLVMTableGenCommon.dir/PredicateExpander.cpp.o
2026-07-30T14:26:14.7865598Z [286/300] Building CXX object tools/clang/utils/TableGen/CMakeFiles/clang-tblgen.dir/ClangSACheckersEmitter.cpp.o
2026-07-30T14:26:14.8182805Z [287/300] Building CXX object utils/TableGen/Common/CMakeFiles/obj.LLVMTableGenCommon.dir/SubtargetFeatureInfo.cpp.o
2026-07-30T14:26:14.9555798Z [288/300] Building CXX object utils/TableGen/Common/CMakeFiles/obj.LLVMTableGenCommon.dir/CodeGenSchedule.cpp.o
2026-07-30T14:26:16.2409439Z [289/300] Building CXX object utils/TableGen/Common/CMakeFiles/obj.LLVMTableGenCommon.dir/VarLenCodeEmitterGen.cpp.o
2026-07-30T14:26:17.1747417Z [290/300] Building CXX object utils/TableGen/Common/CMakeFiles/obj.LLVMTableGenCommon.dir/CodeGenRegisters.cpp.o
2026-07-30T14:26:17.3456135Z [291/300] Building CXX object tools/clang/utils/TableGen/CMakeFiles/clang-tblgen.dir/ClangTypeNodesEmitter.cpp.o
2026-07-30T14:26:19.3098573Z [292/300] Building CXX object tools/clang/utils/TableGen/CMakeFiles/clang-tblgen.dir/ClangSyntaxEmitter.cpp.o
2026-07-30T14:26:20.4053917Z [293/300] Building CXX object tools/clang/utils/TableGen/CMakeFiles/clang-tblgen.dir/TableGen.cpp.o
2026-07-30T14:26:21.1952714Z [294/300] Linking CXX executable bin/llvm-tblgen
2026-07-30T14:26:21.8612623Z [295/300] Building CXX object tools/clang/utils/TableGen/CMakeFiles/clang-tblgen.dir/RISCVVEmitter.cpp.o
2026-07-30T14:26:23.1919540Z [296/300] Building CXX object tools/clang/utils/TableGen/CMakeFiles/clang-tblgen.dir/SveEmitter.cpp.o
2026-07-30T14:26:23.4373444Z [297/300] Building CXX object tools/clang/lib/Support/CMakeFiles/obj.clangSupport.dir/RISCVVIntrinsicUtils.cpp.o
2026-07-30T14:26:23.6105223Z [298/300] Building CXX object tools/clang/utils/TableGen/CMakeFiles/clang-tblgen.dir/NeonEmitter.cpp.o
2026-07-30T14:26:23.9929766Z [299/300] Building CXX object tools/clang/utils/TableGen/CMakeFiles/clang-tblgen.dir/MveEmitter.cpp.o
2026-07-30T14:26:24.1411699Z [300/300] Linking CXX executable bin/clang-tblgen
2026-07-30T14:26:24.1464573Z ##[group]Run bash scripts/build-wasm.sh
2026-07-30T14:26:24.1464959Z [36;1mbash scripts/build-wasm.sh[0m
2026-07-30T14:26:24.1510358Z shell: /usr/bin/bash -e {0}
2026-07-30T14:26:24.1510833Z env:
2026-07-30T14:26:24.1512533Z   PATH: /home/runner/work/_temp/5ee67089-1751-4b2a-970d-370e21a73492/emsdk-main:/home/runner/work/_temp/5ee67089-1751-4b2a-970d-370e21a73492/emsdk-main/upstream/emscripten:/snap/bin:/home/runner/.local/bin:/opt/pipx_bin:/home/runner/.cargo/bin:/home/runner/.config/composer/vendor/bin:/usr/local/.ghcup/bin:/home/runner/.dotnet/tools:/usr/local/sbin:/usr/local/bin:/usr/sbin:/usr/bin:/sbin:/bin:/usr/games:/usr/local/games
2026-07-30T14:26:24.1514729Z   EMSDK: /home/runner/work/_temp/5ee67089-1751-4b2a-970d-370e21a73492/emsdk-main
2026-07-30T14:26:24.1515442Z   EMSDK_NODE: /home/runner/work/_temp/5ee67089-1751-4b2a-970d-370e21a73492/emsdk-main/node/22.16.0_64bit/bin/node
2026-07-30T14:26:24.1516001Z ##[endgroup]
2026-07-30T14:26:24.3430001Z shared:INFO: (Emscripten: Running sanity checks)
2026-07-30T14:26:24.4490224Z configure: cmake -G Ninja -S llvm/llvm -B build-wasm -DCMAKE_BUILD_TYPE=MinSizeRel -DLLVM_ENABLE_PROJECTS=clang;lld -DLLVM_TARGETS_TO_BUILD=AVR -DLLVM_DEFAULT_TARGET_TRIPLE=avr -DLLVM_TABLEGEN=/home/runner/work/sekiz-toolchain/sekiz-toolchain/build-native/bin/llvm-tblgen -DCLANG_TABLEGEN=/home/runner/work/sekiz-toolchain/sekiz-toolchain/build-native/bin/clang-tblgen -DLLVM_PARALLEL_LINK_JOBS=1 -DLLVM_ENABLE_THREADS=OFF -DLLVM_ENABLE_PIC=OFF -DLLVM_ENABLE_ZLIB=OFF -DLLVM_ENABLE_ZSTD=OFF -DLLVM_ENABLE_LIBXML2=OFF -DLLVM_ENABLE_TERMINFO=OFF -DLLVM_ENABLE_PLUGINS=OFF -DCLANG_PLUGIN_SUPPORT=OFF -DLLVM_INCLUDE_TESTS=OFF -DLLVM_INCLUDE_EXAMPLES=OFF -DLLVM_INCLUDE_BENCHMARKS=OFF -DLLVM_BUILD_LLVM_DYLIB=OFF -DLLVM_LINK_LLVM_DYLIB=OFF "-DCMAKE_EXE_LINKER_FLAGS=-sALLOW_MEMORY_GROWTH=1 -sMAXIMUM_MEMORY=4GB -sSTACK_SIZE=8MB  -sMODULARIZE=1 -sEXPORT_NAME=createModule -sINVOKE_RUN=0 -sEXIT_RUNTIME=1  -sEXPORTED_RUNTIME_METHODS=FS,callMain -sFORCE_FILESYSTEM=1  -sENVIRONMENT=web,worker,node -sWASM_BIGINT -Wl,--strip-debug /home/runner/work/sekiz-toolchain/sekiz-toolchain/wasm_stubs.o" -DCMAKE_TOOLCHAIN_FILE=/home/runner/work/_temp/5ee67089-1751-4b2a-970d-370e21a73492/emsdk-main/upstream/emscripten/cmake/Modules/Platform/Emscripten.cmake -DCMAKE_CROSSCOMPILING_EMULATOR=/home/runner/work/_temp/5ee67089-1751-4b2a-970d-370e21a73492/emsdk-main/node/22.16.0_64bit/bin/node
2026-07-30T14:26:24.4518718Z CMake Deprecation Warning at /home/runner/work/sekiz-toolchain/sekiz-toolchain/llvm/cmake/Modules/CMakePolicy.cmake:6 (cmake_policy):
2026-07-30T14:26:24.4520086Z   The OLD behavior for policy CMP0114 will be removed from a future version
2026-07-30T14:26:24.4520789Z   of CMake.
2026-07-30T14:26:24.4520996Z 
2026-07-30T14:26:24.4521342Z   The cmake-policies(7) manual explains that the OLD behaviors of all
2026-07-30T14:26:24.4522231Z   policies are deprecated and that a policy should be set to OLD only under
2026-07-30T14:26:24.4523146Z   specific short-term circumstances.  Projects should be ported to the NEW
2026-07-30T14:26:24.4523904Z   behavior and not rely on setting a policy to OLD.
2026-07-30T14:26:24.4524719Z Call Stack (most recent call first):
2026-07-30T14:26:24.4525200Z   CMakeLists.txt:6 (include)
2026-07-30T14:26:24.4525473Z 
2026-07-30T14:26:24.4525478Z 
2026-07-30T14:26:24.4526201Z CMake Deprecation Warning at /home/runner/work/sekiz-toolchain/sekiz-toolchain/llvm/cmake/Modules/CMakePolicy.cmake:11 (cmake_policy):
2026-07-30T14:26:24.4527427Z   The OLD behavior for policy CMP0116 will be removed from a future version
2026-07-30T14:26:24.4527974Z   of CMake.
2026-07-30T14:26:24.4528091Z 
2026-07-30T14:26:24.4528282Z   The cmake-policies(7) manual explains that the OLD behaviors of all
2026-07-30T14:26:24.4528810Z   policies are deprecated and that a policy should be set to OLD only under
2026-07-30T14:26:24.4529336Z   specific short-term circumstances.  Projects should be ported to the NEW
2026-07-30T14:26:24.4529758Z   behavior and not rely on setting a policy to OLD.
2026-07-30T14:26:24.4530339Z Call Stack (most recent call first):
2026-07-30T14:26:24.4530616Z   CMakeLists.txt:6 (include)
2026-07-30T14:26:24.4530773Z 
2026-07-30T14:26:24.4530777Z 
2026-07-30T14:26:26.8754003Z -- The ASM compiler identification is unknown
2026-07-30T14:26:26.8766079Z -- Found assembler: /home/runner/work/_temp/5ee67089-1751-4b2a-970d-370e21a73492/emsdk-main/upstream/emscripten/emcc
2026-07-30T14:26:27.0180279Z -- Warning: Did not find file Compiler/-ASM
2026-07-30T14:26:27.0207238Z -- bolt project is disabled
2026-07-30T14:26:27.0207799Z -- clang project is enabled
2026-07-30T14:26:27.0208340Z -- clang-tools-extra project is disabled
2026-07-30T14:26:27.0208925Z -- compiler-rt project is disabled
2026-07-30T14:26:27.0209496Z -- cross-project-tests project is disabled
2026-07-30T14:26:27.0210080Z -- libc project is disabled
2026-07-30T14:26:27.0210563Z -- libclc project is disabled
2026-07-30T14:26:27.0211053Z -- lld project is enabled
2026-07-30T14:26:27.0211554Z -- lldb project is disabled
2026-07-30T14:26:27.0212024Z -- mlir project is disabled
2026-07-30T14:26:27.0212503Z -- openmp project is disabled
2026-07-30T14:26:27.0212996Z -- polly project is disabled
2026-07-30T14:26:27.0213366Z -- pstl project is disabled
2026-07-30T14:26:27.0213705Z -- flang project is disabled
2026-07-30T14:26:27.1323527Z -- Found Python3: /usr/bin/python3.12 (found suitable version "3.12.3", minimum required is "3.0") found components: Interpreter
2026-07-30T14:26:27.1368118Z -- Performing Test LLVM_LIBSTDCXX_MIN
2026-07-30T14:26:29.7918839Z -- Performing Test LLVM_LIBSTDCXX_MIN - Success
2026-07-30T14:26:29.7919776Z -- Performing Test LLVM_LIBSTDCXX_SOFT_ERROR
2026-07-30T14:26:32.2548192Z -- Performing Test LLVM_LIBSTDCXX_SOFT_ERROR - Success
2026-07-30T14:26:32.2561980Z -- Looking for dlfcn.h
2026-07-30T14:26:34.6985052Z -- Looking for dlfcn.h - found
2026-07-30T14:26:34.6985795Z -- Looking for errno.h
2026-07-30T14:26:37.1536326Z -- Looking for errno.h - found
2026-07-30T14:26:37.1537340Z -- Looking for fcntl.h
2026-07-30T14:26:39.5635679Z -- Looking for fcntl.h - found
2026-07-30T14:26:39.5636849Z -- Looking for link.h
2026-07-30T14:26:42.0087525Z -- Looking for link.h - found
2026-07-30T14:26:42.0088080Z -- Looking for malloc/malloc.h
2026-07-30T14:26:42.4912239Z -- Looking for malloc/malloc.h - not found
2026-07-30T14:26:42.4912875Z -- Looking for pthread.h
2026-07-30T14:26:44.9480167Z -- Looking for pthread.h - found
2026-07-30T14:26:44.9480832Z -- Looking for signal.h
2026-07-30T14:26:47.4145027Z -- Looking for signal.h - found
2026-07-30T14:26:47.4145769Z -- Looking for sys/ioctl.h
2026-07-30T14:26:49.8402688Z -- Looking for sys/ioctl.h - found
2026-07-30T14:26:49.8403476Z -- Looking for sys/mman.h
2026-07-30T14:26:52.3039498Z -- Looking for sys/mman.h - found
2026-07-30T14:26:52.3040238Z -- Looking for sys/param.h
2026-07-30T14:26:54.7391901Z -- Looking for sys/param.h - found
2026-07-30T14:26:54.7392504Z -- Looking for sys/resource.h
2026-07-30T14:26:57.1965778Z -- Looking for sys/resource.h - found
2026-07-30T14:26:57.1975019Z -- Looking for sys/stat.h
2026-07-30T14:26:59.6818533Z -- Looking for sys/stat.h - found
2026-07-30T14:26:59.6819170Z -- Looking for sys/time.h
2026-07-30T14:27:02.1368872Z -- Looking for sys/time.h - found
2026-07-30T14:27:02.1369529Z -- Looking for sys/types.h
2026-07-30T14:27:04.6261857Z -- Looking for sys/types.h - found
2026-07-30T14:27:04.6262374Z -- Looking for sysexits.h
2026-07-30T14:27:07.0849241Z -- Looking for sysexits.h - found
2026-07-30T14:27:07.0850114Z -- Looking for termios.h
2026-07-30T14:27:09.5522715Z -- Looking for termios.h - found
2026-07-30T14:27:09.5523438Z -- Looking for unistd.h
2026-07-30T14:27:12.0145598Z -- Looking for unistd.h - found
2026-07-30T14:27:12.0155257Z -- Looking for valgrind/valgrind.h
2026-07-30T14:27:12.4960831Z -- Looking for valgrind/valgrind.h - not found
2026-07-30T14:27:12.4961525Z -- Looking for fenv.h
2026-07-30T14:27:14.9428152Z -- Looking for fenv.h - found
2026-07-30T14:27:14.9430525Z -- Looking for FE_ALL_EXCEPT
2026-07-30T14:27:17.3802228Z -- Looking for FE_ALL_EXCEPT - found
2026-07-30T14:27:17.3804243Z -- Looking for FE_INEXACT
2026-07-30T14:27:17.8553543Z -- Looking for FE_INEXACT - not found
2026-07-30T14:27:17.8555441Z -- Performing Test HAVE_BUILTIN_THREAD_POINTER
2026-07-30T14:27:18.4147124Z -- Performing Test HAVE_BUILTIN_THREAD_POINTER - Failed
2026-07-30T14:27:18.4147782Z -- Looking for mach/mach.h
2026-07-30T14:27:18.8980578Z -- Looking for mach/mach.h - not found
2026-07-30T14:27:18.8981616Z -- Looking for CrashReporterClient.h
2026-07-30T14:27:19.3792688Z -- Looking for CrashReporterClient.h - not found
2026-07-30T14:27:19.3793497Z -- Looking for pthread_create in pthread
2026-07-30T14:27:21.8360079Z -- Looking for pthread_create in pthread - found
2026-07-30T14:27:21.8360927Z -- Looking for pthread_rwlock_init in pthread
2026-07-30T14:27:24.3180988Z -- Looking for pthread_rwlock_init in pthread - found
2026-07-30T14:27:24.3181621Z -- Looking for pthread_mutex_lock in pthread
2026-07-30T14:27:26.7638569Z -- Looking for pthread_mutex_lock in pthread - found
2026-07-30T14:27:26.7645128Z -- Looking for dlopen in dl
2026-07-30T14:27:29.2326225Z -- Looking for dlopen in dl - found
2026-07-30T14:27:29.2334938Z -- Looking for clock_gettime in rt
2026-07-30T14:27:31.6857733Z -- Looking for clock_gettime in rt - found
2026-07-30T14:27:31.6863029Z -- Looking for pfm_initialize in pfm
2026-07-30T14:27:32.3381429Z -- Looking for pfm_initialize in pfm - not found
2026-07-30T14:27:32.3390247Z -- Performing Test CMAKE_HAVE_LIBC_PTHREAD
2026-07-30T14:27:34.8137546Z -- Performing Test CMAKE_HAVE_LIBC_PTHREAD - Success
2026-07-30T14:27:34.8147520Z -- Found Threads: TRUE
2026-07-30T14:27:34.8273278Z -- Could NOT find LibEdit (missing: LibEdit_INCLUDE_DIRS LibEdit_LIBRARIES) 
2026-07-30T14:27:34.8276593Z -- Looking for arc4random
2026-07-30T14:27:35.3020308Z -- Looking for arc4random - not found
2026-07-30T14:27:35.3055291Z -- Looking for backtrace
2026-07-30T14:27:35.7926539Z -- Looking for backtrace - not found
2026-07-30T14:27:35.7970317Z -- Could NOT find Backtrace (missing: Backtrace_LIBRARY Backtrace_INCLUDE_DIR) 
2026-07-30T14:27:35.7978555Z -- Performing Test C_SUPPORTS_WERROR_UNGUARDED_AVAILABILITY_NEW
2026-07-30T14:27:38.2446367Z -- Performing Test C_SUPPORTS_WERROR_UNGUARDED_AVAILABILITY_NEW - Success
2026-07-30T14:27:38.2449608Z -- Looking for __register_frame
2026-07-30T14:27:38.9070991Z -- Looking for __register_frame - not found
2026-07-30T14:27:38.9073218Z -- Looking for __deregister_frame
2026-07-30T14:27:39.5736122Z -- Looking for __deregister_frame - not found
2026-07-30T14:27:39.5739179Z -- Looking for __unw_add_dynamic_fde
2026-07-30T14:27:40.2493551Z -- Looking for __unw_add_dynamic_fde - not found
2026-07-30T14:27:40.2496186Z -- Looking for _Unwind_Backtrace
2026-07-30T14:27:42.7733610Z -- Looking for _Unwind_Backtrace - found
2026-07-30T14:27:42.7736470Z -- Looking for getpagesize
2026-07-30T14:27:45.2584135Z -- Looking for getpagesize - found
2026-07-30T14:27:45.2586253Z -- Looking for sysconf
2026-07-30T14:27:47.7595479Z -- Looking for sysconf - found
2026-07-30T14:27:47.7597546Z -- Looking for getrusage
2026-07-30T14:27:50.2861605Z -- Looking for getrusage - found
2026-07-30T14:27:50.2863403Z -- Looking for setrlimit
2026-07-30T14:27:52.7546370Z -- Looking for setrlimit - found
2026-07-30T14:27:52.7548615Z -- Looking for isatty
2026-07-30T14:27:55.2412310Z -- Looking for isatty - found
2026-07-30T14:27:55.2414484Z -- Looking for futimens
2026-07-30T14:27:57.7541648Z -- Looking for futimens - found
2026-07-30T14:27:57.7543631Z -- Looking for futimes
2026-07-30T14:27:58.4326209Z -- Looking for futimes - not found
2026-07-30T14:27:58.4328464Z -- Looking for sigaltstack
2026-07-30T14:28:00.8805534Z -- Looking for sigaltstack - found
2026-07-30T14:28:00.8807683Z -- Looking for mallctl
2026-07-30T14:28:01.3787089Z -- Looking for mallctl - not found
2026-07-30T14:28:01.3789068Z -- Looking for mallinfo
2026-07-30T14:28:03.8738483Z -- Looking for mallinfo - found
2026-07-30T14:28:03.8740416Z -- Looking for mallinfo2
2026-07-30T14:28:04.3575375Z -- Looking for mallinfo2 - not found
2026-07-30T14:28:04.3577347Z -- Looking for malloc_zone_statistics
2026-07-30T14:28:04.8535852Z -- Looking for malloc_zone_statistics - not found
2026-07-30T14:28:04.8538467Z -- Looking for getrlimit
2026-07-30T14:28:07.3487136Z -- Looking for getrlimit - found
2026-07-30T14:28:07.3489205Z -- Looking for posix_spawn
2026-07-30T14:28:09.7999755Z -- Looking for posix_spawn - found
2026-07-30T14:28:09.8001779Z -- Looking for pread
2026-07-30T14:28:12.3163176Z -- Looking for pread - found
2026-07-30T14:28:12.3165233Z -- Looking for sbrk
2026-07-30T14:28:14.7841523Z -- Looking for sbrk - found
2026-07-30T14:28:14.7843427Z -- Looking for strerror_r
2026-07-30T14:28:17.2572002Z -- Looking for strerror_r - found
2026-07-30T14:28:17.2574061Z -- Looking for strerror_s
2026-07-30T14:28:17.7497332Z -- Looking for strerror_s - not found
2026-07-30T14:28:17.7499259Z -- Looking for setenv
2026-07-30T14:28:20.2803467Z -- Looking for setenv - found
2026-07-30T14:28:20.2806052Z -- Performing Test HAVE_STRUCT_STAT_ST_MTIMESPEC_TV_NSEC
2026-07-30T14:28:20.7660745Z -- Performing Test HAVE_STRUCT_STAT_ST_MTIMESPEC_TV_NSEC - Failed
2026-07-30T14:28:20.7662097Z -- Performing Test HAVE_STRUCT_STAT_ST_MTIM_TV_NSEC
2026-07-30T14:28:23.2512182Z -- Performing Test HAVE_STRUCT_STAT_ST_MTIM_TV_NSEC - Success
2026-07-30T14:28:23.2513647Z -- Looking for __GLIBC__
2026-07-30T14:28:23.7498928Z -- Looking for __GLIBC__ - not found
2026-07-30T14:28:23.7501389Z -- Looking for pthread_getname_np
2026-07-30T14:28:24.2393271Z -- Looking for pthread_getname_np - not found
2026-07-30T14:28:24.2395582Z -- Looking for pthread_setname_np
2026-07-30T14:28:24.7190192Z -- Looking for pthread_setname_np - not found
2026-07-30T14:28:24.7192124Z -- Looking for dlopen
2026-07-30T14:28:27.3296651Z -- Looking for dlopen - found
2026-07-30T14:28:27.3298881Z -- Looking for dladdr
2026-07-30T14:28:29.8591939Z -- Looking for dladdr - found
2026-07-30T14:28:29.8594108Z -- Looking for proc_pid_rusage
2026-07-30T14:28:30.3553107Z -- Looking for proc_pid_rusage - not found
2026-07-30T14:28:30.3559287Z -- Performing Test HAVE_CXX_ATOMICS_WITHOUT_LIB
2026-07-30T14:28:32.9384739Z -- Performing Test HAVE_CXX_ATOMICS_WITHOUT_LIB - Success
2026-07-30T14:28:32.9385940Z -- Performing Test HAVE_CXX_ATOMICS64_WITHOUT_LIB
2026-07-30T14:28:35.5262372Z -- Performing Test HAVE_CXX_ATOMICS64_WITHOUT_LIB - Success
2026-07-30T14:28:35.5263616Z -- Performing Test LLVM_HAS_ATOMICS
2026-07-30T14:28:38.0087640Z -- Performing Test LLVM_HAS_ATOMICS - Success
2026-07-30T14:28:38.0179354Z -- LLVM host triple: x86_64-unknown-linux-gnu
2026-07-30T14:28:38.0186286Z -- Native target X86 is not selected; lli will not JIT code
2026-07-30T14:28:38.0186713Z -- Threads disabled.
2026-07-30T14:28:38.0186978Z -- Doxygen disabled.
2026-07-30T14:28:38.0206612Z -- Ninja version: 1.13.2
2026-07-30T14:28:38.0222057Z -- Could NOT find OCaml (missing: OCAMLFIND OCAML_VERSION OCAML_STDLIB_PATH) 
2026-07-30T14:28:38.0237847Z -- Could NOT find OCaml (missing: OCAMLFIND OCAML_VERSION OCAML_STDLIB_PATH) 
2026-07-30T14:28:38.0238667Z -- OCaml bindings disabled.
2026-07-30T14:28:38.0431488Z -- Found Python module pygments
2026-07-30T14:28:38.0731640Z -- Found Python module pygments.lexers.c_cpp
2026-07-30T14:28:38.1131964Z -- Found Python module yaml
2026-07-30T14:28:38.1143148Z -- LLVM default target triple: avr
2026-07-30T14:28:38.1180538Z -- Performing Test SUPPORTS_FVISIBILITY_INLINES_HIDDEN_FLAG
2026-07-30T14:28:40.5943529Z -- Performing Test SUPPORTS_FVISIBILITY_INLINES_HIDDEN_FLAG - Success
2026-07-30T14:28:40.5955679Z -- Performing Test C_SUPPORTS_CXX98_COMPAT_EXTRA_SEMI_FLAG
2026-07-30T14:28:43.0982547Z -- Performing Test C_SUPPORTS_CXX98_COMPAT_EXTRA_SEMI_FLAG - Success
2026-07-30T14:28:43.0991570Z -- Performing Test CXX_SUPPORTS_CXX98_COMPAT_EXTRA_SEMI_FLAG
2026-07-30T14:28:45.5758489Z -- Performing Test CXX_SUPPORTS_CXX98_COMPAT_EXTRA_SEMI_FLAG - Success
2026-07-30T14:28:45.5768530Z -- Performing Test CXX_SUPPORTS_SUGGEST_OVERRIDE_FLAG
2026-07-30T14:28:48.0520243Z -- Performing Test CXX_SUPPORTS_SUGGEST_OVERRIDE_FLAG - Success
2026-07-30T14:28:48.0522092Z -- Performing Test CXX_WSUGGEST_OVERRIDE_ALLOWS_ONLY_FINAL
2026-07-30T14:28:50.5681686Z -- Performing Test CXX_WSUGGEST_OVERRIDE_ALLOWS_ONLY_FINAL - Success
2026-07-30T14:28:50.5682795Z -- Performing Test C_WCOMMENT_ALLOWS_LINE_WRAP
2026-07-30T14:28:53.0486290Z -- Performing Test C_WCOMMENT_ALLOWS_LINE_WRAP - Success
2026-07-30T14:28:53.0494433Z -- Performing Test C_SUPPORTS_MISLEADING_INDENTATION_FLAG
2026-07-30T14:28:55.5449598Z -- Performing Test C_SUPPORTS_MISLEADING_INDENTATION_FLAG - Success
2026-07-30T14:28:55.5458108Z -- Performing Test CXX_SUPPORTS_MISLEADING_INDENTATION_FLAG
2026-07-30T14:28:57.9755634Z -- Performing Test CXX_SUPPORTS_MISLEADING_INDENTATION_FLAG - Success
2026-07-30T14:28:57.9763808Z -- Performing Test C_SUPPORTS_CTAD_MAYBE_UNSPPORTED_FLAG
2026-07-30T14:29:00.4512047Z -- Performing Test C_SUPPORTS_CTAD_MAYBE_UNSPPORTED_FLAG - Success
2026-07-30T14:29:00.4520568Z -- Performing Test CXX_SUPPORTS_CTAD_MAYBE_UNSPPORTED_FLAG
2026-07-30T14:29:02.9287110Z -- Performing Test CXX_SUPPORTS_CTAD_MAYBE_UNSPPORTED_FLAG - Success
2026-07-30T14:29:02.9299495Z -- Performing Test LINKER_SUPPORTS_COLOR_DIAGNOSTICS
2026-07-30T14:29:05.3412645Z -- Performing Test LINKER_SUPPORTS_COLOR_DIAGNOSTICS - Success
2026-07-30T14:29:05.3420590Z -- Looking for os_signpost_interval_begin
2026-07-30T14:29:05.8369649Z -- Looking for os_signpost_interval_begin - not found
2026-07-30T14:29:06.2004575Z -- Linker detection: LLD
2026-07-30T14:29:06.2070734Z -- Setting native build dir to /home/runner/work/sekiz-toolchain/sekiz-toolchain/build-wasm/NATIVE
2026-07-30T14:29:06.2189087Z -- Performing Test HAS_WERROR_GLOBAL_CTORS
2026-07-30T14:29:08.6793427Z -- Performing Test HAS_WERROR_GLOBAL_CTORS - Success
2026-07-30T14:29:08.6795770Z -- Performing Test LLVM_HAS_NOGLOBAL_CTOR_MUTEX
2026-07-30T14:29:09.6939104Z -- Performing Test LLVM_HAS_NOGLOBAL_CTOR_MUTEX - Failed
2026-07-30T14:29:09.6952139Z -- Looking for __x86_64__
2026-07-30T14:29:10.1837530Z -- Looking for __x86_64__ - not found
2026-07-30T14:29:10.2397676Z -- Found Git: /usr/bin/git (found version "2.54.0")
2026-07-30T14:29:10.4098960Z -- Looking for logf128
2026-07-30T14:29:10.9583806Z -- Looking for logf128 - not found
2026-07-30T14:29:11.0637904Z -- Targeting AVR
2026-07-30T14:29:11.1877442Z CMake Deprecation Warning at /home/runner/work/sekiz-toolchain/sekiz-toolchain/llvm/cmake/Modules/CMakePolicy.cmake:6 (cmake_policy):
2026-07-30T14:29:11.1879098Z   The OLD behavior for policy CMP0114 will be removed from a future version
2026-07-30T14:29:11.1879921Z   of CMake.
2026-07-30T14:29:11.1880160Z 
2026-07-30T14:29:11.1880632Z   The cmake-policies(7) manual explains that the OLD behaviors of all
2026-07-30T14:29:11.1881806Z   policies are deprecated and that a policy should be set to OLD only under
2026-07-30T14:29:11.1882554Z   specific short-term circumstances.  Projects should be ported to the NEW
2026-07-30T14:29:11.1883176Z   behavior and not rely on setting a policy to OLD.
2026-07-30T14:29:11.1883655Z Call Stack (most recent call first):
2026-07-30T14:29:11.1884626Z   /home/runner/work/sekiz-toolchain/sekiz-toolchain/llvm/lld/CMakeLists.txt:7 (include)
2026-07-30T14:29:11.1885454Z 
2026-07-30T14:29:11.1885486Z 
2026-07-30T14:29:11.1886122Z CMake Deprecation Warning at /home/runner/work/sekiz-toolchain/sekiz-toolchain/llvm/cmake/Modules/CMakePolicy.cmake:11 (cmake_policy):
2026-07-30T14:29:11.1887156Z   The OLD behavior for policy CMP0116 will be removed from a future version
2026-07-30T14:29:11.1887686Z   of CMake.
2026-07-30T14:29:11.1887834Z 
2026-07-30T14:29:11.1888091Z   The cmake-policies(7) manual explains that the OLD behaviors of all
2026-07-30T14:29:11.1888768Z   policies are deprecated and that a policy should be set to OLD only under
2026-07-30T14:29:11.1889469Z   specific short-term circumstances.  Projects should be ported to the NEW
2026-07-30T14:29:11.1890066Z   behavior and not rely on setting a policy to OLD.
2026-07-30T14:29:11.1890769Z Call Stack (most recent call first):
2026-07-30T14:29:11.1891371Z   /home/runner/work/sekiz-toolchain/sekiz-toolchain/llvm/lld/CMakeLists.txt:7 (include)
2026-07-30T14:29:11.1891737Z 
2026-07-30T14:29:11.1891748Z 
2026-07-30T14:29:11.1897367Z -- LLD version: 19.1.7
2026-07-30T14:29:11.2329446Z CMake Deprecation Warning at /home/runner/work/sekiz-toolchain/sekiz-toolchain/llvm/cmake/Modules/CMakePolicy.cmake:6 (cmake_policy):
2026-07-30T14:29:11.2330764Z   The OLD behavior for policy CMP0114 will be removed from a future version
2026-07-30T14:29:11.2331387Z   of CMake.
2026-07-30T14:29:11.2331578Z 
2026-07-30T14:29:11.2331900Z   The cmake-policies(7) manual explains that the OLD behaviors of all
2026-07-30T14:29:11.2332754Z   policies are deprecated and that a policy should be set to OLD only under
2026-07-30T14:29:11.2333626Z   specific short-term circumstances.  Projects should be ported to the NEW
2026-07-30T14:29:11.2334658Z   behavior and not rely on setting a policy to OLD.
2026-07-30T14:29:11.2335251Z Call Stack (most recent call first):
2026-07-30T14:29:11.2336012Z   /home/runner/work/sekiz-toolchain/sekiz-toolchain/llvm/clang/CMakeLists.txt:7 (include)
2026-07-30T14:29:11.2336644Z 
2026-07-30T14:29:11.2336651Z 
2026-07-30T14:29:11.2337441Z CMake Deprecation Warning at /home/runner/work/sekiz-toolchain/sekiz-toolchain/llvm/cmake/Modules/CMakePolicy.cmake:11 (cmake_policy):
2026-07-30T14:29:11.2338714Z   The OLD behavior for policy CMP0116 will be removed from a future version
2026-07-30T14:29:11.2339361Z   of CMake.
2026-07-30T14:29:11.2339544Z 
2026-07-30T14:29:11.2339868Z   The cmake-policies(7) manual explains that the OLD behaviors of all
2026-07-30T14:29:11.2340679Z   policies are deprecated and that a policy should be set to OLD only under
2026-07-30T14:29:11.2341557Z   specific short-term circumstances.  Projects should be ported to the NEW
2026-07-30T14:29:11.2342307Z   behavior and not rely on setting a policy to OLD.
2026-07-30T14:29:11.2342849Z Call Stack (most recent call first):
2026-07-30T14:29:11.2343606Z   /home/runner/work/sekiz-toolchain/sekiz-toolchain/llvm/clang/CMakeLists.txt:7 (include)
2026-07-30T14:29:11.2344436Z 
2026-07-30T14:29:11.2344456Z 
2026-07-30T14:29:11.2356948Z -- Looking for sys/resource.h
2026-07-30T14:29:13.7100368Z -- Looking for sys/resource.h - found
2026-07-30T14:29:13.7100999Z -- Looking for dlfcn.h
2026-07-30T14:29:16.1652291Z -- Looking for dlfcn.h - found
2026-07-30T14:29:16.1659689Z -- Looking for dladdr
2026-07-30T14:29:18.6278214Z -- Looking for dladdr - found
2026-07-30T14:29:18.6281142Z -- Clang version: 19.1.7
2026-07-30T14:29:18.8959675Z -- Performing Test HAVE_LINKER_FLAG_LONG_PLT
2026-07-30T14:29:19.5383722Z -- Performing Test HAVE_LINKER_FLAG_LONG_PLT - Failed
2026-07-30T14:29:19.5886838Z -- BugpointPasses ignored -- Loadable modules not supported on this platform.
2026-07-30T14:29:19.9111738Z -- Configuring done (175.5s)
2026-07-30T14:29:21.0666364Z -- Generating done (1.2s)
2026-07-30T14:29:21.0666714Z CMake Warning:
2026-07-30T14:29:21.0667063Z   Manually-specified variables were not used by the project:
2026-07-30T14:29:21.0667365Z 
2026-07-30T14:29:21.0667469Z     LLVM_ENABLE_TERMINFO
2026-07-30T14:29:21.0667625Z 
2026-07-30T14:29:21.0667629Z 
2026-07-30T14:29:21.0679143Z -- Build files have been written to: /home/runner/work/sekiz-toolchain/sekiz-toolchain/build-wasm
2026-07-30T14:29:21.1917403Z ninja: Entering directory `build-wasm'
2026-07-30T14:29:22.5915824Z [1/1574] Building CXX object lib/Demangle/CMakeFiles/LLVMDemangle.dir/Demangle.cpp.o
2026-07-30T14:29:22.8214774Z [2/1574] Building ARMTargetParserDef.inc...
2026-07-30T14:29:23.5296777Z [3/1574] Building CXX object lib/Demangle/CMakeFiles/LLVMDemangle.dir/MicrosoftDemangleNodes.cpp.o
2026-07-30T14:29:23.6665601Z [4/1574] Building CXX object lib/Demangle/CMakeFiles/LLVMDemangle.dir/RustDemangle.cpp.o
2026-07-30T14:29:23.8701080Z [5/1574] Building CXX object lib/Support/CMakeFiles/LLVMSupport.dir/ABIBreak.cpp.o
2026-07-30T14:29:24.0376780Z [6/1574] Building CXX object lib/Demangle/CMakeFiles/LLVMDemangle.dir/MicrosoftDemangle.cpp.o
2026-07-30T14:29:24.6485873Z [7/1574] Building CXX object lib/Demangle/CMakeFiles/LLVMDemangle.dir/DLangDemangle.cpp.o
2026-07-30T14:29:24.6505217Z [8/1574] Building AArch64TargetParserDef.inc...
2026-07-30T14:29:25.5824765Z [9/1574] Building CXX object lib/Demangle/CMakeFiles/LLVMDemangle.dir/ItaniumDemangle.cpp.o
2026-07-30T14:29:25.9785337Z [10/1574] Linking CXX static library lib/libLLVMDemangle.a
2026-07-30T14:29:27.8822403Z [11/1574] Building CXX object lib/Support/CMakeFiles/LLVMSupport.dir/ARMBuildAttrs.cpp.o
2026-07-30T14:29:28.0085971Z [12/1574] Building CXX object lib/Support/CMakeFiles/LLVMSupport.dir/APFixedPoint.cpp.o
2026-07-30T14:29:28.1609445Z [13/1574] Building CXX object lib/Support/CMakeFiles/LLVMSupport.dir/APSInt.cpp.o
2026-07-30T14:29:28.9345538Z [14/1574] Building CXX object lib/Support/CMakeFiles/LLVMSupport.dir/APInt.cpp.o
2026-07-30T14:29:28.9465728Z [15/1574] Building CXX object lib/Support/CMakeFiles/LLVMSupport.dir/AMDGPUMetadata.cpp.o
2026-07-30T14:29:29.2315635Z [16/1574] Building CXX object lib/Support/CMakeFiles/LLVMSupport.dir/AutoConvert.cpp.o
2026-07-30T14:29:30.8764844Z [17/1574] Building CXX object lib/Support/CMakeFiles/LLVMSupport.dir/APFloat.cpp.o
2026-07-30T14:29:30.8875773Z [18/1574] Building CXX object lib/Support/CMakeFiles/LLVMSupport.dir/Allocator.cpp.o
2026-07-30T14:29:31.2505517Z [19/1574] Building CXX object lib/Support/CMakeFiles/LLVMSupport.dir/ARMWinEH.cpp.o
2026-07-30T14:29:32.9106329Z [20/1574] Building CXX object lib/Support/CMakeFiles/LLVMSupport.dir/Base64.cpp.o
2026-07-30T14:29:33.2855639Z [21/1574] Building CXX object lib/Support/CMakeFiles/LLVMSupport.dir/ARMAttributeParser.cpp.o
2026-07-30T14:29:33.8996241Z [22/1574] Building CXX object lib/Support/CMakeFiles/LLVMSupport.dir/BinaryStreamError.cpp.o
2026-07-30T14:29:34.2116091Z [23/1574] Building CXX object lib/Support/CMakeFiles/LLVMSupport.dir/BinaryStreamReader.cpp.o
2026-07-30T14:29:35.7204506Z [24/1574] Building CXX object lib/Support/CMakeFiles/LLVMSupport.dir/BinaryStreamRef.cpp.o
2026-07-30T14:29:35.7401797Z [25/1574] Building CXX object lib/Support/CMakeFiles/LLVMSupport.dir/BuryPointer.cpp.o
2026-07-30T14:29:35.9405976Z [26/1574] Building CXX object lib/Support/CMakeFiles/LLVMSupport.dir/BalancedPartitioning.cpp.o
2026-07-30T14:29:36.0565715Z [27/1574] Building CXX object lib/Support/CMakeFiles/LLVMSupport.dir/BinaryStreamWriter.cpp.o
2026-07-30T14:29:36.5678568Z [28/1574] Building CXX object lib/Support/CMakeFiles/LLVMSupport.dir/BranchProbability.cpp.o
2026-07-30T14:29:36.9475900Z [29/1574] Building CXX object lib/Support/CMakeFiles/LLVMSupport.dir/COM.cpp.o
2026-07-30T14:29:37.2176044Z [30/1574] Building CXX object lib/Support/CMakeFiles/LLVMSupport.dir/BlockFrequency.cpp.o
2026-07-30T14:29:39.0466178Z [31/1574] Building CXX object lib/Support/CMakeFiles/LLVMSupport.dir/circular_raw_ostream.cpp.o
2026-07-30T14:29:39.2775843Z [32/1574] Building CXX object lib/Support/CMakeFiles/LLVMSupport.dir/Chrono.cpp.o
2026-07-30T14:29:39.7695703Z [33/1574] Building CXX object lib/Support/CMakeFiles/LLVMSupport.dir/CachePruning.cpp.o
2026-07-30T14:29:40.9545672Z [34/1574] Building CXX object lib/Support/CMakeFiles/LLVMSupport.dir/Caching.cpp.o
2026-07-30T14:29:41.0275689Z [35/1574] Building CXX object lib/Support/CMakeFiles/LLVMSupport.dir/CRC.cpp.o
2026-07-30T14:29:41.2256000Z [36/1574] Building CXX object lib/Support/CMakeFiles/LLVMSupport.dir/ConvertUTF.cpp.o
2026-07-30T14:29:42.2826221Z [37/1574] Building CXX object lib/Support/CMakeFiles/LLVMSupport.dir/CodeGenCoverage.cpp.o
2026-07-30T14:29:42.3375887Z [38/1574] Building CXX object lib/Support/CMakeFiles/LLVMSupport.dir/Compression.cpp.o
2026-07-30T14:29:43.1196055Z [39/1574] Building CXX object lib/Support/CMakeFiles/LLVMSupport.dir/ConvertEBCDIC.cpp.o
2026-07-30T14:29:43.5285766Z [40/1574] Building CXX object lib/Support/CMakeFiles/LLVMSupport.dir/CrashRecoveryContext.cpp.o
2026-07-30T14:29:43.7646744Z [41/1574] Building CXX object lib/Support/CMakeFiles/LLVMSupport.dir/ConvertUTFWrapper.cpp.o
2026-07-30T14:29:44.7672858Z [42/1574] Building CXX object lib/Support/CMakeFiles/LLVMSupport.dir/CSKYAttributes.cpp.o
2026-07-30T14:29:46.4126684Z [43/1574] Building CXX object lib/Support/CMakeFiles/LLVMSupport.dir/CSKYAttributeParser.cpp.o
2026-07-30T14:29:46.9021485Z [44/1574] Building CXX object lib/Support/CMakeFiles/LLVMSupport.dir/Debug.cpp.o
2026-07-30T14:29:47.1085991Z [45/1574] Building CXX object lib/Support/CMakeFiles/LLVMSupport.dir/DataExtractor.cpp.o
2026-07-30T14:29:47.1233210Z [46/1574] Building CXX object lib/Support/CMakeFiles/LLVMSupport.dir/DebugCounter.cpp.o
2026-07-30T14:29:47.2407581Z [47/1574] Building CXX object lib/Support/CMakeFiles/LLVMSupport.dir/CommandLine.cpp.o
2026-07-30T14:29:47.2735979Z [48/1574] Building CXX object lib/Support/CMakeFiles/LLVMSupport.dir/DivisionByConstantInfo.cpp.o
2026-07-30T14:29:48.4310309Z [49/1574] Building CXX object lib/Support/CMakeFiles/LLVMSupport.dir/DeltaAlgorithm.cpp.o
2026-07-30T14:29:49.6174585Z [50/1574] Building CXX object lib/Support/CMakeFiles/LLVMSupport.dir/ELFAttributes.cpp.o
2026-07-30T14:29:49.8756986Z [51/1574] Building CXX object lib/Support/CMakeFiles/LLVMSupport.dir/DynamicAPInt.cpp.o
2026-07-30T14:29:50.0831807Z [52/1574] Building CXX object lib/Support/CMakeFiles/LLVMSupport.dir/DJB.cpp.o
2026-07-30T14:29:50.4497104Z [53/1574] Building CXX object lib/Support/CMakeFiles/LLVMSupport.dir/ExtensibleRTTI.cpp.o
2026-07-30T14:29:50.4606204Z [54/1574] Building CXX object lib/Support/CMakeFiles/LLVMSupport.dir/DAGDeltaAlgorithm.cpp.o
2026-07-30T14:29:51.6252962Z [55/1574] Building CXX object lib/Support/CMakeFiles/LLVMSupport.dir/ELFAttributeParser.cpp.o
2026-07-30T14:29:52.4408931Z [56/1574] Building CXX object lib/Support/CMakeFiles/LLVMSupport.dir/Error.cpp.o
2026-07-30T14:29:53.0566100Z [57/1574] Building CXX object lib/Support/CMakeFiles/LLVMSupport.dir/ExponentialBackoff.cpp.o
2026-07-30T14:29:53.8225692Z [58/1574] Building CXX object lib/Support/CMakeFiles/LLVMSupport.dir/ErrorHandling.cpp.o
2026-07-30T14:29:54.4011938Z [59/1574] Building CXX object lib/Support/CMakeFiles/LLVMSupport.dir/FileUtilities.cpp.o
2026-07-30T14:29:54.8858085Z [60/1574] Building CXX object lib/Support/CMakeFiles/LLVMSupport.dir/FloatingPointMode.cpp.o
2026-07-30T14:29:55.4405488Z [61/1574] Building CXX object lib/Support/CMakeFiles/LLVMSupport.dir/FileCollector.cpp.o
2026-07-30T14:29:55.8075845Z [62/1574] Building CXX object lib/Support/CMakeFiles/LLVMSupport.dir/FileOutputBuffer.cpp.o
2026-07-30T14:29:55.9275730Z [63/1574] Building CXX object lib/Support/CMakeFiles/LLVMSupport.dir/FoldingSet.cpp.o
2026-07-30T14:29:56.1687634Z [64/1574] Building CXX object lib/Support/CMakeFiles/LLVMSupport.dir/FormattedStream.cpp.o
2026-07-30T14:29:57.2225650Z [65/1574] Building CXX object lib/Support/CMakeFiles/LLVMSupport.dir/FormatVariadic.cpp.o
2026-07-30T14:29:57.8906079Z [66/1574] Building CXX object lib/Support/CMakeFiles/LLVMSupport.dir/HexagonAttributes.cpp.o
2026-07-30T14:29:58.8890129Z [67/1574] Building CXX object lib/Support/CMakeFiles/LLVMSupport.dir/GraphWriter.cpp.o
2026-07-30T14:29:59.3895925Z [68/1574] Building CXX object lib/Support/CMakeFiles/LLVMSupport.dir/InitLLVM.cpp.o
2026-07-30T14:29:59.6585728Z [69/1574] Building CXX object lib/Support/CMakeFiles/LLVMSupport.dir/HexagonAttributeParser.cpp.o
2026-07-30T14:29:59.6965611Z [70/1574] Building CXX object lib/Support/CMakeFiles/LLVMSupport.dir/InstructionCost.cpp.o
2026-07-30T14:29:59.6978528Z [71/1574] Building CXX object lib/Support/CMakeFiles/LLVMSupport.dir/IntEqClasses.cpp.o
2026-07-30T14:29:59.7305866Z [72/1574] Building CXX object lib/Support/CMakeFiles/LLVMSupport.dir/GlobPattern.cpp.o
2026-07-30T14:30:01.5507372Z [73/1574] Building CXX object lib/Support/CMakeFiles/LLVMSupport.dir/LineIterator.cpp.o
2026-07-30T14:30:02.1059051Z [74/1574] Building CXX object lib/Support/CMakeFiles/LLVMSupport.dir/IntervalMap.cpp.o
2026-07-30T14:30:02.4629356Z [75/1574] Building CXX object lib/Support/CMakeFiles/LLVMSupport.dir/KnownBits.cpp.o
2026-07-30T14:30:02.5725711Z [76/1574] Building CXX object lib/Support/CMakeFiles/LLVMSupport.dir/LEB128.cpp.o
2026-07-30T14:30:02.8076019Z [77/1574] Building CXX object lib/Support/CMakeFiles/LLVMSupport.dir/MathExtras.cpp.o
2026-07-30T14:30:02.9075646Z [78/1574] Building CXX object lib/Support/CMakeFiles/LLVMSupport.dir/Locale.cpp.o
2026-07-30T14:30:02.9365772Z [79/1574] Building CXX object lib/Support/CMakeFiles/LLVMSupport.dir/MemAlloc.cpp.o
2026-07-30T14:30:04.4795895Z [80/1574] Building CXX object lib/Support/CMakeFiles/LLVMSupport.dir/ManagedStatic.cpp.o
2026-07-30T14:30:05.4231087Z [81/1574] Building CXX object lib/Support/CMakeFiles/LLVMSupport.dir/MemoryBufferRef.cpp.o
2026-07-30T14:30:05.5785467Z [82/1574] Building CXX object lib/Support/CMakeFiles/LLVMSupport.dir/JSON.cpp.o
2026-07-30T14:30:06.1227940Z [83/1574] Building CXX object lib/Support/CMakeFiles/LLVMSupport.dir/MSP430Attributes.cpp.o
2026-07-30T14:30:06.7026247Z [84/1574] Building CXX object lib/Support/CMakeFiles/LLVMSupport.dir/LockFileManager.cpp.o
2026-07-30T14:30:06.8285689Z [85/1574] Building CXX object lib/Support/CMakeFiles/LLVMSupport.dir/MD5.cpp.o
2026-07-30T14:30:07.0085926Z [86/1574] Building CXX object lib/Support/CMakeFiles/LLVMSupport.dir/MemoryBuffer.cpp.o
2026-07-30T14:30:07.8849849Z [87/1574] Building CXX object lib/Support/CMakeFiles/LLVMSupport.dir/OptimizedStructLayout.cpp.o
2026-07-30T14:30:08.3405827Z [88/1574] Building CXX object lib/Support/CMakeFiles/LLVMSupport.dir/NativeFormatting.cpp.o
2026-07-30T14:30:08.5546881Z [89/1574] Building CXX object lib/Support/CMakeFiles/LLVMSupport.dir/MSP430AttributeParser.cpp.o
2026-07-30T14:30:09.6015488Z [90/1574] Building CXX object lib/Support/CMakeFiles/LLVMSupport.dir/Optional.cpp.o
2026-07-30T14:30:10.4495679Z [91/1574] Building CXX object lib/Support/CMakeFiles/LLVMSupport.dir/PluginLoader.cpp.o
2026-07-30T14:30:10.7788059Z [92/1574] Building CXX object lib/Support/CMakeFiles/LLVMSupport.dir/PGOOptions.cpp.o
2026-07-30T14:30:11.0783922Z [93/1574] Building CXX object lib/Support/CMakeFiles/LLVMSupport.dir/PrettyStackTrace.cpp.o
2026-07-30T14:30:11.5813243Z [94/1574] Building CXX object lib/Support/CMakeFiles/LLVMSupport.dir/Parallel.cpp.o
2026-07-30T14:30:11.6065794Z [95/1574] Building CXX object lib/Support/CMakeFiles/LLVMSupport.dir/Regex.cpp.o
2026-07-30T14:30:12.9015952Z [96/1574] Building CXX object lib/Support/CMakeFiles/LLVMSupport.dir/RandomNumberGenerator.cpp.o
2026-07-30T14:30:13.2766133Z [97/1574] Building CXX object lib/Support/CMakeFiles/LLVMSupport.dir/RISCVAttributeParser.cpp.o
2026-07-30T14:30:13.7119174Z [98/1574] Building CXX object lib/Support/CMakeFiles/LLVMSupport.dir/RISCVAttributes.cpp.o
2026-07-30T14:30:13.8816523Z [99/1574] Building CXX object lib/Support/CMakeFiles/LLVMSupport.dir/RISCVISAUtils.cpp.o
2026-07-30T14:30:13.8847018Z [100/1574] Building CXX object lib/Support/CMakeFiles/LLVMSupport.dir/ScaledNumber.cpp.o
2026-07-30T14:30:14.8962434Z [101/1574] Building CXX object lib/Support/CMakeFiles/LLVMSupport.dir/Signposts.cpp.o
2026-07-30T14:30:15.5776614Z [102/1574] Building CXX object lib/Support/CMakeFiles/LLVMSupport.dir/SHA256.cpp.o
2026-07-30T14:30:16.0708010Z [103/1574] Building CXX object lib/Support/CMakeFiles/LLVMSupport.dir/SHA1.cpp.o
2026-07-30T14:30:16.3206274Z [104/1574] Building CXX object lib/Support/CMakeFiles/LLVMSupport.dir/SmallPtrSet.cpp.o
2026-07-30T14:30:16.6127995Z [105/1574] Building CXX object lib/Support/CMakeFiles/LLVMSupport.dir/SipHash.cpp.o
2026-07-30T14:30:17.2700720Z [106/1574] Building CXX object lib/Support/CMakeFiles/LLVMSupport.dir/ScopedPrinter.cpp.o
2026-07-30T14:30:17.6765616Z [107/1574] Building CXX object lib/Support/CMakeFiles/LLVMSupport.dir/SlowDynamicAPInt.cpp.o
2026-07-30T14:30:18.2686851Z [108/1574] Building CXX object lib/Support/CMakeFiles/LLVMSupport.dir/SmallVector.cpp.o
2026-07-30T14:30:20.1546067Z [109/1574] Building CXX object lib/Support/CMakeFiles/LLVMSupport.dir/StringExtras.cpp.o
2026-07-30T14:30:20.4347399Z [110/1574] Building CXX object lib/Support/CMakeFiles/LLVMSupport.dir/StringMap.cpp.o
2026-07-30T14:30:20.5655535Z [111/1574] Building CXX object lib/Support/CMakeFiles/LLVMSupport.dir/Statistic.cpp.o
2026-07-30T14:30:20.8376152Z [112/1574] Building CXX object lib/Support/CMakeFiles/LLVMSupport.dir/StringSaver.cpp.o
2026-07-30T14:30:21.3095479Z [113/1574] Building CXX object lib/Support/CMakeFiles/LLVMSupport.dir/SourceMgr.cpp.o
2026-07-30T14:30:22.1275676Z [114/1574] Building CXX object lib/Support/CMakeFiles/LLVMSupport.dir/SuffixTreeNode.cpp.o
2026-07-30T14:30:22.1371358Z [115/1574] Building CXX object lib/Support/CMakeFiles/LLVMSupport.dir/SpecialCaseList.cpp.o
2026-07-30T14:30:23.1995822Z [116/1574] Building CXX object lib/Support/CMakeFiles/LLVMSupport.dir/SystemUtils.cpp.o
2026-07-30T14:30:23.7045487Z [117/1574] Building CXX object lib/Support/CMakeFiles/LLVMSupport.dir/StringRef.cpp.o
2026-07-30T14:30:24.0556660Z [118/1574] Building CXX object lib/Support/CMakeFiles/LLVMSupport.dir/SuffixTree.cpp.o
2026-07-30T14:30:24.7485878Z [119/1574] Building CXX object lib/Support/CMakeFiles/LLVMSupport.dir/TarWriter.cpp.o
2026-07-30T14:30:26.2721767Z [120/1574] Building CXX object lib/Support/CMakeFiles/LLVMSupport.dir/ThreadPool.cpp.o
2026-07-30T14:30:27.0350161Z [121/1574] Building CXX object lib/Support/CMakeFiles/LLVMSupport.dir/TypeSize.cpp.o
2026-07-30T14:30:27.1550961Z [122/1574] Building CXX object lib/Support/CMakeFiles/LLVMSupport.dir/ToolOutputFile.cpp.o
2026-07-30T14:30:27.5231577Z [123/1574] Building CXX object lib/Support/CMakeFiles/LLVMSupport.dir/Twine.cpp.o
2026-07-30T14:30:27.5505820Z [124/1574] Building CXX object lib/Support/CMakeFiles/LLVMSupport.dir/TimeProfiler.cpp.o
2026-07-30T14:30:28.6555619Z [125/1574] Building CXX object lib/Support/CMakeFiles/LLVMSupport.dir/Timer.cpp.o
2026-07-30T14:30:28.9846090Z [126/1574] Building CXX object lib/Support/CMakeFiles/LLVMSupport.dir/UnicodeNameToCodepointGenerated.cpp.o
2026-07-30T14:30:29.0515034Z [127/1574] Building CXX object lib/Support/CMakeFiles/LLVMSupport.dir/UnicodeCaseFold.cpp.o
2026-07-30T14:30:29.0565447Z [128/1574] Building CXX object lib/Support/CMakeFiles/LLVMSupport.dir/Unicode.cpp.o
2026-07-30T14:30:29.7445863Z [129/1574] Building CXX object lib/Support/CMakeFiles/LLVMSupport.dir/VersionTuple.cpp.o
2026-07-30T14:30:31.1615812Z [130/1574] Building CXX object lib/Support/CMakeFiles/LLVMSupport.dir/UnicodeNameToCodepoint.cpp.o
2026-07-30T14:30:32.5695879Z [131/1574] Building CXX object lib/Support/CMakeFiles/LLVMSupport.dir/WithColor.cpp.o
2026-07-30T14:30:32.8416074Z [132/1574] Building CXX object lib/Support/CMakeFiles/LLVMSupport.dir/raw_os_ostream.cpp.o
2026-07-30T14:30:33.5785642Z [133/1574] Building C object lib/Support/CMakeFiles/LLVMSupport.dir/regcomp.c.o
2026-07-30T14:30:34.0395549Z [134/1574] Building C object lib/Support/CMakeFiles/LLVMSupport.dir/regerror.c.o
2026-07-30T14:30:34.7025803Z [135/1574] Building C object lib/Support/CMakeFiles/LLVMSupport.dir/regexec.c.o
2026-07-30T14:30:34.8266474Z [136/1574] Building CXX object lib/Support/CMakeFiles/LLVMSupport.dir/YAMLParser.cpp.o
2026-07-30T14:30:35.0615713Z [137/1574] Building C object lib/Support/CMakeFiles/LLVMSupport.dir/regfree.c.o
2026-07-30T14:30:35.2473134Z [138/1574] Building C object lib/Support/CMakeFiles/LLVMSupport.dir/regstrlcpy.c.o
2026-07-30T14:30:35.4836400Z [139/1574] Building CXX object lib/Support/CMakeFiles/LLVMSupport.dir/YAMLTraits.cpp.o
2026-07-30T14:30:35.6904621Z [140/1574] Building CXX object lib/Support/CMakeFiles/LLVMSupport.dir/Atomic.cpp.o
2026-07-30T14:30:36.1295622Z [141/1574] Building CXX object lib/Support/CMakeFiles/LLVMSupport.dir/raw_ostream.cpp.o
2026-07-30T14:30:36.9669287Z [142/1574] Building CXX object lib/Support/CMakeFiles/LLVMSupport.dir/VirtualFileSystem.cpp.o
2026-07-30T14:30:37.1805625Z [143/1574] Building CXX object lib/Support/CMakeFiles/LLVMSupport.dir/xxhash.cpp.o
2026-07-30T14:30:37.8643957Z [144/1574] Building CXX object lib/Support/CMakeFiles/LLVMSupport.dir/raw_socket_stream.cpp.o
2026-07-30T14:30:38.4536140Z [145/1574] Building CXX object lib/Support/CMakeFiles/LLVMSupport.dir/Errno.cpp.o
2026-07-30T14:30:38.9861905Z [146/1574] Building CXX object lib/Support/CMakeFiles/LLVMSupport.dir/Z3Solver.cpp.o
2026-07-30T14:30:39.4623599Z [147/1574] Building CXX object lib/Support/CMakeFiles/LLVMSupport.dir/DynamicLibrary.cpp.o
2026-07-30T14:30:40.3945771Z [148/1574] Building CXX object lib/Support/CMakeFiles/LLVMSupport.dir/Memory.cpp.o
2026-07-30T14:30:41.3336103Z [149/1574] Building CXX object lib/Support/CMakeFiles/LLVMSupport.dir/Path.cpp.o
2026-07-30T14:30:41.3935950Z [150/1574] Building CXX object lib/Support/CMakeFiles/LLVMSupport.dir/RWMutex.cpp.o
2026-07-30T14:30:41.5735671Z [151/1574] Building CXX object lib/Support/CMakeFiles/LLVMSupport.dir/Watchdog.cpp.o
2026-07-30T14:30:41.7015831Z [152/1574] Building CXX object lib/Support/CMakeFiles/LLVMSupport.dir/Valgrind.cpp.o
2026-07-30T14:30:41.9135997Z [153/1574] Building CXX object lib/Support/CMakeFiles/LLVMSupport.dir/Process.cpp.o
2026-07-30T14:30:42.0875925Z [154/1574] Building C object lib/Support/BLAKE3/CMakeFiles/LLVMSupportBlake3.dir/blake3_dispatch.c.o
2026-07-30T14:30:42.1616179Z [155/1574] Building C object lib/Support/BLAKE3/CMakeFiles/LLVMSupportBlake3.dir/blake3.c.o
2026-07-30T14:30:42.3995702Z [156/1574] Building C object lib/Support/BLAKE3/CMakeFiles/LLVMSupportBlake3.dir/blake3_neon.c.o
2026-07-30T14:30:42.4125306Z [157/1574] Building Attributes.inc...
2026-07-30T14:30:42.4528803Z [158/1574] Building C object lib/Support/BLAKE3/CMakeFiles/LLVMSupportBlake3.dir/blake3_portable.c.o
2026-07-30T14:30:43.0360850Z [159/1574] Building CXX object lib/Support/CMakeFiles/LLVMSupport.dir/Program.cpp.o
2026-07-30T14:30:43.4825758Z [160/1574] Building CXX object lib/Support/CMakeFiles/LLVMSupport.dir/Threading.cpp.o
2026-07-30T14:30:43.6403078Z [161/1574] Building CXX object lib/Support/CMakeFiles/LLVMSupport.dir/Signals.cpp.o
2026-07-30T14:30:43.6905309Z [162/1574] Building IntrinsicEnums.inc...
2026-07-30T14:30:43.7785131Z [163/1574] Building IntrinsicsAArch64.h...
2026-07-30T14:30:43.8379332Z [164/1574] Building IntrinsicImpl.inc...
2026-07-30T14:30:44.0325470Z [165/1574] Linking CXX static library lib/libLLVMSupport.a
2026-07-30T14:30:44.5080487Z [166/1574] Building IntrinsicsAMDGPU.h...
2026-07-30T14:30:44.5435290Z [167/1574] Building IntrinsicsDirectX.h...
2026-07-30T14:30:44.8075275Z [168/1574] Building IntrinsicsARM.h...
2026-07-30T14:30:44.9505468Z [169/1574] Building IntrinsicsHexagon.h...
2026-07-30T14:30:45.0465383Z [170/1574] Building IntrinsicsBPF.h...
2026-07-30T14:30:45.5405631Z [171/1574] Building RISCVTargetParserDef.inc...
2026-07-30T14:30:45.6788375Z [172/1574] Building IntrinsicsMips.h...
2026-07-30T14:30:45.7595329Z [173/1574] Building IntrinsicsLoongArch.h...
2026-07-30T14:30:45.9395529Z [174/1574] Building IntrinsicsNVPTX.h...
2026-07-30T14:30:46.0005586Z [175/1574] Building IntrinsicsR600.h...
2026-07-30T14:30:46.0929657Z [176/1574] Building IntrinsicsPowerPC.h...
2026-07-30T14:30:46.5078383Z [177/1574] Building IntrinsicsRISCV.h...
2026-07-30T14:30:46.6782807Z [178/1574] Building IntrinsicsS390.h...
2026-07-30T14:30:46.9412115Z [179/1574] Building IntrinsicsX86.h...
2026-07-30T14:30:46.9530824Z [180/1574] Building IntrinsicsWebAssembly.h...
2026-07-30T14:30:46.9585786Z [181/1574] Building IntrinsicsVE.h...
2026-07-30T14:30:47.1415594Z [182/1574] Building IntrinsicsSPIRV.h...
2026-07-30T14:30:47.2442108Z [183/1574] Building IntrinsicsXCore.h...
2026-07-30T14:30:49.8272187Z [184/1574] Building CXX object lib/TargetParser/CMakeFiles/LLVMTargetParser.dir/ARMTargetParserCommon.cpp.o
2026-07-30T14:30:50.3706011Z [185/1574] Building CXX object lib/Bitstream/Reader/CMakeFiles/LLVMBitstreamReader.dir/BitstreamReader.cpp.o
2026-07-30T14:30:50.6775688Z [186/1574] Building CXX object lib/TargetParser/CMakeFiles/LLVMTargetParser.dir/ARMTargetParser.cpp.o
2026-07-30T14:30:50.8329204Z [187/1574] Building CXX object lib/TargetParser/CMakeFiles/LLVMTargetParser.dir/Host.cpp.o
2026-07-30T14:30:50.8472457Z [188/1574] Building CXX object lib/TargetParser/CMakeFiles/LLVMTargetParser.dir/CSKYTargetParser.cpp.o
2026-07-30T14:30:52.5775997Z [189/1574] Building CXX object lib/TargetParser/CMakeFiles/LLVMTargetParser.dir/AArch64TargetParser.cpp.o
2026-07-30T14:30:53.2897232Z [190/1574] Building CXX object lib/TargetParser/CMakeFiles/LLVMTargetParser.dir/LoongArchTargetParser.cpp.o
2026-07-30T14:30:54.1392650Z [191/1574] Building CXX object lib/TargetParser/CMakeFiles/LLVMTargetParser.dir/SubtargetFeature.cpp.o
2026-07-30T14:30:54.4676015Z [192/1574] Building CXX object lib/TargetParser/CMakeFiles/LLVMTargetParser.dir/RISCVISAInfo.cpp.o
2026-07-30T14:30:54.6975770Z [193/1574] Building CXX object lib/TargetParser/CMakeFiles/LLVMTargetParser.dir/RISCVTargetParser.cpp.o
2026-07-30T14:30:54.8635726Z [194/1574] Building CXX object lib/TargetParser/CMakeFiles/LLVMTargetParser.dir/TargetParser.cpp.o
2026-07-30T14:30:55.9885896Z [195/1574] Building CXX object lib/TargetParser/CMakeFiles/LLVMTargetParser.dir/X86TargetParser.cpp.o
2026-07-30T14:30:57.0585610Z [196/1574] Building CXX object lib/BinaryFormat/CMakeFiles/LLVMBinaryFormat.dir/COFF.cpp.o
2026-07-30T14:30:57.1526072Z [197/1574] Building CXX object lib/BinaryFormat/CMakeFiles/LLVMBinaryFormat.dir/AMDGPUMetadataVerifier.cpp.o
2026-07-30T14:30:57.8026356Z [198/1574] Building CXX object lib/TargetParser/CMakeFiles/LLVMTargetParser.dir/Triple.cpp.o
2026-07-30T14:30:58.0846281Z [199/1574] Building CXX object lib/BinaryFormat/CMakeFiles/LLVMBinaryFormat.dir/ELF.cpp.o
2026-07-30T14:30:59.1355949Z [200/1574] Building CXX object lib/BinaryFormat/CMakeFiles/LLVMBinaryFormat.dir/DXContainer.cpp.o
2026-07-30T14:30:59.2615929Z [201/1574] Building CXX object lib/BinaryFormat/CMakeFiles/LLVMBinaryFormat.dir/Dwarf.cpp.o
2026-07-30T14:30:59.3165879Z [202/1574] Building CXX object lib/BinaryFormat/CMakeFiles/LLVMBinaryFormat.dir/Minidump.cpp.o
2026-07-30T14:31:00.3625890Z [203/1574] Building CXX object lib/BinaryFormat/CMakeFiles/LLVMBinaryFormat.dir/MachO.cpp.o
2026-07-30T14:31:00.4220982Z [204/1574] Building CXX object lib/BinaryFormat/CMakeFiles/LLVMBinaryFormat.dir/Magic.cpp.o
2026-07-30T14:31:01.3795934Z [205/1574] Building CXX object lib/BinaryFormat/CMakeFiles/LLVMBinaryFormat.dir/MsgPackDocument.cpp.o
2026-07-30T14:31:01.7805708Z [206/1574] Linking CXX static library lib/libLLVMBitstreamReader.a
2026-07-30T14:31:02.2726934Z [207/1574] Building CXX object lib/BinaryFormat/CMakeFiles/LLVMBinaryFormat.dir/MsgPackWriter.cpp.o
2026-07-30T14:31:02.9355527Z [208/1574] Building CXX object lib/BinaryFormat/CMakeFiles/LLVMBinaryFormat.dir/MsgPackReader.cpp.o
2026-07-30T14:31:03.2136004Z [209/1574] Building CXX object lib/BinaryFormat/CMakeFiles/LLVMBinaryFormat.dir/MsgPackDocumentYAML.cpp.o
2026-07-30T14:31:03.5500793Z [210/1574] Building CXX object lib/BinaryFormat/CMakeFiles/LLVMBinaryFormat.dir/Wasm.cpp.o
2026-07-30T14:31:03.7775763Z [211/1574] Building CXX object lib/BinaryFormat/CMakeFiles/LLVMBinaryFormat.dir/XCOFF.cpp.o
2026-07-30T14:31:05.9106018Z [212/1574] Building CXX object lib/Remarks/CMakeFiles/LLVMRemarks.dir/RemarkFormat.cpp.o
2026-07-30T14:31:06.8003313Z [213/1574] Building CXX object lib/Remarks/CMakeFiles/LLVMRemarks.dir/Remark.cpp.o
2026-07-30T14:31:07.2482113Z [214/1574] Building CXX object lib/Remarks/CMakeFiles/LLVMRemarks.dir/RemarkParser.cpp.o
2026-07-30T14:31:08.2498836Z [215/1574] Building CXX object lib/Remarks/CMakeFiles/LLVMRemarks.dir/BitstreamRemarkSerializer.cpp.o
2026-07-30T14:31:09.2378656Z [216/1574] Building CXX object lib/Remarks/CMakeFiles/LLVMRemarks.dir/RemarkStreamer.cpp.o
2026-07-30T14:31:09.4235865Z [217/1574] Building CXX object lib/Remarks/CMakeFiles/LLVMRemarks.dir/BitstreamRemarkParser.cpp.o
2026-07-30T14:31:09.8438907Z [218/1574] Linking CXX static library lib/libLLVMTargetParser.a
2026-07-30T14:31:09.9585929Z [219/1574] Building CXX object lib/Remarks/CMakeFiles/LLVMRemarks.dir/RemarkStringTable.cpp.o
2026-07-30T14:31:10.0535769Z [220/1574] Building CXX object lib/Remarks/CMakeFiles/LLVMRemarks.dir/RemarkLinker.cpp.o
2026-07-30T14:31:11.2305702Z [221/1574] Building CXX object lib/Remarks/CMakeFiles/LLVMRemarks.dir/RemarkSerializer.cpp.o
2026-07-30T14:31:12.6281547Z [222/1574] Building CXX object lib/Remarks/CMakeFiles/LLVMRemarks.dir/YAMLRemarkSerializer.cpp.o
2026-07-30T14:31:13.1196326Z [223/1574] Building CXX object lib/IR/CMakeFiles/LLVMCore.dir/Assumptions.cpp.o
2026-07-30T14:31:14.3085718Z [224/1574] Building CXX object lib/Remarks/CMakeFiles/LLVMRemarks.dir/YAMLRemarkParser.cpp.o
2026-07-30T14:31:15.2965850Z [225/1574] Building CXX object lib/IR/CMakeFiles/LLVMCore.dir/AbstractCallSite.cpp.o
2026-07-30T14:31:16.3040963Z [226/1574] Building CXX object lib/IR/CMakeFiles/LLVMCore.dir/BuiltinGCs.cpp.o
2026-07-30T14:31:19.7031557Z [227/1574] Building CXX object lib/IR/CMakeFiles/LLVMCore.dir/Comdat.cpp.o
2026-07-30T14:31:21.7955843Z [228/1574] Building CXX object lib/IR/CMakeFiles/LLVMCore.dir/BasicBlock.cpp.o
2026-07-30T14:31:23.0469508Z [229/1574] Building CXX object lib/IR/CMakeFiles/LLVMCore.dir/ConstantFold.cpp.o
2026-07-30T14:31:23.3292099Z [230/1574] Building CXX object lib/IR/CMakeFiles/LLVMCore.dir/Attributes.cpp.o
2026-07-30T14:31:25.4107044Z [231/1574] Building CXX object lib/IR/CMakeFiles/LLVMCore.dir/ConstantRange.cpp.o
2026-07-30T14:31:25.8733067Z [232/1574] Building CXX object lib/IR/CMakeFiles/LLVMCore.dir/ConstantRangeList.cpp.o
2026-07-30T14:31:29.0121632Z [233/1574] Building CXX object lib/IR/CMakeFiles/LLVMCore.dir/AsmWriter.cpp.o
2026-07-30T14:31:29.2984457Z [234/1574] Building CXX object lib/IR/CMakeFiles/LLVMCore.dir/AutoUpgrade.cpp.o
2026-07-30T14:31:29.8875544Z [235/1574] Building CXX object lib/IR/CMakeFiles/LLVMCore.dir/CycleInfo.cpp.o
2026-07-30T14:31:32.8506618Z [236/1574] Building CXX object lib/IR/CMakeFiles/LLVMCore.dir/ConvergenceVerifier.cpp.o
2026-07-30T14:31:34.0717952Z [237/1574] Building CXX object lib/IR/CMakeFiles/LLVMCore.dir/DataLayout.cpp.o
2026-07-30T14:31:36.4805602Z [238/1574] Building CXX object lib/IR/CMakeFiles/LLVMCore.dir/Constants.cpp.o
2026-07-30T14:31:38.1304907Z [239/1574] Building CXX object lib/IR/CMakeFiles/LLVMCore.dir/Core.cpp.o
2026-07-30T14:31:39.3488279Z [240/1574] Building CXX object lib/IR/CMakeFiles/LLVMCore.dir/DIBuilder.cpp.o
2026-07-30T14:31:40.3645944Z [241/1574] Building CXX object lib/IR/CMakeFiles/LLVMCore.dir/DIExpressionOptimizer.cpp.o
2026-07-30T14:31:43.2733037Z [242/1574] Building CXX object lib/IR/CMakeFiles/LLVMCore.dir/DebugLoc.cpp.o
2026-07-30T14:31:43.7935644Z [243/1574] Building CXX object lib/IR/CMakeFiles/LLVMCore.dir/DiagnosticHandler.cpp.o
2026-07-30T14:31:45.4883034Z [244/1574] Building CXX object lib/IR/CMakeFiles/LLVMCore.dir/DebugInfo.cpp.o
2026-07-30T14:31:45.9985654Z [245/1574] Building CXX object lib/IR/CMakeFiles/LLVMCore.dir/DebugProgramInstruction.cpp.o
2026-07-30T14:31:46.6255550Z [246/1574] Building CXX object lib/IR/CMakeFiles/LLVMCore.dir/DiagnosticInfo.cpp.o
2026-07-30T14:31:46.6491084Z [247/1574] Building CXX object lib/IR/CMakeFiles/LLVMCore.dir/DiagnosticPrinter.cpp.o
2026-07-30T14:31:49.3860169Z [248/1574] Building CXX object lib/IR/CMakeFiles/LLVMCore.dir/GCStrategy.cpp.o
2026-07-30T14:31:50.9715791Z [249/1574] Building CXX object lib/IR/CMakeFiles/LLVMCore.dir/GVMaterializer.cpp.o
2026-07-30T14:31:51.2843492Z [250/1574] Building CXX object lib/IR/CMakeFiles/LLVMCore.dir/EHPersonalities.cpp.o
2026-07-30T14:31:51.3610457Z [251/1574] Building CXX object lib/IR/CMakeFiles/LLVMCore.dir/DebugInfoMetadata.cpp.o
2026-07-30T14:31:52.9765811Z [252/1574] Building CXX object lib/IR/CMakeFiles/LLVMCore.dir/FPEnv.cpp.o
2026-07-30T14:31:56.5326075Z [253/1574] Building CXX object lib/IR/CMakeFiles/LLVMCore.dir/Function.cpp.o
2026-07-30T14:31:56.9553160Z [254/1574] Building CXX object lib/IR/CMakeFiles/LLVMCore.dir/IRBuilder.cpp.o
2026-07-30T14:31:57.7186513Z [255/1574] Building CXX object lib/IR/CMakeFiles/LLVMCore.dir/IRPrintingPasses.cpp.o
2026-07-30T14:31:58.5815625Z [256/1574] Building CXX object lib/IR/CMakeFiles/LLVMCore.dir/Dominators.cpp.o
2026-07-30T14:31:59.6875621Z [257/1574] Building CXX object lib/IR/CMakeFiles/LLVMCore.dir/Globals.cpp.o
2026-07-30T14:31:59.7969121Z [258/1574] Building CXX object lib/IR/CMakeFiles/LLVMCore.dir/SSAContext.cpp.o
2026-07-30T14:32:04.8865881Z [259/1574] Building CXX object lib/IR/CMakeFiles/LLVMCore.dir/Instruction.cpp.o
2026-07-30T14:32:06.2019781Z [260/1574] Building CXX object lib/IR/CMakeFiles/LLVMCore.dir/IntrinsicInst.cpp.o
2026-07-30T14:32:06.6465840Z [261/1574] Building CXX object lib/IR/CMakeFiles/LLVMCore.dir/InlineAsm.cpp.o
2026-07-30T14:32:08.5535658Z [262/1574] Building CXX object lib/IR/CMakeFiles/LLVMCore.dir/Instructions.cpp.o
2026-07-30T14:32:08.9756638Z [263/1574] Building CXX object lib/IR/CMakeFiles/LLVMCore.dir/LLVMContext.cpp.o
2026-07-30T14:32:09.4035957Z [264/1574] Building CXX object lib/IR/CMakeFiles/LLVMCore.dir/LLVMRemarkStreamer.cpp.o
2026-07-30T14:32:12.5355905Z [265/1574] Building CXX object lib/IR/CMakeFiles/LLVMCore.dir/MDBuilder.cpp.o
2026-07-30T14:32:12.9190305Z [266/1574] Building CXX object lib/IR/CMakeFiles/LLVMCore.dir/Mangler.cpp.o
2026-07-30T14:32:13.2395958Z [267/1574] Building CXX object lib/IR/CMakeFiles/LLVMCore.dir/LLVMContextImpl.cpp.o
2026-07-30T14:32:13.5876632Z [268/1574] Building CXX object lib/IR/CMakeFiles/LLVMCore.dir/MemoryModelRelaxationAnnotations.cpp.o
2026-07-30T14:32:14.7773074Z [269/1574] Building CXX object lib/IR/CMakeFiles/LLVMCore.dir/LegacyPassManager.cpp.o
2026-07-30T14:32:18.4095695Z [270/1574] Building CXX object lib/IR/CMakeFiles/LLVMCore.dir/OptBisect.cpp.o
2026-07-30T14:32:19.8952740Z [271/1574] Building CXX object lib/IR/CMakeFiles/LLVMCore.dir/Module.cpp.o
2026-07-30T14:32:20.0725836Z [272/1574] Building CXX object lib/IR/CMakeFiles/LLVMCore.dir/Operator.cpp.o
2026-07-30T14:32:20.7355806Z [273/1574] Building CXX object lib/IR/CMakeFiles/LLVMCore.dir/ModuleSummaryIndex.cpp.o
2026-07-30T14:32:21.7195666Z [274/1574] Building CXX object lib/IR/CMakeFiles/LLVMCore.dir/Pass.cpp.o
2026-07-30T14:32:22.3727917Z [275/1574] Building CXX object lib/IR/CMakeFiles/LLVMCore.dir/PassInstrumentation.cpp.o
2026-07-30T14:32:23.5624439Z [276/1574] Building CXX object lib/IR/CMakeFiles/LLVMCore.dir/PassRegistry.cpp.o
2026-07-30T14:32:25.9503156Z [277/1574] Building CXX object lib/IR/CMakeFiles/LLVMCore.dir/PassTimingInfo.cpp.o
2026-07-30T14:32:26.1690077Z [278/1574] Building CXX object lib/IR/CMakeFiles/LLVMCore.dir/ProfDataUtils.cpp.o
2026-07-30T14:32:26.8825713Z [279/1574] Building CXX object lib/IR/CMakeFiles/LLVMCore.dir/PassManager.cpp.o
2026-07-30T14:32:28.9746877Z [280/1574] Building CXX object lib/IR/CMakeFiles/LLVMCore.dir/ProfileSummary.cpp.o
2026-07-30T14:32:29.6559634Z [281/1574] Building CXX object lib/IR/CMakeFiles/LLVMCore.dir/PrintPasses.cpp.o
2026-07-30T14:32:32.0145991Z [282/1574] Building CXX object lib/IR/CMakeFiles/LLVMCore.dir/ReplaceConstant.cpp.o
2026-07-30T14:32:32.0255230Z [283/1574] Building CXX object lib/IR/CMakeFiles/LLVMCore.dir/Metadata.cpp.o
2026-07-30T14:32:33.2245777Z [284/1574] Building CXX object lib/IR/CMakeFiles/LLVMCore.dir/SafepointIRVerifier.cpp.o
2026-07-30T14:32:33.3316208Z [285/1574] Building CXX object lib/IR/CMakeFiles/LLVMCore.dir/PseudoProbe.cpp.o
2026-07-30T14:32:36.3305817Z [286/1574] Building CXX object lib/IR/CMakeFiles/LLVMCore.dir/Statepoint.cpp.o
2026-07-30T14:32:36.3591238Z [287/1574] Building CXX object lib/IR/CMakeFiles/LLVMCore.dir/Use.cpp.o
2026-07-30T14:32:38.2185587Z [288/1574] Building CXX object lib/IR/CMakeFiles/LLVMCore.dir/TypedPointerType.cpp.o
2026-07-30T14:32:38.5228703Z [289/1574] Building CXX object lib/IR/CMakeFiles/LLVMCore.dir/StructuralHash.cpp.o
2026-07-30T14:32:39.4601693Z [290/1574] Building CXX object lib/IR/CMakeFiles/LLVMCore.dir/TypeFinder.cpp.o
2026-07-30T14:32:40.2446110Z [291/1574] Building CXX object lib/IR/CMakeFiles/LLVMCore.dir/Type.cpp.o
2026-07-30T14:32:43.8377967Z [292/1574] Building CXX object lib/IR/CMakeFiles/LLVMCore.dir/ValueSymbolTable.cpp.o
2026-07-30T14:32:43.8505548Z [293/1574] Building CXX object lib/IR/CMakeFiles/LLVMCore.dir/User.cpp.o
2026-07-30T14:32:43.9385682Z [294/1574] Building CXX object lib/IR/CMakeFiles/LLVMCore.dir/VFABIDemangler.cpp.o
2026-07-30T14:32:44.2426456Z [295/1574] Linking CXX static library lib/libLLVMBinaryFormat.a
2026-07-30T14:32:44.6678302Z [296/1574] Linking CXX static library lib/libLLVMRemarks.a
2026-07-30T14:32:44.7655609Z [297/1574] Building CXX object lib/IR/CMakeFiles/LLVMCore.dir/Value.cpp.o
2026-07-30T14:32:45.1461721Z [298/1574] Building CXX object lib/IR/CMakeFiles/LLVMCore.dir/VectorBuilder.cpp.o
2026-07-30T14:32:47.1891160Z [299/1574] Building CXX object lib/DebugInfo/CodeView/CMakeFiles/LLVMDebugInfoCodeView.dir/CodeViewError.cpp.o
2026-07-30T14:32:47.6306557Z [300/1574] Building CXX object lib/IR/CMakeFiles/LLVMCore.dir/RuntimeLibcalls.cpp.o
2026-07-30T14:32:48.5742125Z [301/1574] Building CXX object lib/DebugInfo/CodeView/CMakeFiles/LLVMDebugInfoCodeView.dir/CodeViewRecordIO.cpp.o
2026-07-30T14:32:48.9251627Z [302/1574] Building CXX object lib/DebugInfo/CodeView/CMakeFiles/LLVMDebugInfoCodeView.dir/ContinuationRecordBuilder.cpp.o
2026-07-30T14:32:49.0616036Z [303/1574] Building CXX object lib/DebugInfo/CodeView/CMakeFiles/LLVMDebugInfoCodeView.dir/AppendingTypeTableBuilder.cpp.o
2026-07-30T14:32:51.2097265Z [304/1574] Building CXX object lib/DebugInfo/CodeView/CMakeFiles/LLVMDebugInfoCodeView.dir/DebugChecksumsSubsection.cpp.o
2026-07-30T14:32:52.1855951Z [305/1574] Building CXX object lib/DebugInfo/CodeView/CMakeFiles/LLVMDebugInfoCodeView.dir/CVTypeVisitor.cpp.o
2026-07-30T14:32:52.6335812Z [306/1574] Building CXX object lib/DebugInfo/CodeView/CMakeFiles/LLVMDebugInfoCodeView.dir/CVSymbolVisitor.cpp.o
2026-07-30T14:32:53.7506609Z [307/1574] Building CXX object lib/DebugInfo/CodeView/CMakeFiles/LLVMDebugInfoCodeView.dir/DebugCrossExSubsection.cpp.o
2026-07-30T14:32:53.9660710Z [308/1574] Building CXX object lib/DebugInfo/CodeView/CMakeFiles/LLVMDebugInfoCodeView.dir/DebugFrameDataSubsection.cpp.o
2026-07-30T14:32:54.0466079Z [309/1574] Building CXX object lib/DebugInfo/CodeView/CMakeFiles/LLVMDebugInfoCodeView.dir/DebugCrossImpSubsection.cpp.o
2026-07-30T14:32:55.7796144Z [310/1574] Building CXX object lib/DebugInfo/CodeView/CMakeFiles/LLVMDebugInfoCodeView.dir/DebugInlineeLinesSubsection.cpp.o
2026-07-30T14:32:56.7996047Z [311/1574] Building CXX object lib/DebugInfo/CodeView/CMakeFiles/LLVMDebugInfoCodeView.dir/DebugSubsectionRecord.cpp.o
2026-07-30T14:32:57.5986068Z [312/1574] Building CXX object lib/DebugInfo/CodeView/CMakeFiles/LLVMDebugInfoCodeView.dir/DebugLinesSubsection.cpp.o
2026-07-30T14:32:57.6349240Z [313/1574] Building CXX object lib/DebugInfo/CodeView/CMakeFiles/LLVMDebugInfoCodeView.dir/DebugStringTableSubsection.cpp.o
2026-07-30T14:32:57.7358365Z [314/1574] Building CXX object lib/DebugInfo/CodeView/CMakeFiles/LLVMDebugInfoCodeView.dir/DebugSubsection.cpp.o
2026-07-30T14:32:59.0406461Z [315/1574] Building CXX object lib/DebugInfo/CodeView/CMakeFiles/LLVMDebugInfoCodeView.dir/DebugSymbolRVASubsection.cpp.o
2026-07-30T14:33:00.4336069Z [316/1574] Building CXX object lib/DebugInfo/CodeView/CMakeFiles/LLVMDebugInfoCodeView.dir/Formatters.cpp.o
2026-07-30T14:33:00.6215837Z [317/1574] Building CXX object lib/DebugInfo/CodeView/CMakeFiles/LLVMDebugInfoCodeView.dir/DebugSubsectionVisitor.cpp.o
2026-07-30T14:33:01.2076161Z [318/1574] Building CXX object lib/DebugInfo/CodeView/CMakeFiles/LLVMDebugInfoCodeView.dir/DebugSymbolsSubsection.cpp.o
2026-07-30T14:33:01.9285925Z [319/1574] Building CXX object lib/IR/CMakeFiles/LLVMCore.dir/Verifier.cpp.o
2026-07-30T14:33:02.1296068Z [320/1574] Building CXX object lib/DebugInfo/CodeView/CMakeFiles/LLVMDebugInfoCodeView.dir/EnumTables.cpp.o
2026-07-30T14:33:02.1525606Z [321/1574] Building CXX object lib/DebugInfo/CodeView/CMakeFiles/LLVMDebugInfoCodeView.dir/Line.cpp.o
2026-07-30T14:33:03.2036167Z [322/1574] Building CXX object lib/DebugInfo/CodeView/CMakeFiles/LLVMDebugInfoCodeView.dir/GlobalTypeTableBuilder.cpp.o
2026-07-30T14:33:03.6155966Z [323/1574] Building CXX object lib/DebugInfo/CodeView/CMakeFiles/LLVMDebugInfoCodeView.dir/LazyRandomTypeCollection.cpp.o
2026-07-30T14:33:05.2164898Z [324/1574] Building CXX object lib/DebugInfo/CodeView/CMakeFiles/LLVMDebugInfoCodeView.dir/MergingTypeTableBuilder.cpp.o
2026-07-30T14:33:05.8825830Z [325/1574] Building CXX object lib/DebugInfo/CodeView/CMakeFiles/LLVMDebugInfoCodeView.dir/SimpleTypeSerializer.cpp.o
2026-07-30T14:33:06.8635720Z [326/1574] Building CXX object lib/DebugInfo/CodeView/CMakeFiles/LLVMDebugInfoCodeView.dir/RecordName.cpp.o
2026-07-30T14:33:07.0805868Z [327/1574] Building CXX object lib/DebugInfo/CodeView/CMakeFiles/LLVMDebugInfoCodeView.dir/RecordSerialization.cpp.o
2026-07-30T14:33:07.5486523Z [328/1574] Building CXX object lib/DebugInfo/CodeView/CMakeFiles/LLVMDebugInfoCodeView.dir/StringsAndChecksums.cpp.o
2026-07-30T14:33:09.2726424Z [329/1574] Building CXX object lib/DebugInfo/CodeView/CMakeFiles/LLVMDebugInfoCodeView.dir/SymbolRecordHelpers.cpp.o
2026-07-30T14:33:09.8276226Z [330/1574] Building CXX object lib/DebugInfo/CodeView/CMakeFiles/LLVMDebugInfoCodeView.dir/SymbolRecordMapping.cpp.o
2026-07-30T14:33:11.2825674Z [331/1574] Building CXX object lib/DebugInfo/CodeView/CMakeFiles/LLVMDebugInfoCodeView.dir/SymbolDumper.cpp.o
2026-07-30T14:33:11.5785717Z [332/1574] Building CXX object lib/DebugInfo/CodeView/CMakeFiles/LLVMDebugInfoCodeView.dir/TypeIndex.cpp.o
2026-07-30T14:33:12.2086011Z [333/1574] Building CXX object lib/DebugInfo/CodeView/CMakeFiles/LLVMDebugInfoCodeView.dir/SymbolSerializer.cpp.o
2026-07-30T14:33:12.3433980Z [334/1574] Building CXX object lib/DebugInfo/CodeView/CMakeFiles/LLVMDebugInfoCodeView.dir/TypeDumpVisitor.cpp.o
2026-07-30T14:33:12.3726360Z [335/1574] Building CXX object lib/DebugInfo/CodeView/CMakeFiles/LLVMDebugInfoCodeView.dir/TypeHashing.cpp.o
2026-07-30T14:33:12.8407197Z [336/1574] Linking CXX static library lib/libLLVMCore.a
2026-07-30T14:33:13.4926129Z [337/1574] Building CXX object lib/DebugInfo/CodeView/CMakeFiles/LLVMDebugInfoCodeView.dir/TypeIndexDiscovery.cpp.o
2026-07-30T14:33:15.9216299Z [338/1574] Building CXX object lib/DebugInfo/CodeView/CMakeFiles/LLVMDebugInfoCodeView.dir/TypeRecordHelpers.cpp.o
2026-07-30T14:33:16.1476156Z [339/1574] Building CXX object lib/DebugInfo/CodeView/CMakeFiles/LLVMDebugInfoCodeView.dir/TypeStreamMerger.cpp.o
2026-07-30T14:33:17.1595972Z [340/1574] Building CXX object lib/DebugInfo/CodeView/CMakeFiles/LLVMDebugInfoCodeView.dir/TypeTableCollection.cpp.o
2026-07-30T14:33:17.3435591Z [341/1574] Building CXX object lib/DebugInfo/CodeView/CMakeFiles/LLVMDebugInfoCodeView.dir/TypeRecordMapping.cpp.o
2026-07-30T14:33:20.0349602Z [342/1574] Building CXX object lib/Bitcode/Reader/CMakeFiles/LLVMBitReader.dir/BitcodeAnalyzer.cpp.o
2026-07-30T14:33:20.1697086Z [343/1574] Building CXX object lib/Bitcode/Reader/CMakeFiles/LLVMBitReader.dir/BitReader.cpp.o
2026-07-30T14:33:21.7227124Z [344/1574] Building CXX object lib/Bitcode/Reader/CMakeFiles/LLVMBitReader.dir/ValueList.cpp.o
2026-07-30T14:33:22.0923156Z [345/1574] Building CXX object lib/MC/CMakeFiles/LLVMMC.dir/ConstantPools.cpp.o
2026-07-30T14:33:24.4445748Z [346/1574] Building CXX object lib/MC/CMakeFiles/LLVMMC.dir/GOFFObjectWriter.cpp.o
2026-07-30T14:33:24.5435605Z [347/1574] Building CXX object lib/MC/CMakeFiles/LLVMMC.dir/DXContainerPSVInfo.cpp.o
2026-07-30T14:33:26.3186086Z [348/1574] Building CXX object lib/MC/CMakeFiles/LLVMMC.dir/MCAsmInfoCOFF.cpp.o
2026-07-30T14:33:27.4415483Z [349/1574] Building CXX object lib/MC/CMakeFiles/LLVMMC.dir/ELFObjectWriter.cpp.o
2026-07-30T14:33:27.5295862Z [350/1574] Building CXX object lib/MC/CMakeFiles/LLVMMC.dir/MCAsmBackend.cpp.o
2026-07-30T14:33:29.7941471Z [351/1574] Building CXX object lib/MC/CMakeFiles/LLVMMC.dir/MCAsmInfoDarwin.cpp.o
2026-07-30T14:33:30.5682078Z [352/1574] Building CXX object lib/MC/CMakeFiles/LLVMMC.dir/MCAsmInfo.cpp.o
2026-07-30T14:33:30.6155462Z [353/1574] Building CXX object lib/MC/CMakeFiles/LLVMMC.dir/MCAsmInfoGOFF.cpp.o
2026-07-30T14:33:31.0705861Z [354/1574] Building CXX object lib/Bitcode/Reader/CMakeFiles/LLVMBitReader.dir/MetadataLoader.cpp.o
2026-07-30T14:33:31.7115733Z [355/1574] Building CXX object lib/MC/CMakeFiles/LLVMMC.dir/MCAsmInfoWasm.cpp.o
2026-07-30T14:33:32.8275462Z [356/1574] Building CXX object lib/MC/CMakeFiles/LLVMMC.dir/MCAsmInfoELF.cpp.o
2026-07-30T14:33:32.8555818Z [357/1574] Building CXX object lib/MC/CMakeFiles/LLVMMC.dir/MCAsmMacro.cpp.o
2026-07-30T14:33:33.1815772Z [358/1574] Building CXX object lib/MC/CMakeFiles/LLVMMC.dir/MCCodeEmitter.cpp.o
2026-07-30T14:33:33.9025795Z [359/1574] Building CXX object lib/MC/CMakeFiles/LLVMMC.dir/MCAsmInfoXCOFF.cpp.o
2026-07-30T14:33:38.0588061Z [360/1574] Building CXX object lib/MC/CMakeFiles/LLVMMC.dir/MCAssembler.cpp.o
2026-07-30T14:33:40.1116869Z [361/1574] Building CXX object lib/MC/CMakeFiles/LLVMMC.dir/MCCodeView.cpp.o
2026-07-30T14:33:40.7911723Z [362/1574] Building CXX object lib/MC/CMakeFiles/LLVMMC.dir/MCAsmStreamer.cpp.o
2026-07-30T14:33:41.9145887Z [363/1574] Building CXX object lib/MC/CMakeFiles/LLVMMC.dir/MCContext.cpp.o
2026-07-30T14:33:42.4556301Z [364/1574] Building CXX object lib/MC/CMakeFiles/LLVMMC.dir/MCDXContainerStreamer.cpp.o
2026-07-30T14:33:43.8136399Z [365/1574] Building CXX object lib/MC/CMakeFiles/LLVMMC.dir/MCDwarf.cpp.o
2026-07-30T14:33:44.3207182Z [366/1574] Building CXX object lib/MC/CMakeFiles/LLVMMC.dir/MCELFObjectTargetWriter.cpp.o
2026-07-30T14:33:44.3755946Z [367/1574] Building CXX object lib/Bitcode/Reader/CMakeFiles/LLVMBitReader.dir/BitcodeReader.cpp.o
2026-07-30T14:33:45.5865839Z [368/1574] Building CXX object lib/MC/CMakeFiles/LLVMMC.dir/MCDXContainerWriter.cpp.o
2026-07-30T14:33:46.7216283Z [369/1574] Building CXX object lib/MC/CMakeFiles/LLVMMC.dir/MCExpr.cpp.o
2026-07-30T14:33:47.2106124Z [370/1574] Building CXX object lib/MC/CMakeFiles/LLVMMC.dir/MCInst.cpp.o
2026-07-30T14:33:48.3896069Z [371/1574] Building CXX object lib/MC/CMakeFiles/LLVMMC.dir/MCFragment.cpp.o
2026-07-30T14:33:49.0265647Z [372/1574] Building CXX object lib/MC/CMakeFiles/LLVMMC.dir/MCELFStreamer.cpp.o
2026-07-30T14:33:49.9955769Z [373/1574] Building CXX object lib/MC/CMakeFiles/LLVMMC.dir/MCGOFFStreamer.cpp.o
2026-07-30T14:33:50.0590202Z [374/1574] Building CXX object lib/MC/CMakeFiles/LLVMMC.dir/MCInstPrinter.cpp.o
2026-07-30T14:33:50.1505604Z [375/1574] Building CXX object lib/MC/CMakeFiles/LLVMMC.dir/MCInstrDesc.cpp.o
2026-07-30T14:33:50.7335983Z [376/1574] Building CXX object lib/MC/CMakeFiles/LLVMMC.dir/MCLabel.cpp.o
2026-07-30T14:33:50.8805443Z [377/1574] Building CXX object lib/MC/CMakeFiles/LLVMMC.dir/MCInstrAnalysis.cpp.o
2026-07-30T14:33:52.0518243Z [378/1574] Building CXX object lib/MC/CMakeFiles/LLVMMC.dir/MCInstrInfo.cpp.o
2026-07-30T14:33:52.7786003Z [379/1574] Building CXX object lib/MC/CMakeFiles/LLVMMC.dir/MCMachObjectTargetWriter.cpp.o
2026-07-30T14:33:55.0151711Z [380/1574] Building CXX object lib/MC/CMakeFiles/LLVMMC.dir/MCObjectFileInfo.cpp.o
2026-07-30T14:33:55.1236453Z [381/1574] Building CXX object lib/MC/CMakeFiles/LLVMMC.dir/MCLinkerOptimizationHint.cpp.o
2026-07-30T14:33:56.1946031Z [382/1574] Building CXX object lib/MC/CMakeFiles/LLVMMC.dir/MCNullStreamer.cpp.o
2026-07-30T14:33:57.5022032Z [383/1574] Building CXX object lib/MC/CMakeFiles/LLVMMC.dir/MCObjectStreamer.cpp.o
2026-07-30T14:33:57.7577522Z [384/1574] Building CXX object lib/MC/CMakeFiles/LLVMMC.dir/MCObjectWriter.cpp.o
2026-07-30T14:33:58.3646336Z [385/1574] Building CXX object lib/MC/CMakeFiles/LLVMMC.dir/MCMachOStreamer.cpp.o
2026-07-30T14:33:58.6626162Z [386/1574] Building CXX object lib/MC/CMakeFiles/LLVMMC.dir/MCSchedule.cpp.o
2026-07-30T14:33:58.8005500Z [387/1574] Building CXX object lib/MC/CMakeFiles/LLVMMC.dir/MCRegisterInfo.cpp.o
2026-07-30T14:34:00.5912747Z [388/1574] Building CXX object lib/MC/CMakeFiles/LLVMMC.dir/MCSectionCOFF.cpp.o
2026-07-30T14:34:01.0068247Z [389/1574] Building CXX object lib/MC/CMakeFiles/LLVMMC.dir/MCSectionDXContainer.cpp.o
2026-07-30T14:34:01.4163851Z [390/1574] Building CXX object lib/MC/CMakeFiles/LLVMMC.dir/MCSectionELF.cpp.o
2026-07-30T14:34:02.4460400Z [391/1574] Building CXX object lib/MC/CMakeFiles/LLVMMC.dir/MCSectionMachO.cpp.o
2026-07-30T14:34:02.6925678Z [392/1574] Building CXX object lib/MC/CMakeFiles/LLVMMC.dir/MCPseudoProbe.cpp.o
2026-07-30T14:34:03.0462023Z [393/1574] Building CXX object lib/MC/CMakeFiles/LLVMMC.dir/MCSectionXCOFF.cpp.o
2026-07-30T14:34:03.6606429Z [394/1574] Building CXX object lib/MC/CMakeFiles/LLVMMC.dir/MCSection.cpp.o
2026-07-30T14:34:04.4035783Z [395/1574] Building CXX object lib/MC/CMakeFiles/LLVMMC.dir/MCSectionWasm.cpp.o
2026-07-30T14:34:06.0529545Z [396/1574] Building CXX object lib/MC/CMakeFiles/LLVMMC.dir/MCSubtargetInfo.cpp.o
2026-07-30T14:34:06.1386386Z [397/1574] Building CXX object lib/MC/CMakeFiles/LLVMMC.dir/MCSymbolELF.cpp.o
2026-07-30T14:34:06.6695634Z [398/1574] Building CXX object lib/MC/CMakeFiles/LLVMMC.dir/MCSPIRVStreamer.cpp.o
2026-07-30T14:34:07.1845733Z [399/1574] Building CXX object lib/MC/CMakeFiles/LLVMMC.dir/MCSymbol.cpp.o
2026-07-30T14:34:08.2545658Z [400/1574] Building CXX object lib/MC/CMakeFiles/LLVMMC.dir/MCSymbolXCOFF.cpp.o
2026-07-30T14:34:08.3465857Z [401/1574] Building CXX object lib/MC/CMakeFiles/LLVMMC.dir/MCValue.cpp.o
2026-07-30T14:34:09.4565539Z [402/1574] Building CXX object lib/MC/CMakeFiles/LLVMMC.dir/MCTargetOptions.cpp.o
2026-07-30T14:34:09.7195642Z [403/1574] Building CXX object lib/MC/CMakeFiles/LLVMMC.dir/MCWasmObjectTargetWriter.cpp.o
2026-07-30T14:34:10.0163042Z [404/1574] Building CXX object lib/MC/CMakeFiles/LLVMMC.dir/MCTargetOptionsCommandFlags.cpp.o
2026-07-30T14:34:12.0296666Z [405/1574] Building CXX object lib/MC/CMakeFiles/LLVMMC.dir/MCStreamer.cpp.o
2026-07-30T14:34:12.4576104Z [406/1574] Building CXX object lib/MC/CMakeFiles/LLVMMC.dir/MCWasmStreamer.cpp.o
2026-07-30T14:34:12.5475588Z [407/1574] Building CXX object lib/MC/CMakeFiles/LLVMMC.dir/MCWinEH.cpp.o
2026-07-30T14:34:12.7542452Z [408/1574] Building CXX object lib/MC/CMakeFiles/LLVMMC.dir/MCXCOFFObjectTargetWriter.cpp.o
2026-07-30T14:34:15.1666107Z [409/1574] Building CXX object lib/MC/CMakeFiles/LLVMMC.dir/MCWin64EH.cpp.o
2026-07-30T14:34:15.2975806Z [410/1574] Building CXX object lib/MC/CMakeFiles/LLVMMC.dir/MCWinCOFFStreamer.cpp.o
2026-07-30T14:34:16.0998043Z [411/1574] Building CXX object lib/MC/CMakeFiles/LLVMMC.dir/StringTableBuilder.cpp.o
2026-07-30T14:34:16.8115709Z [412/1574] Building CXX object lib/MC/CMakeFiles/LLVMMC.dir/SPIRVObjectWriter.cpp.o
2026-07-30T14:34:17.1955803Z [413/1574] Building CXX object lib/MC/CMakeFiles/LLVMMC.dir/MCXCOFFStreamer.cpp.o
2026-07-30T14:34:17.4325756Z [414/1574] Linking CXX static library lib/libLLVMDebugInfoCodeView.a
2026-07-30T14:34:18.6935457Z [415/1574] Building CXX object lib/MC/CMakeFiles/LLVMMC.dir/MachObjectWriter.cpp.o
2026-07-30T14:34:21.8045486Z [416/1574] Building CXX object lib/MC/CMakeFiles/LLVMMC.dir/TargetRegistry.cpp.o
2026-07-30T14:34:23.0418034Z [417/1574] Building CXX object lib/MC/CMakeFiles/LLVMMC.dir/WinCOFFObjectWriter.cpp.o
2026-07-30T14:34:23.0685513Z [418/1574] Generating VCSRevision.h
2026-07-30T14:34:23.3886163Z [419/1574] Building CXX object lib/AsmParser/CMakeFiles/LLVMAsmParser.dir/LLLexer.cpp.o
2026-07-30T14:34:23.6935541Z [420/1574] Linking CXX static library lib/libLLVMBitReader.a
2026-07-30T14:34:25.0242526Z [421/1574] Building CXX object lib/MC/CMakeFiles/LLVMMC.dir/XCOFFObjectWriter.cpp.o
2026-07-30T14:34:26.9355550Z [422/1574] Building CXX object lib/MC/CMakeFiles/LLVMMC.dir/WasmObjectWriter.cpp.o
2026-07-30T14:34:27.2790768Z [423/1574] Linking CXX static library lib/libLLVMMC.a
2026-07-30T14:34:27.2838537Z [424/1574] Building CXX object lib/IRReader/CMakeFiles/LLVMIRReader.dir/IRReader.cpp.o
2026-07-30T14:34:28.0845760Z [425/1574] Building CXX object lib/MC/MCParser/CMakeFiles/LLVMMCParser.dir/AsmLexer.cpp.o
2026-07-30T14:34:30.0872633Z [426/1574] Building CXX object lib/MC/MCParser/CMakeFiles/LLVMMCParser.dir/GOFFAsmParser.cpp.o
2026-07-30T14:34:30.4575832Z [427/1574] Building CXX object lib/AsmParser/CMakeFiles/LLVMAsmParser.dir/Parser.cpp.o
2026-07-30T14:34:34.4885926Z [428/1574] Building CXX object lib/MC/MCParser/CMakeFiles/LLVMMCParser.dir/COFFAsmParser.cpp.o
2026-07-30T14:34:34.8469785Z [429/1574] Building CXX object lib/MC/MCParser/CMakeFiles/LLVMMCParser.dir/COFFMasmParser.cpp.o
2026-07-30T14:34:35.7242545Z [430/1574] Building CXX object lib/MC/MCParser/CMakeFiles/LLVMMCParser.dir/DarwinAsmParser.cpp.o
2026-07-30T14:34:36.7674756Z [431/1574] Building CXX object lib/MC/MCParser/CMakeFiles/LLVMMCParser.dir/AsmParser.cpp.o
2026-07-30T14:34:38.4825974Z [432/1574] Building CXX object lib/MC/MCParser/CMakeFiles/LLVMMCParser.dir/MCAsmLexer.cpp.o
2026-07-30T14:34:38.7665645Z [433/1574] Building CXX object lib/MC/MCParser/CMakeFiles/LLVMMCParser.dir/ELFAsmParser.cpp.o
2026-07-30T14:34:39.1076386Z [434/1574] Building CXX object lib/MC/MCParser/CMakeFiles/LLVMMCParser.dir/MCAsmParser.cpp.o
2026-07-30T14:34:39.5546269Z [435/1574] Building CXX object lib/MC/MCParser/CMakeFiles/LLVMMCParser.dir/MCAsmParserExtension.cpp.o
2026-07-30T14:34:40.8195929Z [436/1574] Building CXX object lib/MC/MCParser/CMakeFiles/LLVMMCParser.dir/XCOFFAsmParser.cpp.o
2026-07-30T14:34:41.0186235Z [437/1574] Building CXX object lib/MC/MCParser/CMakeFiles/LLVMMCParser.dir/MCTargetAsmParser.cpp.o
2026-07-30T14:34:43.2865776Z [438/1574] Building CXX object lib/TextAPI/CMakeFiles/LLVMTextAPI.dir/Architecture.cpp.o
2026-07-30T14:34:43.5975671Z [439/1574] Building CXX object lib/TextAPI/CMakeFiles/LLVMTextAPI.dir/ArchitectureSet.cpp.o
2026-07-30T14:34:44.8956256Z [440/1574] Building CXX object lib/MC/MCParser/CMakeFiles/LLVMMCParser.dir/WasmAsmParser.cpp.o
2026-07-30T14:34:45.6916090Z [441/1574] Building CXX object lib/AsmParser/CMakeFiles/LLVMAsmParser.dir/LLParser.cpp.o
2026-07-30T14:34:46.1266108Z [442/1574] Linking CXX static library lib/libLLVMAsmParser.a
2026-07-30T14:34:46.8078497Z [443/1574] Building CXX object lib/TextAPI/CMakeFiles/LLVMTextAPI.dir/PackedVersion.cpp.o
2026-07-30T14:34:48.5025482Z [444/1574] Building CXX object lib/TextAPI/CMakeFiles/LLVMTextAPI.dir/InterfaceFile.cpp.o
2026-07-30T14:34:48.6325718Z [445/1574] Building CXX object lib/TextAPI/CMakeFiles/LLVMTextAPI.dir/Platform.cpp.o
2026-07-30T14:34:51.1903888Z [446/1574] Building CXX object lib/TextAPI/CMakeFiles/LLVMTextAPI.dir/RecordVisitor.cpp.o
2026-07-30T14:34:52.0215763Z [447/1574] Building CXX object lib/TextAPI/CMakeFiles/LLVMTextAPI.dir/RecordsSlice.cpp.o
2026-07-30T14:34:52.2515869Z [448/1574] Building CXX object lib/TextAPI/CMakeFiles/LLVMTextAPI.dir/SymbolSet.cpp.o
2026-07-30T14:34:52.5045611Z [449/1574] Building CXX object lib/TextAPI/CMakeFiles/LLVMTextAPI.dir/Symbol.cpp.o
2026-07-30T14:34:54.5255914Z [450/1574] Building CXX object lib/TextAPI/CMakeFiles/LLVMTextAPI.dir/TextAPIError.cpp.o
2026-07-30T14:34:54.7515858Z [451/1574] Building CXX object lib/TextAPI/CMakeFiles/LLVMTextAPI.dir/TextStubV5.cpp.o
2026-07-30T14:34:55.0731990Z [452/1574] Linking CXX static library lib/libLLVMIRReader.a
2026-07-30T14:34:55.8144734Z [453/1574] Building CXX object lib/TextAPI/CMakeFiles/LLVMTextAPI.dir/Target.cpp.o
2026-07-30T14:34:55.8305946Z [454/1574] Building CXX object lib/MC/MCParser/CMakeFiles/LLVMMCParser.dir/MasmParser.cpp.o
2026-07-30T14:34:56.2407956Z [455/1574] Linking CXX static library lib/libLLVMMCParser.a
2026-07-30T14:34:57.3905768Z [456/1574] Building CXX object lib/TextAPI/CMakeFiles/LLVMTextAPI.dir/TextStubCommon.cpp.o
2026-07-30T14:34:58.5999664Z [457/1574] Building CXX object lib/TextAPI/CMakeFiles/LLVMTextAPI.dir/Utils.cpp.o
2026-07-30T14:35:00.9462414Z [458/1574] Building CXX object lib/Object/CMakeFiles/LLVMObject.dir/Archive.cpp.o
2026-07-30T14:35:02.6755282Z [459/1574] Building CXX object lib/Object/CMakeFiles/LLVMObject.dir/Binary.cpp.o
2026-07-30T14:35:03.7368914Z [460/1574] Building CXX object lib/Object/CMakeFiles/LLVMObject.dir/ArchiveWriter.cpp.o
2026-07-30T14:35:03.8955807Z [461/1574] Building CXX object lib/Object/CMakeFiles/LLVMObject.dir/COFFImportFile.cpp.o
2026-07-30T14:35:04.2071824Z [462/1574] Building CXX object lib/Object/CMakeFiles/LLVMObject.dir/BuildID.cpp.o
2026-07-30T14:35:04.3936513Z [463/1574] Building CXX object lib/TextAPI/CMakeFiles/LLVMTextAPI.dir/TextStub.cpp.o
2026-07-30T14:35:06.0535723Z [464/1574] Building CXX object lib/Object/CMakeFiles/LLVMObject.dir/COFFModuleDefinition.cpp.o
2026-07-30T14:35:06.9143157Z [465/1574] Building CXX object lib/Object/CMakeFiles/LLVMObject.dir/Decompressor.cpp.o
2026-07-30T14:35:07.4305728Z [466/1574] Building CXX object lib/Object/CMakeFiles/LLVMObject.dir/DXContainer.cpp.o
2026-07-30T14:35:09.9178382Z [467/1574] Building CXX object lib/Object/CMakeFiles/LLVMObject.dir/Error.cpp.o
2026-07-30T14:35:10.0435989Z [468/1574] Building CXX object lib/Object/CMakeFiles/LLVMObject.dir/COFFObjectFile.cpp.o
2026-07-30T14:35:10.0954672Z [469/1574] Building CXX object lib/Object/CMakeFiles/LLVMObject.dir/FaultMapParser.cpp.o
2026-07-30T14:35:10.6945943Z [470/1574] Building CXX object lib/Object/CMakeFiles/LLVMObject.dir/GOFFObjectFile.cpp.o
2026-07-30T14:35:16.2542966Z [471/1574] Building CXX object lib/Object/CMakeFiles/LLVMObject.dir/MachOUniversal.cpp.o
2026-07-30T14:35:16.6215637Z [472/1574] Building CXX object lib/Object/CMakeFiles/LLVMObject.dir/IRObjectFile.cpp.o
2026-07-30T14:35:16.7895597Z [473/1574] Building CXX object lib/Object/CMakeFiles/LLVMObject.dir/IRSymtab.cpp.o
2026-07-30T14:35:19.8762946Z [474/1574] Building CXX object lib/Object/CMakeFiles/LLVMObject.dir/MachOObjectFile.cpp.o
2026-07-30T14:35:20.1626037Z [475/1574] Building CXX object lib/Object/CMakeFiles/LLVMObject.dir/Object.cpp.o
2026-07-30T14:35:20.4125673Z [476/1574] Building CXX object lib/Object/CMakeFiles/LLVMObject.dir/Minidump.cpp.o
2026-07-30T14:35:25.1630468Z [477/1574] Building CXX object lib/Object/CMakeFiles/LLVMObject.dir/ModuleSymbolTable.cpp.o
2026-07-30T14:35:25.6545803Z [478/1574] Building CXX object lib/Object/CMakeFiles/LLVMObject.dir/ELFObjectFile.cpp.o
2026-07-30T14:35:25.7568939Z [479/1574] Building CXX object lib/Object/CMakeFiles/LLVMObject.dir/ObjectFile.cpp.o
2026-07-30T14:35:26.8960775Z [480/1574] Building CXX object lib/Object/CMakeFiles/LLVMObject.dir/RecordStreamer.cpp.o
2026-07-30T14:35:29.6375638Z [481/1574] Building CXX object lib/Object/CMakeFiles/LLVMObject.dir/OffloadBinary.cpp.o
2026-07-30T14:35:29.7465601Z [482/1574] Building CXX object lib/Object/CMakeFiles/LLVMObject.dir/SymbolicFile.cpp.o
2026-07-30T14:35:30.1215640Z [483/1574] Building CXX object lib/Object/CMakeFiles/LLVMObject.dir/ELF.cpp.o
2026-07-30T14:35:30.7890861Z [484/1574] Building CXX object lib/Object/CMakeFiles/LLVMObject.dir/SymbolSize.cpp.o
2026-07-30T14:35:31.7106771Z [485/1574] Building CXX object lib/Object/CMakeFiles/LLVMObject.dir/RelocationResolver.cpp.o
2026-07-30T14:35:32.5645922Z [486/1574] Building CXX object lib/Object/CMakeFiles/LLVMObject.dir/TapiFile.cpp.o
2026-07-30T14:35:34.0185705Z [487/1574] Building CXX object lib/Object/CMakeFiles/LLVMObject.dir/WindowsMachineFlag.cpp.o
2026-07-30T14:35:34.4569057Z [488/1574] Building CXX object lib/Object/CMakeFiles/LLVMObject.dir/MachOUniversalWriter.cpp.o
2026-07-30T14:35:35.2865992Z [489/1574] Building CXX object lib/Object/CMakeFiles/LLVMObject.dir/TapiUniversal.cpp.o
2026-07-30T14:35:37.7555817Z [490/1574] Building CXX object lib/Object/CMakeFiles/LLVMObject.dir/XCOFFObjectFile.cpp.o
2026-07-30T14:35:38.5445849Z [491/1574] Building CXX object lib/DebugInfo/MSF/CMakeFiles/LLVMDebugInfoMSF.dir/MappedBlockStream.cpp.o
2026-07-30T14:35:38.9975497Z [492/1574] Linking CXX static library lib/libLLVMTextAPI.a
2026-07-30T14:35:39.0326407Z [493/1574] Building CXX object lib/Object/CMakeFiles/LLVMObject.dir/WindowsResource.cpp.o
2026-07-30T14:35:39.6095740Z [494/1574] Building CXX object lib/DebugInfo/MSF/CMakeFiles/LLVMDebugInfoMSF.dir/MSFCommon.cpp.o
2026-07-30T14:35:39.7073519Z [495/1574] Building CXX object lib/DebugInfo/MSF/CMakeFiles/LLVMDebugInfoMSF.dir/MSFBuilder.cpp.o
2026-07-30T14:35:41.0727659Z [496/1574] Building CXX object lib/Object/CMakeFiles/LLVMObject.dir/WasmObjectFile.cpp.o
2026-07-30T14:35:41.4585642Z [497/1574] Linking CXX static library lib/libLLVMObject.a
2026-07-30T14:35:41.8336333Z [498/1574] Building CXX object lib/DebugInfo/DWARF/CMakeFiles/LLVMDebugInfoDWARF.dir/DWARFAddressRange.cpp.o
2026-07-30T14:35:41.9585991Z [499/1574] Building CXX object lib/DebugInfo/MSF/CMakeFiles/LLVMDebugInfoMSF.dir/MSFError.cpp.o
2026-07-30T14:35:43.2535939Z [500/1574] Building CXX object lib/DebugInfo/DWARF/CMakeFiles/LLVMDebugInfoDWARF.dir/DWARFAbbreviationDeclaration.cpp.o
2026-07-30T14:35:43.9928576Z [501/1574] Building CXX object lib/DebugInfo/DWARF/CMakeFiles/LLVMDebugInfoDWARF.dir/DWARFCompileUnit.cpp.o
2026-07-30T14:35:44.9564725Z [502/1574] Building CXX object lib/DebugInfo/DWARF/CMakeFiles/LLVMDebugInfoDWARF.dir/DWARFDataExtractor.cpp.o
2026-07-30T14:35:47.8462884Z [503/1574] Building CXX object lib/DebugInfo/DWARF/CMakeFiles/LLVMDebugInfoDWARF.dir/DWARFDebugAbbrev.cpp.o
2026-07-30T14:35:48.7756035Z [504/1574] Building CXX object lib/DebugInfo/DWARF/CMakeFiles/LLVMDebugInfoDWARF.dir/DWARFDebugAddr.cpp.o
2026-07-30T14:35:49.1316011Z [505/1574] Building CXX object lib/DebugInfo/DWARF/CMakeFiles/LLVMDebugInfoDWARF.dir/DWARFDebugArangeSet.cpp.o
2026-07-30T14:35:49.4866120Z [506/1574] Building CXX object lib/DebugInfo/DWARF/CMakeFiles/LLVMDebugInfoDWARF.dir/DWARFAcceleratorTable.cpp.o
2026-07-30T14:35:51.6518624Z [507/1574] Building CXX object lib/DebugInfo/DWARF/CMakeFiles/LLVMDebugInfoDWARF.dir/DWARFDebugAranges.cpp.o
2026-07-30T14:35:53.3389275Z [508/1574] Building CXX object lib/DebugInfo/DWARF/CMakeFiles/LLVMDebugInfoDWARF.dir/DWARFDebugFrame.cpp.o
2026-07-30T14:35:54.9549253Z [509/1574] Building CXX object lib/DebugInfo/DWARF/CMakeFiles/LLVMDebugInfoDWARF.dir/DWARFContext.cpp.o
2026-07-30T14:35:55.4445869Z [510/1574] Building CXX object lib/DebugInfo/DWARF/CMakeFiles/LLVMDebugInfoDWARF.dir/DWARFDebugInfoEntry.cpp.o
2026-07-30T14:35:56.1306046Z [511/1574] Building CXX object lib/DebugInfo/DWARF/CMakeFiles/LLVMDebugInfoDWARF.dir/DWARFTypePrinter.cpp.o
2026-07-30T14:35:57.4186004Z [512/1574] Building CXX object lib/DebugInfo/DWARF/CMakeFiles/LLVMDebugInfoDWARF.dir/DWARFDebugMacro.cpp.o
2026-07-30T14:35:57.4505727Z [513/1574] Building CXX object lib/DebugInfo/DWARF/CMakeFiles/LLVMDebugInfoDWARF.dir/DWARFDebugLoc.cpp.o
2026-07-30T14:35:58.3747326Z [514/1574] Building CXX object lib/DebugInfo/DWARF/CMakeFiles/LLVMDebugInfoDWARF.dir/DWARFDebugPubTable.cpp.o
2026-07-30T14:35:58.8175741Z [515/1574] Building CXX object lib/DebugInfo/DWARF/CMakeFiles/LLVMDebugInfoDWARF.dir/DWARFDebugLine.cpp.o
2026-07-30T14:36:00.8131260Z [516/1574] Building CXX object lib/DebugInfo/DWARF/CMakeFiles/LLVMDebugInfoDWARF.dir/DWARFDebugRangeList.cpp.o
2026-07-30T14:36:02.6309460Z [517/1574] Building CXX object lib/DebugInfo/DWARF/CMakeFiles/LLVMDebugInfoDWARF.dir/DWARFGdbIndex.cpp.o
2026-07-30T14:36:02.9485799Z [518/1574] Building CXX object lib/DebugInfo/DWARF/CMakeFiles/LLVMDebugInfoDWARF.dir/DWARFDebugRnglists.cpp.o
2026-07-30T14:36:03.8419451Z [519/1574] Building CXX object lib/DebugInfo/DWARF/CMakeFiles/LLVMDebugInfoDWARF.dir/DWARFDie.cpp.o
2026-07-30T14:36:04.0746153Z [520/1574] Building CXX object lib/DebugInfo/DWARF/CMakeFiles/LLVMDebugInfoDWARF.dir/DWARFExpression.cpp.o
2026-07-30T14:36:04.4275869Z [521/1574] Building CXX object lib/DebugInfo/DWARF/CMakeFiles/LLVMDebugInfoDWARF.dir/DWARFFormValue.cpp.o
2026-07-30T14:36:04.6865812Z [522/1574] Building CXX object lib/DebugInfo/DWARF/CMakeFiles/LLVMDebugInfoDWARF.dir/DWARFListTable.cpp.o
2026-07-30T14:36:04.8665669Z [523/1574] Linking CXX static library lib/libLLVMDebugInfoMSF.a
2026-07-30T14:36:06.1168922Z [524/1574] Building CXX object lib/DebugInfo/DWARF/CMakeFiles/LLVMDebugInfoDWARF.dir/DWARFLocationExpression.cpp.o
2026-07-30T14:36:07.5580164Z [525/1574] Building CXX object lib/DebugInfo/PDB/CMakeFiles/LLVMDebugInfoPDB.dir/GenericError.cpp.o
2026-07-30T14:36:07.8103276Z [526/1574] Building CXX object lib/DebugInfo/DWARF/CMakeFiles/LLVMDebugInfoDWARF.dir/DWARFTypeUnit.cpp.o
2026-07-30T14:36:08.6462335Z [527/1574] Building CXX object lib/DebugInfo/DWARF/CMakeFiles/LLVMDebugInfoDWARF.dir/DWARFUnitIndex.cpp.o
2026-07-30T14:36:09.2867362Z [528/1574] Building CXX object lib/DebugInfo/PDB/CMakeFiles/LLVMDebugInfoPDB.dir/IPDBSourceFile.cpp.o
2026-07-30T14:36:10.9975605Z [529/1574] Building CXX object lib/DebugInfo/PDB/CMakeFiles/LLVMDebugInfoPDB.dir/PDB.cpp.o
2026-07-30T14:36:12.2575646Z [530/1574] Building CXX object lib/DebugInfo/PDB/CMakeFiles/LLVMDebugInfoPDB.dir/PDBContext.cpp.o
2026-07-30T14:36:13.7215812Z [531/1574] Building CXX object lib/DebugInfo/PDB/CMakeFiles/LLVMDebugInfoPDB.dir/PDBInterfaceAnchors.cpp.o
2026-07-30T14:36:13.8660296Z [532/1574] Building CXX object lib/DebugInfo/PDB/CMakeFiles/LLVMDebugInfoPDB.dir/PDBExtras.cpp.o
2026-07-30T14:36:14.2266225Z [533/1574] Building CXX object lib/DebugInfo/DWARF/CMakeFiles/LLVMDebugInfoDWARF.dir/DWARFUnit.cpp.o
2026-07-30T14:36:15.6966043Z [534/1574] Building CXX object lib/DebugInfo/PDB/CMakeFiles/LLVMDebugInfoPDB.dir/PDBSymbolAnnotation.cpp.o
2026-07-30T14:36:15.7040520Z [535/1574] Building CXX object lib/DebugInfo/PDB/CMakeFiles/LLVMDebugInfoPDB.dir/PDBSymbol.cpp.o
2026-07-30T14:36:17.1218778Z [536/1574] Building CXX object lib/DebugInfo/PDB/CMakeFiles/LLVMDebugInfoPDB.dir/PDBSymbolBlock.cpp.o
2026-07-30T14:36:18.7746062Z [537/1574] Building CXX object lib/DebugInfo/PDB/CMakeFiles/LLVMDebugInfoPDB.dir/PDBSymbolCompiland.cpp.o
2026-07-30T14:36:18.9786118Z [538/1574] Building CXX object lib/DebugInfo/PDB/CMakeFiles/LLVMDebugInfoPDB.dir/PDBSymbolCompilandDetails.cpp.o
2026-07-30T14:36:19.1164779Z [539/1574] Building CXX object lib/DebugInfo/PDB/CMakeFiles/LLVMDebugInfoPDB.dir/PDBSymbolCustom.cpp.o
2026-07-30T14:36:19.9795662Z [540/1574] Building CXX object lib/DebugInfo/PDB/CMakeFiles/LLVMDebugInfoPDB.dir/PDBSymbolCompilandEnv.cpp.o
2026-07-30T14:36:21.6845877Z [541/1574] Building CXX object lib/DebugInfo/PDB/CMakeFiles/LLVMDebugInfoPDB.dir/PDBSymbolExe.cpp.o
2026-07-30T14:36:21.8259320Z [542/1574] Building CXX object lib/DebugInfo/PDB/CMakeFiles/LLVMDebugInfoPDB.dir/PDBSymbolData.cpp.o
2026-07-30T14:36:23.0695697Z [543/1574] Building CXX object lib/DebugInfo/PDB/CMakeFiles/LLVMDebugInfoPDB.dir/PDBSymbolFuncDebugStart.cpp.o
2026-07-30T14:36:23.2183387Z [544/1574] Building CXX object lib/DebugInfo/PDB/CMakeFiles/LLVMDebugInfoPDB.dir/PDBSymbolFunc.cpp.o
2026-07-30T14:36:23.4356068Z [545/1574] Building CXX object lib/DebugInfo/PDB/CMakeFiles/LLVMDebugInfoPDB.dir/PDBSymbolFuncDebugEnd.cpp.o
2026-07-30T14:36:25.0655856Z [546/1574] Building CXX object lib/DebugInfo/PDB/CMakeFiles/LLVMDebugInfoPDB.dir/PDBSymbolLabel.cpp.o
2026-07-30T14:36:26.0254130Z [547/1574] Building CXX object lib/DebugInfo/PDB/CMakeFiles/LLVMDebugInfoPDB.dir/PDBSymbolPublicSymbol.cpp.o
2026-07-30T14:36:27.0123375Z [548/1574] Building CXX object lib/DebugInfo/PDB/CMakeFiles/LLVMDebugInfoPDB.dir/PDBSymbolThunk.cpp.o
2026-07-30T14:36:27.3767606Z [549/1574] Building CXX object lib/DebugInfo/PDB/CMakeFiles/LLVMDebugInfoPDB.dir/PDBSymbolTypeArray.cpp.o
2026-07-30T14:36:27.4435775Z [550/1574] Building CXX object lib/DebugInfo/PDB/CMakeFiles/LLVMDebugInfoPDB.dir/PDBSymbolTypeBaseClass.cpp.o
2026-07-30T14:36:28.6122379Z [551/1574] Building CXX object lib/DebugInfo/PDB/CMakeFiles/LLVMDebugInfoPDB.dir/PDBSymbolTypeBuiltin.cpp.o
2026-07-30T14:36:30.1515959Z [552/1574] Building CXX object lib/DebugInfo/PDB/CMakeFiles/LLVMDebugInfoPDB.dir/PDBSymbolTypeCustom.cpp.o
2026-07-30T14:36:30.5415935Z [553/1574] Building CXX object lib/DebugInfo/PDB/CMakeFiles/LLVMDebugInfoPDB.dir/PDBSymbolTypeDimension.cpp.o
2026-07-30T14:36:31.1345937Z [554/1574] Building CXX object lib/DebugInfo/PDB/CMakeFiles/LLVMDebugInfoPDB.dir/PDBSymbolTypeEnum.cpp.o
2026-07-30T14:36:31.9645711Z [555/1574] Building CXX object lib/DebugInfo/PDB/CMakeFiles/LLVMDebugInfoPDB.dir/PDBSymbolTypeFriend.cpp.o
2026-07-30T14:36:32.3796166Z [556/1574] Building CXX object lib/DebugInfo/PDB/CMakeFiles/LLVMDebugInfoPDB.dir/PDBSymbolTypeFunctionArg.cpp.o
2026-07-30T14:36:32.6886313Z [557/1574] Building CXX object lib/DebugInfo/DWARF/CMakeFiles/LLVMDebugInfoDWARF.dir/DWARFVerifier.cpp.o
2026-07-30T14:36:33.6975852Z [558/1574] Building CXX object lib/DebugInfo/PDB/CMakeFiles/LLVMDebugInfoPDB.dir/PDBSymbolTypeFunctionSig.cpp.o
2026-07-30T14:36:34.4395739Z [559/1574] Building CXX object lib/DebugInfo/PDB/CMakeFiles/LLVMDebugInfoPDB.dir/PDBSymbolTypeManaged.cpp.o
2026-07-30T14:36:35.0585991Z [560/1574] Building CXX object lib/DebugInfo/PDB/CMakeFiles/LLVMDebugInfoPDB.dir/PDBSymbolTypeTypedef.cpp.o
2026-07-30T14:36:35.5652258Z [561/1574] Building CXX object lib/DebugInfo/PDB/CMakeFiles/LLVMDebugInfoPDB.dir/PDBSymbolTypePointer.cpp.o
2026-07-30T14:36:35.8735131Z [562/1574] Building CXX object lib/DebugInfo/PDB/CMakeFiles/LLVMDebugInfoPDB.dir/PDBSymbolTypeUDT.cpp.o
2026-07-30T14:36:37.2125744Z [563/1574] Building CXX object lib/DebugInfo/PDB/CMakeFiles/LLVMDebugInfoPDB.dir/PDBSymbolTypeVTable.cpp.o
2026-07-30T14:36:37.3126298Z [564/1574] Building CXX object lib/DebugInfo/PDB/CMakeFiles/LLVMDebugInfoPDB.dir/PDBSymbolTypeVTableShape.cpp.o
2026-07-30T14:36:38.7422564Z [565/1574] Building CXX object lib/DebugInfo/PDB/CMakeFiles/LLVMDebugInfoPDB.dir/PDBSymbolUsingNamespace.cpp.o
2026-07-30T14:36:38.7625767Z [566/1574] Building CXX object lib/DebugInfo/PDB/CMakeFiles/LLVMDebugInfoPDB.dir/PDBSymDumper.cpp.o
2026-07-30T14:36:39.0656072Z [567/1574] Building CXX object lib/DebugInfo/PDB/CMakeFiles/LLVMDebugInfoPDB.dir/PDBSymbolUnknown.cpp.o
2026-07-30T14:36:40.5697776Z [568/1574] Building CXX object lib/DebugInfo/PDB/CMakeFiles/LLVMDebugInfoPDB.dir/Native/DbiModuleDescriptor.cpp.o
2026-07-30T14:36:42.4608515Z [569/1574] Building CXX object lib/DebugInfo/PDB/CMakeFiles/LLVMDebugInfoPDB.dir/Native/DbiModuleDescriptorBuilder.cpp.o
2026-07-30T14:36:43.0425780Z [570/1574] Building CXX object lib/DebugInfo/PDB/CMakeFiles/LLVMDebugInfoPDB.dir/Native/DbiStream.cpp.o
2026-07-30T14:36:43.5155772Z [571/1574] Building CXX object lib/DebugInfo/PDB/CMakeFiles/LLVMDebugInfoPDB.dir/UDTLayout.cpp.o
2026-07-30T14:36:43.6768372Z [572/1574] Building CXX object lib/DebugInfo/PDB/CMakeFiles/LLVMDebugInfoPDB.dir/Native/EnumTables.cpp.o
2026-07-30T14:36:43.7435975Z [573/1574] Building CXX object lib/DebugInfo/PDB/CMakeFiles/LLVMDebugInfoPDB.dir/Native/DbiModuleList.cpp.o
2026-07-30T14:36:46.0158329Z [574/1574] Building CXX object lib/DebugInfo/PDB/CMakeFiles/LLVMDebugInfoPDB.dir/Native/Hash.cpp.o
2026-07-30T14:36:46.4925903Z [575/1574] Building CXX object lib/DebugInfo/PDB/CMakeFiles/LLVMDebugInfoPDB.dir/Native/DbiStreamBuilder.cpp.o
2026-07-30T14:36:46.6586033Z [576/1574] Building CXX object lib/DebugInfo/PDB/CMakeFiles/LLVMDebugInfoPDB.dir/Native/GlobalsStream.cpp.o
2026-07-30T14:36:47.1066172Z [577/1574] Building CXX object lib/DebugInfo/PDB/CMakeFiles/LLVMDebugInfoPDB.dir/Native/FormatUtil.cpp.o
2026-07-30T14:36:47.1476065Z [578/1574] Building CXX object lib/DebugInfo/PDB/CMakeFiles/LLVMDebugInfoPDB.dir/Native/HashTable.cpp.o
2026-07-30T14:36:49.1296061Z [579/1574] Building CXX object lib/DebugInfo/PDB/CMakeFiles/LLVMDebugInfoPDB.dir/Native/InfoStream.cpp.o
2026-07-30T14:36:51.0966218Z [580/1574] Building CXX object lib/DebugInfo/PDB/CMakeFiles/LLVMDebugInfoPDB.dir/Native/InfoStreamBuilder.cpp.o
2026-07-30T14:36:51.2775498Z [581/1574] Building CXX object lib/DebugInfo/PDB/CMakeFiles/LLVMDebugInfoPDB.dir/Native/InjectedSourceStream.cpp.o
2026-07-30T14:36:51.7435782Z [582/1574] Building CXX object lib/DebugInfo/PDB/CMakeFiles/LLVMDebugInfoPDB.dir/Native/ModuleDebugStream.cpp.o
2026-07-30T14:36:52.8015818Z [583/1574] Building CXX object lib/DebugInfo/PDB/CMakeFiles/LLVMDebugInfoPDB.dir/Native/InputFile.cpp.o
2026-07-30T14:36:53.2545789Z [584/1574] Building CXX object lib/DebugInfo/PDB/CMakeFiles/LLVMDebugInfoPDB.dir/Native/LinePrinter.cpp.o
2026-07-30T14:36:53.5822335Z [585/1574] Building CXX object lib/DebugInfo/PDB/CMakeFiles/LLVMDebugInfoPDB.dir/Native/NativeCompilandSymbol.cpp.o
2026-07-30T14:36:55.8473174Z [586/1574] Building CXX object lib/DebugInfo/PDB/CMakeFiles/LLVMDebugInfoPDB.dir/Native/NativeEnumModules.cpp.o
2026-07-30T14:36:55.9845827Z [587/1574] Building CXX object lib/DebugInfo/PDB/CMakeFiles/LLVMDebugInfoPDB.dir/Native/NativeEnumLineNumbers.cpp.o
2026-07-30T14:36:56.2095803Z [588/1574] Building CXX object lib/DebugInfo/PDB/CMakeFiles/LLVMDebugInfoPDB.dir/Native/NativeEnumInjectedSources.cpp.o
2026-07-30T14:36:56.6817403Z [589/1574] Building CXX object lib/DebugInfo/PDB/CMakeFiles/LLVMDebugInfoPDB.dir/Native/NativeEnumSymbols.cpp.o
2026-07-30T14:36:57.5485910Z [590/1574] Building CXX object lib/DebugInfo/PDB/CMakeFiles/LLVMDebugInfoPDB.dir/Native/NativeEnumGlobals.cpp.o
2026-07-30T14:36:59.2946024Z [591/1574] Building CXX object lib/DebugInfo/PDB/CMakeFiles/LLVMDebugInfoPDB.dir/Native/NativeExeSymbol.cpp.o
2026-07-30T14:36:59.3826294Z [592/1574] Building CXX object lib/DebugInfo/PDB/CMakeFiles/LLVMDebugInfoPDB.dir/Native/NativeEnumTypes.cpp.o
2026-07-30T14:37:00.8906107Z [593/1574] Building CXX object lib/DebugInfo/PDB/CMakeFiles/LLVMDebugInfoPDB.dir/Native/NativeFunctionSymbol.cpp.o
2026-07-30T14:37:01.4556210Z [594/1574] Building CXX object lib/DebugInfo/PDB/CMakeFiles/LLVMDebugInfoPDB.dir/Native/NativeLineNumber.cpp.o
2026-07-30T14:37:02.4536366Z [595/1574] Building CXX object lib/DebugInfo/PDB/CMakeFiles/LLVMDebugInfoPDB.dir/Native/NativePublicSymbol.cpp.o
2026-07-30T14:37:02.5368058Z [596/1574] Building CXX object lib/DebugInfo/PDB/CMakeFiles/LLVMDebugInfoPDB.dir/Native/NativeInlineSiteSymbol.cpp.o
2026-07-30T14:37:03.6038341Z [597/1574] Building CXX object lib/DebugInfo/PDB/CMakeFiles/LLVMDebugInfoPDB.dir/Native/NativeSourceFile.cpp.o
2026-07-30T14:37:04.9436114Z [598/1574] Building CXX object lib/DebugInfo/PDB/CMakeFiles/LLVMDebugInfoPDB.dir/Native/NativeRawSymbol.cpp.o
2026-07-30T14:37:05.8848454Z [599/1574] Building CXX object lib/DebugInfo/PDB/CMakeFiles/LLVMDebugInfoPDB.dir/Native/NativeTypeArray.cpp.o
2026-07-30T14:37:05.9995885Z [600/1574] Building CXX object lib/DebugInfo/PDB/CMakeFiles/LLVMDebugInfoPDB.dir/Native/NativeTypeBuiltin.cpp.o
2026-07-30T14:37:06.0385951Z [601/1574] Building CXX object lib/DebugInfo/PDB/CMakeFiles/LLVMDebugInfoPDB.dir/Native/NativeSymbolEnumerator.cpp.o
2026-07-30T14:37:08.2195781Z [602/1574] Building CXX object lib/DebugInfo/PDB/CMakeFiles/LLVMDebugInfoPDB.dir/Native/NativeTypePointer.cpp.o
2026-07-30T14:37:08.7909071Z [603/1574] Building CXX object lib/DebugInfo/PDB/CMakeFiles/LLVMDebugInfoPDB.dir/Native/NativeTypeFunctionSig.cpp.o
2026-07-30T14:37:09.3610720Z [604/1574] Building CXX object lib/DebugInfo/PDB/CMakeFiles/LLVMDebugInfoPDB.dir/Native/NativeTypeTypedef.cpp.o
2026-07-30T14:37:09.9319520Z [605/1574] Building CXX object lib/DebugInfo/PDB/CMakeFiles/LLVMDebugInfoPDB.dir/Native/NativeTypeEnum.cpp.o
2026-07-30T14:37:11.1395949Z [606/1574] Building CXX object lib/DebugInfo/PDB/CMakeFiles/LLVMDebugInfoPDB.dir/Native/NamedStreamMap.cpp.o
2026-07-30T14:37:11.6235913Z [607/1574] Building CXX object lib/DebugInfo/PDB/CMakeFiles/LLVMDebugInfoPDB.dir/Native/NativeTypeVTShape.cpp.o
2026-07-30T14:37:11.8758795Z [608/1574] Building CXX object lib/DebugInfo/PDB/CMakeFiles/LLVMDebugInfoPDB.dir/Native/NativeTypeUDT.cpp.o
2026-07-30T14:37:14.5705826Z [609/1574] Building CXX object lib/DebugInfo/PDB/CMakeFiles/LLVMDebugInfoPDB.dir/Native/PDBFile.cpp.o
2026-07-30T14:37:14.6991008Z [610/1574] Building CXX object lib/DebugInfo/PDB/CMakeFiles/LLVMDebugInfoPDB.dir/Native/PDBStringTableBuilder.cpp.o
2026-07-30T14:37:15.1676390Z [611/1574] Building CXX object lib/DebugInfo/PDB/CMakeFiles/LLVMDebugInfoPDB.dir/Native/PDBFileBuilder.cpp.o
2026-07-30T14:37:16.3606502Z [612/1574] Building CXX object lib/DebugInfo/PDB/CMakeFiles/LLVMDebugInfoPDB.dir/Native/PDBStringTable.cpp.o
2026-07-30T14:37:17.3770668Z [613/1574] Building CXX object lib/DebugInfo/PDB/CMakeFiles/LLVMDebugInfoPDB.dir/Native/NativeSession.cpp.o
2026-07-30T14:37:17.6020797Z [614/1574] Building CXX object lib/DebugInfo/PDB/CMakeFiles/LLVMDebugInfoPDB.dir/Native/PublicsStream.cpp.o
2026-07-30T14:37:18.2136947Z [615/1574] Building CXX object lib/DebugInfo/PDB/CMakeFiles/LLVMDebugInfoPDB.dir/Native/RawError.cpp.o
2026-07-30T14:37:20.6760983Z [616/1574] Building CXX object lib/DebugInfo/PDB/CMakeFiles/LLVMDebugInfoPDB.dir/Native/GSIStreamBuilder.cpp.o
2026-07-30T14:37:20.8745978Z [617/1574] Building CXX object lib/DebugInfo/PDB/CMakeFiles/LLVMDebugInfoPDB.dir/Native/SymbolStream.cpp.o
2026-07-30T14:37:21.8265989Z [618/1574] Building CXX object lib/DebugInfo/PDB/CMakeFiles/LLVMDebugInfoPDB.dir/Native/TpiHashing.cpp.o
2026-07-30T14:37:22.0818959Z [619/1574] Building CXX object lib/DebugInfo/PDB/CMakeFiles/LLVMDebugInfoPDB.dir/Native/TpiStream.cpp.o
2026-07-30T14:37:22.2499689Z [620/1574] Linking CXX static library lib/libLLVMDebugInfoDWARF.a
2026-07-30T14:37:23.1786090Z [621/1574] Building CXX object lib/DebugInfo/PDB/CMakeFiles/LLVMDebugInfoPDB.dir/Native/TpiStreamBuilder.cpp.o
2026-07-30T14:37:25.3305786Z [622/1574] Building CXX object lib/DebugInfo/BTF/CMakeFiles/LLVMDebugInfoBTF.dir/BTFParser.cpp.o
2026-07-30T14:37:25.7085565Z [623/1574] Building CXX object lib/DebugInfo/PDB/CMakeFiles/LLVMDebugInfoPDB.dir/Native/SymbolCache.cpp.o
2026-07-30T14:37:25.7505955Z [624/1574] Building CXX object lib/DebugInfo/BTF/CMakeFiles/LLVMDebugInfoBTF.dir/BTFContext.cpp.o
2026-07-30T14:37:26.0295837Z [625/1574] Building CXX object lib/DebugInfo/Symbolize/CMakeFiles/LLVMSymbolize.dir/DIPrinter.cpp.o
2026-07-30T14:37:26.0999615Z [626/1574] Linking CXX static library lib/libLLVMDebugInfoPDB.a
2026-07-30T14:37:26.1201251Z [627/1574] Building CXX object lib/DebugInfo/Symbolize/CMakeFiles/LLVMSymbolize.dir/Markup.cpp.o
2026-07-30T14:37:26.2923813Z [628/1574] Linking CXX static library lib/libLLVMDebugInfoBTF.a
2026-07-30T14:37:29.4069686Z [629/1574] Building CXX object lib/DebugInfo/Symbolize/CMakeFiles/LLVMSymbolize.dir/MarkupFilter.cpp.o
2026-07-30T14:37:33.6610826Z [630/1574] Building CXX object lib/DebugInfo/Symbolize/CMakeFiles/LLVMSymbolize.dir/SymbolizableObjectFile.cpp.o
2026-07-30T14:37:33.8328448Z [631/1574] Building CXX object lib/ProfileData/CMakeFiles/LLVMProfileData.dir/GCOV.cpp.o
2026-07-30T14:37:35.8515661Z [632/1574] Building CXX object lib/ProfileData/CMakeFiles/LLVMProfileData.dir/InstrProfCorrelator.cpp.o
2026-07-30T14:37:37.7346479Z [633/1574] Building CXX object lib/DebugInfo/Symbolize/CMakeFiles/LLVMSymbolize.dir/Symbolize.cpp.o
2026-07-30T14:37:38.1475528Z [634/1574] Linking CXX static library lib/libLLVMSymbolize.a
2026-07-30T14:37:41.1345849Z [635/1574] Building CXX object lib/ProfileData/CMakeFiles/LLVMProfileData.dir/ItaniumManglingCanonicalizer.cpp.o
2026-07-30T14:37:41.3925718Z [636/1574] Building CXX object lib/ProfileData/CMakeFiles/LLVMProfileData.dir/InstrProf.cpp.o
2026-07-30T14:37:44.7905665Z [637/1574] Building CXX object lib/ProfileData/CMakeFiles/LLVMProfileData.dir/PGOCtxProfWriter.cpp.o
2026-07-30T14:37:45.7705962Z [638/1574] Building CXX object lib/ProfileData/CMakeFiles/LLVMProfileData.dir/PGOCtxProfReader.cpp.o
2026-07-30T14:37:48.5262383Z [639/1574] Building CXX object lib/ProfileData/CMakeFiles/LLVMProfileData.dir/InstrProfReader.cpp.o
2026-07-30T14:37:48.7715780Z [640/1574] Building CXX object lib/ProfileData/CMakeFiles/LLVMProfileData.dir/InstrProfWriter.cpp.o
2026-07-30T14:37:48.9725261Z [641/1574] Building CXX object lib/ProfileData/CMakeFiles/LLVMProfileData.dir/MemProf.cpp.o
2026-07-30T14:37:53.4905777Z [642/1574] Building CXX object lib/ProfileData/CMakeFiles/LLVMProfileData.dir/SymbolRemappingReader.cpp.o
2026-07-30T14:37:55.8425763Z [643/1574] Building CXX object lib/ProfileData/CMakeFiles/LLVMProfileData.dir/ProfileSummaryBuilder.cpp.o
2026-07-30T14:37:56.9925855Z [644/1574] Building CXX object lib/ProfileData/CMakeFiles/LLVMProfileData.dir/SampleProf.cpp.o
2026-07-30T14:37:58.6876094Z [645/1574] Building CXX object lib/ProfileData/CMakeFiles/LLVMProfileData.dir/MemProfReader.cpp.o
2026-07-30T14:37:59.7428287Z [646/1574] Building CXX object lib/ProfileData/CMakeFiles/LLVMProfileData.dir/SampleProfReader.cpp.o
2026-07-30T14:38:00.7686057Z [647/1574] Building CXX object lib/Analysis/CMakeFiles/LLVMAnalysis.dir/AliasAnalysis.cpp.o
2026-07-30T14:38:01.1084713Z [648/1574] Building CXX object lib/ProfileData/CMakeFiles/LLVMProfileData.dir/SampleProfWriter.cpp.o
2026-07-30T14:38:01.5060357Z [649/1574] Building CXX object lib/Analysis/CMakeFiles/LLVMAnalysis.dir/AliasAnalysisEvaluator.cpp.o
2026-07-30T14:38:02.9562659Z [650/1574] Building CXX object lib/Analysis/CMakeFiles/LLVMAnalysis.dir/Analysis.cpp.o
2026-07-30T14:38:08.1815882Z [651/1574] Building CXX object lib/Analysis/CMakeFiles/LLVMAnalysis.dir/BlockFrequencyInfoImpl.cpp.o
2026-07-30T14:38:09.1615865Z [652/1574] Building CXX object lib/Analysis/CMakeFiles/LLVMAnalysis.dir/AssumeBundleQueries.cpp.o
2026-07-30T14:38:09.1765690Z [653/1574] Building CXX object lib/Analysis/CMakeFiles/LLVMAnalysis.dir/AliasSetTracker.cpp.o
2026-07-30T14:38:11.1232970Z [654/1574] Building CXX object lib/Analysis/CMakeFiles/LLVMAnalysis.dir/AssumptionCache.cpp.o
2026-07-30T14:38:13.0006842Z [655/1574] Building CXX object lib/Analysis/CMakeFiles/LLVMAnalysis.dir/BlockFrequencyInfo.cpp.o
2026-07-30T14:38:14.3795746Z [656/1574] Building CXX object lib/Analysis/CMakeFiles/LLVMAnalysis.dir/CFG.cpp.o
2026-07-30T14:38:15.9145339Z [657/1574] Building CXX object lib/Analysis/CMakeFiles/LLVMAnalysis.dir/BasicAliasAnalysis.cpp.o
2026-07-30T14:38:17.0505691Z [658/1574] Building CXX object lib/Analysis/CMakeFiles/LLVMAnalysis.dir/CFGSCCPrinter.cpp.o
2026-07-30T14:38:18.3385667Z [659/1574] Building CXX object lib/Analysis/CMakeFiles/LLVMAnalysis.dir/CFGPrinter.cpp.o
2026-07-30T14:38:19.4311390Z [660/1574] Building CXX object lib/Analysis/CMakeFiles/LLVMAnalysis.dir/BranchProbabilityInfo.cpp.o
2026-07-30T14:38:23.0577241Z [661/1574] Building CXX object lib/Analysis/CMakeFiles/LLVMAnalysis.dir/CGSCCPassManager.cpp.o
2026-07-30T14:38:23.0975452Z [662/1574] Building CXX object lib/Analysis/CMakeFiles/LLVMAnalysis.dir/CallGraphSCCPass.cpp.o
2026-07-30T14:38:23.9220112Z [663/1574] Building CXX object lib/Analysis/CMakeFiles/LLVMAnalysis.dir/CallGraph.cpp.o
2026-07-30T14:38:24.7499527Z [664/1574] Building CXX object lib/Analysis/CMakeFiles/LLVMAnalysis.dir/CmpInstAnalysis.cpp.o
2026-07-30T14:38:26.8066060Z [665/1574] Building CXX object lib/Analysis/CMakeFiles/LLVMAnalysis.dir/CallPrinter.cpp.o
2026-07-30T14:38:27.3786120Z [666/1574] Building CXX object lib/Analysis/CMakeFiles/LLVMAnalysis.dir/CaptureTracking.cpp.o
2026-07-30T14:38:29.3045510Z [667/1574] Building CXX object lib/Analysis/CMakeFiles/LLVMAnalysis.dir/CycleAnalysis.cpp.o
2026-07-30T14:38:30.1865630Z [668/1574] Building CXX object lib/Analysis/CMakeFiles/LLVMAnalysis.dir/CodeMetrics.cpp.o
2026-07-30T14:38:31.8715677Z [669/1574] Building CXX object lib/Analysis/CMakeFiles/LLVMAnalysis.dir/CostModel.cpp.o
2026-07-30T14:38:32.4225998Z [670/1574] Building CXX object lib/Analysis/CMakeFiles/LLVMAnalysis.dir/ConstraintSystem.cpp.o
2026-07-30T14:38:34.0501834Z [671/1574] Building CXX object lib/Analysis/CMakeFiles/LLVMAnalysis.dir/DDGPrinter.cpp.o
2026-07-30T14:38:35.8376292Z [672/1574] Building CXX object lib/Analysis/CMakeFiles/LLVMAnalysis.dir/ConstantFolding.cpp.o
2026-07-30T14:38:36.1905573Z [673/1574] Building CXX object lib/Analysis/CMakeFiles/LLVMAnalysis.dir/DDG.cpp.o
2026-07-30T14:38:38.6255835Z [674/1574] Building CXX object lib/Analysis/CMakeFiles/LLVMAnalysis.dir/DevelopmentModeInlineAdvisor.cpp.o
2026-07-30T14:38:38.9535892Z [675/1574] Building CXX object lib/Analysis/CMakeFiles/LLVMAnalysis.dir/DemandedBits.cpp.o
2026-07-30T14:38:39.2498307Z [676/1574] Building CXX object lib/Analysis/CMakeFiles/LLVMAnalysis.dir/Delinearization.cpp.o
2026-07-30T14:38:40.6834089Z [677/1574] Building CXX object lib/Analysis/CMakeFiles/LLVMAnalysis.dir/DomConditionCache.cpp.o
2026-07-30T14:38:43.1615877Z [678/1574] Building CXX object lib/Analysis/CMakeFiles/LLVMAnalysis.dir/DependenceGraphBuilder.cpp.o
2026-07-30T14:38:43.6385712Z [679/1574] Building CXX object lib/Analysis/CMakeFiles/LLVMAnalysis.dir/DependenceAnalysis.cpp.o
2026-07-30T14:38:45.5245871Z [680/1574] Building CXX object lib/Analysis/CMakeFiles/LLVMAnalysis.dir/DomTreeUpdater.cpp.o
2026-07-30T14:38:46.1625595Z [681/1574] Building CXX object lib/Analysis/CMakeFiles/LLVMAnalysis.dir/DomPrinter.cpp.o
2026-07-30T14:38:47.7290277Z [682/1574] Building CXX object lib/Analysis/CMakeFiles/LLVMAnalysis.dir/DominanceFrontier.cpp.o
2026-07-30T14:38:49.3448304Z [683/1574] Building CXX object lib/Analysis/CMakeFiles/LLVMAnalysis.dir/HeatUtils.cpp.o
2026-07-30T14:38:49.6199093Z [684/1574] Building CXX object lib/Analysis/CMakeFiles/LLVMAnalysis.dir/FunctionPropertiesAnalysis.cpp.o
2026-07-30T14:38:50.6235584Z [685/1574] Building CXX object lib/Analysis/CMakeFiles/LLVMAnalysis.dir/GuardUtils.cpp.o
2026-07-30T14:38:55.1055880Z [686/1574] Building CXX object lib/Analysis/CMakeFiles/LLVMAnalysis.dir/GlobalsModRef.cpp.o
2026-07-30T14:38:55.9055996Z [687/1574] Building CXX object lib/Analysis/CMakeFiles/LLVMAnalysis.dir/ImportedFunctionsInliningStatistics.cpp.o
2026-07-30T14:38:56.5395561Z [688/1574] Building CXX object lib/Analysis/CMakeFiles/LLVMAnalysis.dir/IVDescriptors.cpp.o
2026-07-30T14:38:57.2317399Z [689/1574] Building CXX object lib/Analysis/CMakeFiles/LLVMAnalysis.dir/IndirectCallPromotionAnalysis.cpp.o
2026-07-30T14:38:57.6777081Z [690/1574] Building CXX object lib/Analysis/CMakeFiles/LLVMAnalysis.dir/IVUsers.cpp.o
2026-07-30T14:38:59.8615829Z [691/1574] Building CXX object lib/Analysis/CMakeFiles/LLVMAnalysis.dir/IRSimilarityIdentifier.cpp.o
2026-07-30T14:39:01.8245778Z [692/1574] Building CXX object lib/Analysis/CMakeFiles/LLVMAnalysis.dir/InlineSizeEstimatorAnalysis.cpp.o
2026-07-30T14:39:04.6555871Z [693/1574] Building CXX object lib/Analysis/CMakeFiles/LLVMAnalysis.dir/InlineAdvisor.cpp.o
2026-07-30T14:39:06.2665590Z [694/1574] Building CXX object lib/Analysis/CMakeFiles/LLVMAnalysis.dir/InstCount.cpp.o
2026-07-30T14:39:06.3965796Z [695/1574] Building CXX object lib/Analysis/CMakeFiles/LLVMAnalysis.dir/InlineOrder.cpp.o
2026-07-30T14:39:08.6866416Z [696/1574] Building CXX object lib/Analysis/CMakeFiles/LLVMAnalysis.dir/InstructionPrecedenceTracking.cpp.o
2026-07-30T14:39:10.0015902Z [697/1574] Building CXX object lib/Analysis/CMakeFiles/LLVMAnalysis.dir/InteractiveModelRunner.cpp.o
2026-07-30T14:39:11.0135614Z [698/1574] Building CXX object lib/Analysis/CMakeFiles/LLVMAnalysis.dir/InlineCost.cpp.o
2026-07-30T14:39:12.2086019Z [699/1574] Building CXX object lib/Analysis/CMakeFiles/LLVMAnalysis.dir/LazyBlockFrequencyInfo.cpp.o
2026-07-30T14:39:12.5669368Z [700/1574] Building CXX object lib/Analysis/CMakeFiles/LLVMAnalysis.dir/LazyBranchProbabilityInfo.cpp.o
2026-07-30T14:39:16.0052909Z [701/1574] Building CXX object lib/Analysis/CMakeFiles/LLVMAnalysis.dir/Local.cpp.o
2026-07-30T14:39:17.9935713Z [702/1574] Building CXX object lib/Analysis/CMakeFiles/LLVMAnalysis.dir/InstructionSimplify.cpp.o
2026-07-30T14:39:20.0287102Z [703/1574] Building CXX object lib/Analysis/CMakeFiles/LLVMAnalysis.dir/Lint.cpp.o
2026-07-30T14:39:20.8695865Z [704/1574] Building CXX object lib/Analysis/CMakeFiles/LLVMAnalysis.dir/LazyCallGraph.cpp.o
2026-07-30T14:39:21.6538790Z [705/1574] Building CXX object lib/Analysis/CMakeFiles/LLVMAnalysis.dir/LazyValueInfo.cpp.o
2026-07-30T14:39:23.0214974Z [706/1574] Building CXX object lib/Analysis/CMakeFiles/LLVMAnalysis.dir/Loads.cpp.o
2026-07-30T14:39:26.5345205Z [707/1574] Building CXX object lib/Analysis/CMakeFiles/LLVMAnalysis.dir/LoopAnalysisManager.cpp.o
2026-07-30T14:39:29.1925714Z [708/1574] Building CXX object lib/Analysis/CMakeFiles/LLVMAnalysis.dir/LoopNestAnalysis.cpp.o
2026-07-30T14:39:29.7859600Z [709/1574] Building CXX object lib/Analysis/CMakeFiles/LLVMAnalysis.dir/LoopCacheAnalysis.cpp.o
2026-07-30T14:39:30.7265721Z [710/1574] Building CXX object lib/Analysis/CMakeFiles/LLVMAnalysis.dir/LoopUnrollAnalyzer.cpp.o
2026-07-30T14:39:33.6996040Z [711/1574] Building CXX object lib/Analysis/CMakeFiles/LLVMAnalysis.dir/LoopAccessAnalysis.cpp.o
2026-07-30T14:39:34.0525496Z [712/1574] Building CXX object lib/Analysis/CMakeFiles/LLVMAnalysis.dir/LoopPass.cpp.o
2026-07-30T14:39:36.3115861Z [713/1574] Building CXX object lib/Analysis/CMakeFiles/LLVMAnalysis.dir/LoopInfo.cpp.o
2026-07-30T14:39:36.6225488Z [714/1574] Building CXX object lib/Analysis/CMakeFiles/LLVMAnalysis.dir/MemDerefPrinter.cpp.o
2026-07-30T14:39:39.5665974Z [715/1574] Building CXX object lib/Analysis/CMakeFiles/LLVMAnalysis.dir/MemoryLocation.cpp.o
2026-07-30T14:39:40.4692596Z [716/1574] Building CXX object lib/Analysis/CMakeFiles/LLVMAnalysis.dir/MLInlineAdvisor.cpp.o
2026-07-30T14:39:42.0438949Z [717/1574] Building CXX object lib/Analysis/CMakeFiles/LLVMAnalysis.dir/ModelUnderTrainingRunner.cpp.o
2026-07-30T14:39:43.2064783Z [718/1574] Building CXX object lib/Analysis/CMakeFiles/LLVMAnalysis.dir/MemoryBuiltins.cpp.o
2026-07-30T14:39:43.9636099Z [719/1574] Building CXX object lib/Analysis/CMakeFiles/LLVMAnalysis.dir/MemoryProfileInfo.cpp.o
2026-07-30T14:39:46.9495686Z [720/1574] Building CXX object lib/Analysis/CMakeFiles/LLVMAnalysis.dir/MemoryDependenceAnalysis.cpp.o
2026-07-30T14:39:49.2895673Z [721/1574] Building CXX object lib/Analysis/CMakeFiles/LLVMAnalysis.dir/NoInferenceModelRunner.cpp.o
2026-07-30T14:39:51.9055696Z [722/1574] Building CXX object lib/Analysis/CMakeFiles/LLVMAnalysis.dir/ModuleDebugInfoPrinter.cpp.o
2026-07-30T14:39:51.9496147Z [723/1574] Building CXX object lib/Analysis/CMakeFiles/LLVMAnalysis.dir/MemorySSA.cpp.o
2026-07-30T14:39:52.8805551Z [724/1574] Building CXX object lib/Analysis/CMakeFiles/LLVMAnalysis.dir/MemorySSAUpdater.cpp.o
2026-07-30T14:39:54.2740583Z [725/1574] Building CXX object lib/Analysis/CMakeFiles/LLVMAnalysis.dir/ObjCARCAliasAnalysis.cpp.o
2026-07-30T14:39:54.4695924Z [726/1574] Building CXX object lib/Analysis/CMakeFiles/LLVMAnalysis.dir/MustExecute.cpp.o
2026-07-30T14:39:55.4080071Z [727/1574] Building CXX object lib/Analysis/CMakeFiles/LLVMAnalysis.dir/ObjCARCInstKind.cpp.o
2026-07-30T14:39:58.9692939Z [728/1574] Building CXX object lib/Analysis/CMakeFiles/LLVMAnalysis.dir/ObjCARCAnalysisUtils.cpp.o
2026-07-30T14:40:00.1200345Z [729/1574] Building CXX object lib/Analysis/CMakeFiles/LLVMAnalysis.dir/PhiValues.cpp.o
2026-07-30T14:40:00.3425777Z [730/1574] Building CXX object lib/Analysis/CMakeFiles/LLVMAnalysis.dir/OverflowInstAnalysis.cpp.o
2026-07-30T14:40:00.8346070Z [731/1574] Building CXX object lib/Analysis/CMakeFiles/LLVMAnalysis.dir/OptimizationRemarkEmitter.cpp.o
2026-07-30T14:40:01.6445835Z [732/1574] Building CXX object lib/Analysis/CMakeFiles/LLVMAnalysis.dir/PHITransAddr.cpp.o
2026-07-30T14:40:02.8705779Z [733/1574] Building CXX object lib/Analysis/CMakeFiles/LLVMAnalysis.dir/ModuleSummaryAnalysis.cpp.o
2026-07-30T14:40:03.8805879Z [734/1574] Building CXX object lib/Analysis/CMakeFiles/LLVMAnalysis.dir/PostDominators.cpp.o
2026-07-30T14:40:07.6944935Z [735/1574] Building CXX object lib/Analysis/CMakeFiles/LLVMAnalysis.dir/PtrUseVisitor.cpp.o
2026-07-30T14:40:07.7679079Z [736/1574] Building CXX object lib/Analysis/CMakeFiles/LLVMAnalysis.dir/RegionPass.cpp.o
2026-07-30T14:40:08.7546354Z [737/1574] Building CXX object lib/Analysis/CMakeFiles/LLVMAnalysis.dir/ReplayInlineAdvisor.cpp.o
2026-07-30T14:40:11.3797866Z [738/1574] Building CXX object lib/Analysis/CMakeFiles/LLVMAnalysis.dir/ProfileSummaryInfo.cpp.o
2026-07-30T14:40:12.0065838Z [739/1574] Building CXX object lib/Analysis/CMakeFiles/LLVMAnalysis.dir/ScalarEvolutionAliasAnalysis.cpp.o
2026-07-30T14:40:12.4027259Z [740/1574] Building CXX object lib/Analysis/CMakeFiles/LLVMAnalysis.dir/RegionInfo.cpp.o
2026-07-30T14:40:12.8165791Z [741/1574] Building CXX object lib/Analysis/CMakeFiles/LLVMAnalysis.dir/RegionPrinter.cpp.o
2026-07-30T14:40:15.4657006Z [742/1574] Building CXX object lib/Analysis/CMakeFiles/LLVMAnalysis.dir/ScalarEvolutionDivision.cpp.o
2026-07-30T14:40:16.6327177Z [743/1574] Building CXX object lib/Analysis/CMakeFiles/LLVMAnalysis.dir/ScalarEvolutionNormalization.cpp.o
2026-07-30T14:40:16.7875598Z [744/1574] Building CXX object lib/Analysis/CMakeFiles/LLVMAnalysis.dir/TFLiteUtils.cpp.o
2026-07-30T14:40:18.2563374Z [745/1574] Building CXX object lib/Analysis/CMakeFiles/LLVMAnalysis.dir/StructuralHash.cpp.o
2026-07-30T14:40:22.0190582Z [746/1574] Building CXX object lib/Analysis/CMakeFiles/LLVMAnalysis.dir/StackLifetime.cpp.o
2026-07-30T14:40:25.5215973Z [747/1574] Building CXX object lib/Analysis/CMakeFiles/LLVMAnalysis.dir/SyntheticCountsUtils.cpp.o
2026-07-30T14:40:29.1667435Z [748/1574] Building CXX object lib/Analysis/CMakeFiles/LLVMAnalysis.dir/TensorSpec.cpp.o
2026-07-30T14:40:30.3425759Z [749/1574] Building CXX object lib/Analysis/CMakeFiles/LLVMAnalysis.dir/TargetLibraryInfo.cpp.o
2026-07-30T14:40:30.3705860Z [750/1574] Building CXX object lib/Analysis/CMakeFiles/LLVMAnalysis.dir/TargetTransformInfo.cpp.o
2026-07-30T14:40:30.6911111Z [751/1574] Building CXX object lib/Analysis/CMakeFiles/LLVMAnalysis.dir/Trace.cpp.o
2026-07-30T14:40:31.5825905Z [752/1574] Building CXX object lib/Analysis/CMakeFiles/LLVMAnalysis.dir/StackSafetyAnalysis.cpp.o
2026-07-30T14:40:33.1735780Z [753/1574] Building CXX object lib/Analysis/CMakeFiles/LLVMAnalysis.dir/TrainingLogger.cpp.o
2026-07-30T14:40:35.4470538Z [754/1574] Building CXX object lib/Analysis/CMakeFiles/LLVMAnalysis.dir/TypeBasedAliasAnalysis.cpp.o
2026-07-30T14:40:37.2942896Z [755/1574] Building CXX object lib/Analysis/CMakeFiles/LLVMAnalysis.dir/ValueLattice.cpp.o
2026-07-30T14:40:37.8081221Z [756/1574] Building CXX object lib/Analysis/CMakeFiles/LLVMAnalysis.dir/ScalarEvolution.cpp.o
2026-07-30T14:40:38.6788950Z [757/1574] Building CXX object lib/Analysis/CMakeFiles/LLVMAnalysis.dir/UniformityAnalysis.cpp.o
2026-07-30T14:40:38.7559359Z [758/1574] Building CXX object lib/Analysis/CMakeFiles/LLVMAnalysis.dir/ScopedNoAliasAA.cpp.o
2026-07-30T14:40:38.9075653Z [759/1574] Linking CXX static library lib/libLLVMProfileData.a
2026-07-30T14:40:39.2133624Z [760/1574] Building CXX object lib/Analysis/CMakeFiles/LLVMAnalysis.dir/TypeMetadataUtils.cpp.o
2026-07-30T14:40:41.3216388Z [761/1574] Building CXX object lib/Analysis/CMakeFiles/LLVMAnalysis.dir/ValueLatticeUtils.cpp.o
2026-07-30T14:40:42.2491821Z [762/1574] Building CXX object lib/Transforms/Utils/CMakeFiles/LLVMTransformUtils.dir/ASanStackFrameLayout.cpp.o
2026-07-30T14:40:46.4056164Z [763/1574] Building CXX object lib/Transforms/Utils/CMakeFiles/LLVMTransformUtils.dir/AMDGPUEmitPrintf.cpp.o
2026-07-30T14:40:49.7605820Z [764/1574] Building CXX object lib/Transforms/Utils/CMakeFiles/LLVMTransformUtils.dir/AddDiscriminators.cpp.o
2026-07-30T14:40:50.6255348Z [765/1574] Building CXX object lib/Analysis/CMakeFiles/LLVMAnalysis.dir/VectorUtils.cpp.o
2026-07-30T14:40:51.9304907Z [766/1574] Building CXX object lib/Transforms/Utils/CMakeFiles/LLVMTransformUtils.dir/BreakCriticalEdges.cpp.o
2026-07-30T14:40:52.1437407Z [767/1574] Building CXX object lib/Transforms/Utils/CMakeFiles/LLVMTransformUtils.dir/AssumeBundleBuilder.cpp.o
2026-07-30T14:40:56.7685622Z [768/1574] Building CXX object lib/Transforms/Utils/CMakeFiles/LLVMTransformUtils.dir/BuildLibCalls.cpp.o
2026-07-30T14:40:57.5845801Z [769/1574] Building CXX object lib/Transforms/Utils/CMakeFiles/LLVMTransformUtils.dir/BasicBlockUtils.cpp.o
2026-07-30T14:40:57.5946782Z [770/1574] Building CXX object lib/Transforms/Utils/CMakeFiles/LLVMTransformUtils.dir/BypassSlowDivision.cpp.o
2026-07-30T14:40:58.9105823Z [771/1574] Building CXX object lib/Transforms/Utils/CMakeFiles/LLVMTransformUtils.dir/CallGraphUpdater.cpp.o
2026-07-30T14:40:59.9653528Z [772/1574] Building CXX object lib/Analysis/CMakeFiles/LLVMAnalysis.dir/ValueTracking.cpp.o
2026-07-30T14:41:00.5975778Z [773/1574] Building CXX object lib/Transforms/Utils/CMakeFiles/LLVMTransformUtils.dir/CallPromotionUtils.cpp.o
2026-07-30T14:41:03.3576723Z [774/1574] Building CXX object lib/Transforms/Utils/CMakeFiles/LLVMTransformUtils.dir/CanonicalizeAliases.cpp.o
2026-07-30T14:41:03.6766438Z [775/1574] Building CXX object lib/Transforms/Utils/CMakeFiles/LLVMTransformUtils.dir/CloneModule.cpp.o
2026-07-30T14:41:04.6415810Z [776/1574] Building CXX object lib/Transforms/Utils/CMakeFiles/LLVMTransformUtils.dir/CanonicalizeFreezeInLoops.cpp.o
2026-07-30T14:41:07.7955816Z [777/1574] Building CXX object lib/Transforms/Utils/CMakeFiles/LLVMTransformUtils.dir/CtorUtils.cpp.o
2026-07-30T14:41:08.0186054Z [778/1574] Building CXX object lib/Transforms/Utils/CMakeFiles/LLVMTransformUtils.dir/CodeMoverUtils.cpp.o
2026-07-30T14:41:09.3685858Z [779/1574] Building CXX object lib/Transforms/Utils/CMakeFiles/LLVMTransformUtils.dir/CountVisits.cpp.o
2026-07-30T14:41:09.4075851Z [780/1574] Building CXX object lib/Transforms/Utils/CMakeFiles/LLVMTransformUtils.dir/CodeLayout.cpp.o
2026-07-30T14:41:09.4995734Z [781/1574] Building CXX object lib/Transforms/Utils/CMakeFiles/LLVMTransformUtils.dir/CloneFunction.cpp.o
2026-07-30T14:41:12.9655778Z [782/1574] Building CXX object lib/Transforms/Utils/CMakeFiles/LLVMTransformUtils.dir/DXILUpgrade.cpp.o
2026-07-30T14:41:13.7511533Z [783/1574] Building CXX object lib/Transforms/Utils/CMakeFiles/LLVMTransformUtils.dir/CodeExtractor.cpp.o
2026-07-30T14:41:13.8111207Z [784/1574] Building CXX object lib/Transforms/Utils/CMakeFiles/LLVMTransformUtils.dir/DemoteRegToStack.cpp.o
2026-07-30T14:41:14.0455244Z [785/1574] Building CXX object lib/Transforms/Utils/CMakeFiles/LLVMTransformUtils.dir/DXILResource.cpp.o
2026-07-30T14:41:17.1186039Z [786/1574] Building CXX object lib/Transforms/Utils/CMakeFiles/LLVMTransformUtils.dir/EntryExitInstrumenter.cpp.o
2026-07-30T14:41:18.9263529Z [787/1574] Building CXX object lib/Transforms/Utils/CMakeFiles/LLVMTransformUtils.dir/EscapeEnumerator.cpp.o
2026-07-30T14:41:19.7457225Z [788/1574] Building CXX object lib/Transforms/Utils/CMakeFiles/LLVMTransformUtils.dir/FixIrreducible.cpp.o
2026-07-30T14:41:21.6699568Z [789/1574] Building CXX object lib/Transforms/Utils/CMakeFiles/LLVMTransformUtils.dir/Evaluator.cpp.o
2026-07-30T14:41:23.4259581Z [790/1574] Building CXX object lib/Transforms/Utils/CMakeFiles/LLVMTransformUtils.dir/Debugify.cpp.o
2026-07-30T14:41:23.8306032Z [791/1574] Building CXX object lib/Transforms/Utils/CMakeFiles/LLVMTransformUtils.dir/FlattenCFG.cpp.o
2026-07-30T14:41:23.8387066Z [792/1574] Building CXX object lib/Transforms/Utils/CMakeFiles/LLVMTransformUtils.dir/FunctionComparator.cpp.o
2026-07-30T14:41:26.3955922Z [793/1574] Building CXX object lib/Transforms/Utils/CMakeFiles/LLVMTransformUtils.dir/GlobalStatus.cpp.o
2026-07-30T14:41:26.6225927Z [794/1574] Building CXX object lib/Transforms/Utils/CMakeFiles/LLVMTransformUtils.dir/HelloWorld.cpp.o
2026-07-30T14:41:26.8345918Z [795/1574] Building CXX object lib/Transforms/Utils/CMakeFiles/LLVMTransformUtils.dir/FunctionImportUtils.cpp.o
2026-07-30T14:41:29.3925765Z [796/1574] Building CXX object lib/Transforms/Utils/CMakeFiles/LLVMTransformUtils.dir/GuardUtils.cpp.o
2026-07-30T14:41:31.0559658Z [797/1574] Building CXX object lib/Transforms/Utils/CMakeFiles/LLVMTransformUtils.dir/InstructionNamer.cpp.o
2026-07-30T14:41:33.7095803Z [798/1574] Building CXX object lib/Transforms/Utils/CMakeFiles/LLVMTransformUtils.dir/IntegerDivision.cpp.o
2026-07-30T14:41:34.3896239Z [799/1574] Building CXX object lib/Transforms/Utils/CMakeFiles/LLVMTransformUtils.dir/InjectTLIMappings.cpp.o
2026-07-30T14:41:36.3535873Z [800/1574] Building CXX object lib/Transforms/Utils/CMakeFiles/LLVMTransformUtils.dir/LCSSA.cpp.o
2026-07-30T14:41:38.4186078Z [801/1574] Building CXX object lib/Transforms/Utils/CMakeFiles/LLVMTransformUtils.dir/LibCallsShrinkWrap.cpp.o
2026-07-30T14:41:42.1927623Z [802/1574] Building CXX object lib/Transforms/Utils/CMakeFiles/LLVMTransformUtils.dir/LoopConstrainer.cpp.o
2026-07-30T14:41:45.4235794Z [803/1574] Building CXX object lib/Transforms/Utils/CMakeFiles/LLVMTransformUtils.dir/InlineFunction.cpp.o
2026-07-30T14:41:45.6426021Z [804/1574] Building CXX object lib/Transforms/Utils/CMakeFiles/LLVMTransformUtils.dir/LoopPeel.cpp.o
2026-07-30T14:41:47.3445888Z [805/1574] Building CXX object lib/Transforms/Utils/CMakeFiles/LLVMTransformUtils.dir/LoopRotationUtils.cpp.o
2026-07-30T14:41:49.1435941Z [806/1574] Building CXX object lib/Transforms/Utils/CMakeFiles/LLVMTransformUtils.dir/LoopSimplify.cpp.o
2026-07-30T14:41:50.6745736Z [807/1574] Building CXX object lib/Transforms/Utils/CMakeFiles/LLVMTransformUtils.dir/Local.cpp.o
2026-07-30T14:41:54.1945884Z [808/1574] Building CXX object lib/Transforms/Utils/CMakeFiles/LLVMTransformUtils.dir/LowerAtomic.cpp.o
2026-07-30T14:41:55.3711467Z [809/1574] Building CXX object lib/Transforms/Utils/CMakeFiles/LLVMTransformUtils.dir/LoopUnrollRuntime.cpp.o
2026-07-30T14:41:58.1576740Z [810/1574] Building CXX object lib/Transforms/Utils/CMakeFiles/LLVMTransformUtils.dir/LoopUnroll.cpp.o
2026-07-30T14:41:58.6947320Z [811/1574] Building CXX object lib/Transforms/Utils/CMakeFiles/LLVMTransformUtils.dir/LowerGlobalDtors.cpp.o
2026-07-30T14:42:00.6409954Z [812/1574] Building CXX object lib/Transforms/Utils/CMakeFiles/LLVMTransformUtils.dir/LowerIFunc.cpp.o
2026-07-30T14:42:01.2445845Z [813/1574] Building CXX object lib/Transforms/Utils/CMakeFiles/LLVMTransformUtils.dir/LoopUnrollAndJam.cpp.o
2026-07-30T14:42:01.3405728Z [814/1574] Building CXX object lib/Transforms/Utils/CMakeFiles/LLVMTransformUtils.dir/LoopVersioning.cpp.o
2026-07-30T14:42:02.7795940Z [815/1574] Building CXX object lib/Transforms/Utils/CMakeFiles/LLVMTransformUtils.dir/LowerInvoke.cpp.o
2026-07-30T14:42:03.8765644Z [816/1574] Building CXX object lib/Transforms/Utils/CMakeFiles/LLVMTransformUtils.dir/LoopUtils.cpp.o
2026-07-30T14:42:06.1216657Z [817/1574] Building CXX object lib/Transforms/Utils/CMakeFiles/LLVMTransformUtils.dir/LowerMemIntrinsics.cpp.o
2026-07-30T14:42:06.9529905Z [818/1574] Building CXX object lib/Transforms/Utils/CMakeFiles/LLVMTransformUtils.dir/LowerSwitch.cpp.o
2026-07-30T14:42:09.7582853Z [819/1574] Building CXX object lib/Transforms/Utils/CMakeFiles/LLVMTransformUtils.dir/MemoryOpRemark.cpp.o
2026-07-30T14:42:10.1066041Z [820/1574] Building CXX object lib/Transforms/Utils/CMakeFiles/LLVMTransformUtils.dir/Mem2Reg.cpp.o
2026-07-30T14:42:10.1696045Z [821/1574] Building CXX object lib/Transforms/Utils/CMakeFiles/LLVMTransformUtils.dir/MatrixUtils.cpp.o
2026-07-30T14:42:12.5713441Z [822/1574] Building CXX object lib/Transforms/Utils/CMakeFiles/LLVMTransformUtils.dir/MetaRenamer.cpp.o
2026-07-30T14:42:13.3575785Z [823/1574] Building CXX object lib/Transforms/Utils/CMakeFiles/LLVMTransformUtils.dir/MisExpect.cpp.o
2026-07-30T14:42:15.7696112Z [824/1574] Building CXX object lib/Transforms/Utils/CMakeFiles/LLVMTransformUtils.dir/NameAnonGlobals.cpp.o
2026-07-30T14:42:17.6996163Z [825/1574] Building CXX object lib/Transforms/Utils/CMakeFiles/LLVMTransformUtils.dir/MemoryTaggingSupport.cpp.o
2026-07-30T14:42:17.9495683Z [826/1574] Building CXX object lib/Transforms/Utils/CMakeFiles/LLVMTransformUtils.dir/ModuleUtils.cpp.o
2026-07-30T14:42:21.0316477Z [827/1574] Building CXX object lib/Transforms/Utils/CMakeFiles/LLVMTransformUtils.dir/RelLookupTableConverter.cpp.o
2026-07-30T14:42:22.4968581Z [828/1574] Building CXX object lib/Transforms/Utils/CMakeFiles/LLVMTransformUtils.dir/PredicateInfo.cpp.o
2026-07-30T14:42:23.4835975Z [829/1574] Building CXX object lib/Transforms/Utils/CMakeFiles/LLVMTransformUtils.dir/MoveAutoInit.cpp.o
2026-07-30T14:42:24.0895834Z [830/1574] Building CXX object lib/Transforms/Utils/CMakeFiles/LLVMTransformUtils.dir/PromoteMemoryToRegister.cpp.o
2026-07-30T14:42:27.4365834Z [831/1574] Building CXX object lib/Transforms/Utils/CMakeFiles/LLVMTransformUtils.dir/SCCPSolver.cpp.o
2026-07-30T14:42:28.7156126Z [832/1574] Building CXX object lib/Transforms/Utils/CMakeFiles/LLVMTransformUtils.dir/SampleProfileInference.cpp.o
2026-07-30T14:42:29.6925768Z [833/1574] Building CXX object lib/Transforms/Utils/CMakeFiles/LLVMTransformUtils.dir/StripGCRelocates.cpp.o
2026-07-30T14:42:30.8896633Z [834/1574] Building CXX object lib/Transforms/Utils/CMakeFiles/LLVMTransformUtils.dir/SSAUpdater.cpp.o
2026-07-30T14:42:33.4923812Z [835/1574] Building CXX object lib/Transforms/Utils/CMakeFiles/LLVMTransformUtils.dir/SanitizerStats.cpp.o
2026-07-30T14:42:33.5666691Z [836/1574] Building CXX object lib/Transforms/Utils/CMakeFiles/LLVMTransformUtils.dir/SSAUpdaterBulk.cpp.o
2026-07-30T14:42:35.3183466Z [837/1574] Building CXX object lib/Transforms/Utils/CMakeFiles/LLVMTransformUtils.dir/SampleProfileLoaderBaseUtil.cpp.o
2026-07-30T14:42:35.6663039Z [838/1574] Building CXX object lib/Transforms/Utils/CMakeFiles/LLVMTransformUtils.dir/ScalarEvolutionExpander.cpp.o
2026-07-30T14:42:38.0866421Z [839/1574] Building CXX object lib/Transforms/Utils/CMakeFiles/LLVMTransformUtils.dir/SizeOpts.cpp.o
2026-07-30T14:42:41.9416105Z [840/1574] Building CXX object lib/Transforms/Utils/CMakeFiles/LLVMTransformUtils.dir/SplitModule.cpp.o
2026-07-30T14:42:42.9446138Z [841/1574] Building CXX object lib/Transforms/Utils/CMakeFiles/LLVMTransformUtils.dir/SimplifyIndVar.cpp.o
2026-07-30T14:42:43.0216123Z [842/1574] Building CXX object lib/Transforms/Utils/CMakeFiles/LLVMTransformUtils.dir/StripNonLineTableDebugInfo.cpp.o
2026-07-30T14:42:46.3047990Z [843/1574] Building CXX object lib/Transforms/Utils/CMakeFiles/LLVMTransformUtils.dir/SymbolRewriter.cpp.o
2026-07-30T14:42:46.3735654Z [844/1574] Building CXX object lib/Transforms/Utils/CMakeFiles/LLVMTransformUtils.dir/Utils.cpp.o
2026-07-30T14:42:46.3782383Z [845/1574] Building CXX object lib/Transforms/Utils/CMakeFiles/LLVMTransformUtils.dir/SimplifyLibCalls.cpp.o
2026-07-30T14:42:46.8245537Z [846/1574] Linking CXX static library lib/libLLVMAnalysis.a
2026-07-30T14:42:47.7465212Z [847/1574] Building CXX object lib/Transforms/Utils/CMakeFiles/LLVMTransformUtils.dir/UnifyFunctionExitNodes.cpp.o
2026-07-30T14:42:51.1996821Z [848/1574] Building CXX object lib/Transforms/Utils/CMakeFiles/LLVMTransformUtils.dir/SimplifyCFG.cpp.o
2026-07-30T14:42:52.1287794Z [849/1574] Building CXX object lib/Transforms/Utils/CMakeFiles/LLVMTransformUtils.dir/VNCoercion.cpp.o
2026-07-30T14:42:52.3072202Z [850/1574] Building CXX object lib/Transforms/Utils/CMakeFiles/LLVMTransformUtils.dir/UnifyLoopExits.cpp.o
2026-07-30T14:42:53.7855914Z [851/1574] Building CXX object lib/Transforms/Utils/CMakeFiles/LLVMTransformUtils.dir/ValueMapper.cpp.o
2026-07-30T14:42:54.2445441Z [852/1574] Linking CXX static library lib/libLLVMTransformUtils.a
2026-07-30T14:42:55.9426009Z [853/1574] Building CXX object lib/Transforms/AggressiveInstCombine/CMakeFiles/LLVMAggressiveInstCombine.dir/TruncInstCombine.cpp.o
2026-07-30T14:42:57.6331198Z [854/1574] Building CXX object lib/Transforms/AggressiveInstCombine/CMakeFiles/LLVMAggressiveInstCombine.dir/AggressiveInstCombine.cpp.o
2026-07-30T14:43:02.0482731Z [855/1574] Building CXX object lib/Transforms/InstCombine/CMakeFiles/LLVMInstCombine.dir/InstCombineAtomicRMW.cpp.o
2026-07-30T14:43:04.0986944Z [856/1574] Building CXX object lib/Transforms/InstCombine/CMakeFiles/LLVMInstCombine.dir/InstCombineAddSub.cpp.o
2026-07-30T14:43:07.2595807Z [857/1574] Building CXX object lib/Transforms/InstCombine/CMakeFiles/LLVMInstCombine.dir/InstCombineCasts.cpp.o
2026-07-30T14:43:11.6615929Z [858/1574] Building CXX object lib/Transforms/InstCombine/CMakeFiles/LLVMInstCombine.dir/InstCombineAndOrXor.cpp.o
2026-07-30T14:43:15.2452750Z [859/1574] Building CXX object lib/Transforms/InstCombine/CMakeFiles/LLVMInstCombine.dir/InstCombineMulDivRem.cpp.o
2026-07-30T14:43:17.5226104Z [860/1574] Building CXX object lib/Transforms/InstCombine/CMakeFiles/LLVMInstCombine.dir/InstCombineCompares.cpp.o
2026-07-30T14:43:17.5856137Z [861/1574] Building CXX object lib/Transforms/InstCombine/CMakeFiles/LLVMInstCombine.dir/InstructionCombining.cpp.o
2026-07-30T14:43:17.9767792Z [862/1574] Building CXX object lib/Transforms/InstCombine/CMakeFiles/LLVMInstCombine.dir/InstCombineCalls.cpp.o
2026-07-30T14:43:19.0036369Z [863/1574] Building CXX object lib/Transforms/InstCombine/CMakeFiles/LLVMInstCombine.dir/InstCombineLoadStoreAlloca.cpp.o
2026-07-30T14:43:25.6405801Z [864/1574] Building CXX object lib/Transforms/InstCombine/CMakeFiles/LLVMInstCombine.dir/InstCombineNegator.cpp.o
2026-07-30T14:43:25.6555189Z [865/1574] Building GenVT.inc...
2026-07-30T14:43:25.6855319Z [866/1574] Building OMP.h.inc...
2026-07-30T14:43:25.7247352Z [867/1574] Building OMP.inc...
2026-07-30T14:43:27.2595973Z [868/1574] Building CXX object lib/Transforms/InstCombine/CMakeFiles/LLVMInstCombine.dir/InstCombinePHI.cpp.o
2026-07-30T14:43:27.5476323Z [869/1574] Building CXX object lib/Transforms/InstCombine/CMakeFiles/LLVMInstCombine.dir/InstCombineSimplifyDemanded.cpp.o
2026-07-30T14:43:27.9535656Z [870/1574] Linking CXX static library lib/libLLVMAggressiveInstCombine.a
2026-07-30T14:43:28.9722009Z [871/1574] Building CXX object lib/Transforms/InstCombine/CMakeFiles/LLVMInstCombine.dir/InstCombineShifts.cpp.o
2026-07-30T14:43:29.7535407Z [872/1574] Building CXX object lib/Frontend/Offloading/CMakeFiles/LLVMFrontendOffloading.dir/Utility.cpp.o
2026-07-30T14:43:32.6335107Z [873/1574] Building CXX object lib/Transforms/InstCombine/CMakeFiles/LLVMInstCombine.dir/InstCombineVectorOps.cpp.o
2026-07-30T14:43:32.8895936Z [874/1574] Building CXX object lib/Transforms/InstCombine/CMakeFiles/LLVMInstCombine.dir/InstCombineSelect.cpp.o
2026-07-30T14:43:33.1245735Z [875/1574] Linking CXX static library lib/libLLVMInstCombine.a
2026-07-30T14:43:34.2515723Z [876/1574] Building CXX object lib/Transforms/Scalar/CMakeFiles/LLVMScalarOpts.dir/AnnotationRemarks.cpp.o
2026-07-30T14:43:35.9416377Z [877/1574] Building CXX object lib/Frontend/Offloading/CMakeFiles/LLVMFrontendOffloading.dir/OffloadWrapper.cpp.o
2026-07-30T14:43:37.9650724Z [878/1574] Building CXX object lib/Transforms/Scalar/CMakeFiles/LLVMScalarOpts.dir/BDCE.cpp.o
2026-07-30T14:43:39.9577637Z [879/1574] Building CXX object lib/Transforms/Scalar/CMakeFiles/LLVMScalarOpts.dir/AlignmentFromAssumptions.cpp.o
2026-07-30T14:43:40.4731434Z [880/1574] Building CXX object lib/Transforms/Scalar/CMakeFiles/LLVMScalarOpts.dir/CallSiteSplitting.cpp.o
2026-07-30T14:43:44.5516011Z [881/1574] Building CXX object lib/Transforms/Scalar/CMakeFiles/LLVMScalarOpts.dir/ADCE.cpp.o
2026-07-30T14:43:46.5206093Z [882/1574] Building CXX object lib/Transforms/Scalar/CMakeFiles/LLVMScalarOpts.dir/CorrelatedValuePropagation.cpp.o
2026-07-30T14:43:47.3595991Z [883/1574] Building CXX object lib/Transforms/Scalar/CMakeFiles/LLVMScalarOpts.dir/ConstantHoisting.cpp.o
2026-07-30T14:43:48.9235792Z [884/1574] Building CXX object lib/Transforms/Scalar/CMakeFiles/LLVMScalarOpts.dir/DCE.cpp.o
2026-07-30T14:43:51.2751648Z [885/1574] Building CXX object lib/Transforms/Scalar/CMakeFiles/LLVMScalarOpts.dir/ConstraintElimination.cpp.o
2026-07-30T14:43:53.6126059Z [886/1574] Building CXX object lib/Transforms/Scalar/CMakeFiles/LLVMScalarOpts.dir/FlattenCFGPass.cpp.o
2026-07-30T14:43:54.3155918Z [887/1574] Building CXX object lib/Transforms/Scalar/CMakeFiles/LLVMScalarOpts.dir/DeadStoreElimination.cpp.o
2026-07-30T14:43:55.4836126Z [888/1574] Building CXX object lib/Transforms/Scalar/CMakeFiles/LLVMScalarOpts.dir/DivRemPairs.cpp.o
2026-07-30T14:43:58.8730258Z [889/1574] Building CXX object lib/Transforms/Scalar/CMakeFiles/LLVMScalarOpts.dir/Float2Int.cpp.o
2026-07-30T14:44:01.7899154Z [890/1574] Building CXX object lib/Transforms/Scalar/CMakeFiles/LLVMScalarOpts.dir/DFAJumpThreading.cpp.o
2026-07-30T14:44:02.4658548Z [891/1574] Building CXX object lib/Transforms/Scalar/CMakeFiles/LLVMScalarOpts.dir/EarlyCSE.cpp.o
2026-07-30T14:44:06.5789762Z [892/1574] Building CXX object lib/Transforms/Scalar/CMakeFiles/LLVMScalarOpts.dir/GVNSink.cpp.o
2026-07-30T14:44:07.5746105Z [893/1574] Building CXX object lib/Transforms/Scalar/CMakeFiles/LLVMScalarOpts.dir/IVUsersPrinter.cpp.o
2026-07-30T14:44:09.1847018Z [894/1574] Building CXX object lib/Transforms/Scalar/CMakeFiles/LLVMScalarOpts.dir/GVNHoist.cpp.o
2026-07-30T14:44:09.4836044Z [895/1574] Building CXX object lib/Transforms/Scalar/CMakeFiles/LLVMScalarOpts.dir/GuardWidening.cpp.o
2026-07-30T14:44:10.6388174Z [896/1574] Building CXX object lib/Transforms/Scalar/CMakeFiles/LLVMScalarOpts.dir/GVN.cpp.o
2026-07-30T14:44:13.0557121Z [897/1574] Building CXX object lib/Transforms/Scalar/CMakeFiles/LLVMScalarOpts.dir/InductiveRangeCheckElimination.cpp.o
2026-07-30T14:44:14.3159735Z [898/1574] Building CXX object lib/Transforms/Scalar/CMakeFiles/LLVMScalarOpts.dir/InstSimplifyPass.cpp.o
2026-07-30T14:44:15.2435833Z [899/1574] Building CXX object lib/Transforms/Scalar/CMakeFiles/LLVMScalarOpts.dir/InferAlignment.cpp.o
2026-07-30T14:44:18.7765940Z [900/1574] Building CXX object lib/Transforms/Scalar/CMakeFiles/LLVMScalarOpts.dir/InferAddressSpaces.cpp.o
2026-07-30T14:44:21.3636129Z [901/1574] Building CXX object lib/Transforms/Scalar/CMakeFiles/LLVMScalarOpts.dir/IndVarSimplify.cpp.o
2026-07-30T14:44:23.3891353Z [902/1574] Building CXX object lib/Transforms/Scalar/CMakeFiles/LLVMScalarOpts.dir/JumpTableToSwitch.cpp.o
2026-07-30T14:44:23.9645981Z [903/1574] Building CXX object lib/Transforms/Scalar/CMakeFiles/LLVMScalarOpts.dir/LoopAccessAnalysisPrinter.cpp.o
2026-07-30T14:44:25.2265841Z [904/1574] Building CXX object lib/Transforms/Scalar/CMakeFiles/LLVMScalarOpts.dir/JumpThreading.cpp.o
2026-07-30T14:44:31.4581461Z [905/1574] Building CXX object lib/Transforms/Scalar/CMakeFiles/LLVMScalarOpts.dir/LoopSink.cpp.o
2026-07-30T14:44:32.8662085Z [906/1574] Building CXX object lib/Transforms/Scalar/CMakeFiles/LLVMScalarOpts.dir/LoopBoundSplit.cpp.o
2026-07-30T14:44:32.9930984Z [907/1574] Building CXX object lib/Transforms/Scalar/CMakeFiles/LLVMScalarOpts.dir/LICM.cpp.o
2026-07-30T14:44:33.6261986Z [908/1574] Building CXX object lib/Transforms/Scalar/CMakeFiles/LLVMScalarOpts.dir/LoopDataPrefetch.cpp.o
2026-07-30T14:44:34.4663299Z [909/1574] Building CXX object lib/Transforms/Scalar/CMakeFiles/LLVMScalarOpts.dir/LoopDistribute.cpp.o
2026-07-30T14:44:38.9636062Z [910/1574] Building CXX object lib/Transforms/Scalar/CMakeFiles/LLVMScalarOpts.dir/LoopDeletion.cpp.o
2026-07-30T14:44:41.5901304Z [911/1574] Building CXX object lib/Transforms/Scalar/CMakeFiles/LLVMScalarOpts.dir/LoopFuse.cpp.o
2026-07-30T14:44:45.1846331Z [912/1574] Building CXX object lib/Transforms/Scalar/CMakeFiles/LLVMScalarOpts.dir/LoopIdiomRecognize.cpp.o
2026-07-30T14:44:45.2686059Z [913/1574] Building CXX object lib/Transforms/Scalar/CMakeFiles/LLVMScalarOpts.dir/LoopFlatten.cpp.o
2026-07-30T14:44:45.5456560Z [914/1574] Building CXX object lib/Transforms/Scalar/CMakeFiles/LLVMScalarOpts.dir/LoopInstSimplify.cpp.o
2026-07-30T14:44:51.1323748Z [915/1574] Building CXX object lib/Transforms/Scalar/CMakeFiles/LLVMScalarOpts.dir/LoopInterchange.cpp.o
2026-07-30T14:44:52.2775773Z [916/1574] Building CXX object lib/Transforms/Scalar/CMakeFiles/LLVMScalarOpts.dir/LoopRotation.cpp.o
2026-07-30T14:44:54.6907958Z [917/1574] Building CXX object lib/Transforms/Scalar/CMakeFiles/LLVMScalarOpts.dir/LoopLoadElimination.cpp.o
2026-07-30T14:44:54.8725849Z [918/1574] Building CXX object lib/Transforms/Scalar/CMakeFiles/LLVMScalarOpts.dir/LoopSimplifyCFG.cpp.o
2026-07-30T14:44:56.6336438Z [919/1574] Building CXX object lib/Transforms/Scalar/CMakeFiles/LLVMScalarOpts.dir/LoopPassManager.cpp.o
2026-07-30T14:44:56.6456054Z [920/1574] Building CXX object lib/Transforms/Scalar/CMakeFiles/LLVMScalarOpts.dir/LoopPredication.cpp.o
2026-07-30T14:45:03.5368151Z [921/1574] Building CXX object lib/Transforms/Scalar/CMakeFiles/LLVMScalarOpts.dir/LowerAtomicPass.cpp.o
2026-07-30T14:45:05.4955815Z [922/1574] Building CXX object lib/Transforms/Scalar/CMakeFiles/LLVMScalarOpts.dir/LoopUnrollAndJamPass.cpp.o
2026-07-30T14:45:06.0537849Z [923/1574] Building CXX object lib/Transforms/Scalar/CMakeFiles/LLVMScalarOpts.dir/LoopVersioningLICM.cpp.o
2026-07-30T14:45:07.5779448Z [924/1574] Building CXX object lib/Transforms/Scalar/CMakeFiles/LLVMScalarOpts.dir/LowerExpectIntrinsic.cpp.o
2026-07-30T14:45:08.0691072Z [925/1574] Building CXX object lib/Transforms/Scalar/CMakeFiles/LLVMScalarOpts.dir/LowerConstantIntrinsics.cpp.o
2026-07-30T14:45:08.1615779Z [926/1574] Building CXX object lib/Transforms/Scalar/CMakeFiles/LLVMScalarOpts.dir/LoopUnrollPass.cpp.o
2026-07-30T14:45:09.8488336Z [927/1574] Building CXX object lib/Transforms/Scalar/CMakeFiles/LLVMScalarOpts.dir/LowerGuardIntrinsic.cpp.o
2026-07-30T14:45:12.3827175Z [928/1574] Building CXX object lib/Transforms/Scalar/CMakeFiles/LLVMScalarOpts.dir/LoopStrengthReduce.cpp.o
2026-07-30T14:45:14.7446103Z [929/1574] Building CXX object lib/Transforms/Scalar/CMakeFiles/LLVMScalarOpts.dir/MakeGuardsExplicit.cpp.o
2026-07-30T14:45:15.1525836Z [930/1574] Building CXX object lib/Transforms/Scalar/CMakeFiles/LLVMScalarOpts.dir/LowerWidenableCondition.cpp.o
2026-07-30T14:45:18.3373280Z [931/1574] Building CXX object lib/Transforms/Scalar/CMakeFiles/LLVMScalarOpts.dir/MergeICmps.cpp.o
2026-07-30T14:45:20.3175939Z [932/1574] Building CXX object lib/Transforms/Scalar/CMakeFiles/LLVMScalarOpts.dir/MergedLoadStoreMotion.cpp.o
2026-07-30T14:45:21.8036852Z [933/1574] Building CXX object lib/Transforms/Scalar/CMakeFiles/LLVMScalarOpts.dir/LowerMatrixIntrinsics.cpp.o
2026-07-30T14:45:22.6326655Z [934/1574] Building CXX object lib/Transforms/Scalar/CMakeFiles/LLVMScalarOpts.dir/MemCpyOptimizer.cpp.o
2026-07-30T14:45:25.4495943Z [935/1574] Building CXX object lib/Transforms/Scalar/CMakeFiles/LLVMScalarOpts.dir/NaryReassociate.cpp.o
2026-07-30T14:45:26.3116164Z [936/1574] Building CXX object lib/Transforms/Scalar/CMakeFiles/LLVMScalarOpts.dir/PartiallyInlineLibCalls.cpp.o
2026-07-30T14:45:28.3030807Z [937/1574] Building CXX object lib/Transforms/Scalar/CMakeFiles/LLVMScalarOpts.dir/Reg2Mem.cpp.o
2026-07-30T14:45:33.0915942Z [938/1574] Building CXX object lib/Transforms/Scalar/CMakeFiles/LLVMScalarOpts.dir/SCCP.cpp.o
2026-07-30T14:45:33.3256236Z [939/1574] Building CXX object lib/Transforms/Scalar/CMakeFiles/LLVMScalarOpts.dir/Scalar.cpp.o
2026-07-30T14:45:34.1816625Z [940/1574] Building CXX object lib/Transforms/Scalar/CMakeFiles/LLVMScalarOpts.dir/PlaceSafepoints.cpp.o
2026-07-30T14:45:34.7220620Z [941/1574] Building CXX object lib/Transforms/Scalar/CMakeFiles/LLVMScalarOpts.dir/Reassociate.cpp.o
2026-07-30T14:45:41.0175673Z [942/1574] Building CXX object lib/Transforms/Scalar/CMakeFiles/LLVMScalarOpts.dir/NewGVN.cpp.o
2026-07-30T14:45:43.2156112Z [943/1574] Building CXX object lib/Transforms/Scalar/CMakeFiles/LLVMScalarOpts.dir/ScalarizeMaskedMemIntrin.cpp.o
2026-07-30T14:45:43.3640489Z [944/1574] Building CXX object lib/Transforms/Scalar/CMakeFiles/LLVMScalarOpts.dir/Scalarizer.cpp.o
2026-07-30T14:45:44.5425787Z [945/1574] Building CXX object lib/Transforms/Scalar/CMakeFiles/LLVMScalarOpts.dir/SROA.cpp.o
2026-07-30T14:45:44.5530345Z [946/1574] Building CXX object lib/Transforms/Scalar/CMakeFiles/LLVMScalarOpts.dir/RewriteStatepointsForGC.cpp.o
2026-07-30T14:45:45.6657179Z [947/1574] Building CXX object lib/Transforms/Scalar/CMakeFiles/LLVMScalarOpts.dir/SeparateConstOffsetFromGEP.cpp.o
2026-07-30T14:45:50.4861568Z [948/1574] Building CXX object lib/Transforms/Scalar/CMakeFiles/LLVMScalarOpts.dir/SimplifyCFGPass.cpp.o
2026-07-30T14:45:51.3828436Z [949/1574] Building CXX object lib/Transforms/Scalar/CMakeFiles/LLVMScalarOpts.dir/Sink.cpp.o
2026-07-30T14:45:54.5025919Z [950/1574] Building CXX object lib/Transforms/Scalar/CMakeFiles/LLVMScalarOpts.dir/StraightLineStrengthReduce.cpp.o
2026-07-30T14:45:55.3665949Z [951/1574] Building CXX object lib/Transforms/Scalar/CMakeFiles/LLVMScalarOpts.dir/SpeculativeExecution.cpp.o
2026-07-30T14:45:57.7965754Z [952/1574] Building CXX object lib/CodeGenTypes/CMakeFiles/LLVMCodeGenTypes.dir/LowLevelType.cpp.o
2026-07-30T14:45:59.3015658Z [953/1574] Building CXX object lib/Transforms/Scalar/CMakeFiles/LLVMScalarOpts.dir/SimpleLoopUnswitch.cpp.o
2026-07-30T14:46:00.1925869Z [954/1574] Building CXX object lib/Transforms/Scalar/CMakeFiles/LLVMScalarOpts.dir/TailRecursionElimination.cpp.o
2026-07-30T14:46:00.3308242Z [955/1574] Building CXX object lib/Transforms/Scalar/CMakeFiles/LLVMScalarOpts.dir/StructurizeCFG.cpp.o
2026-07-30T14:46:00.3340764Z [956/1574] Building CXX object lib/Transforms/Scalar/CMakeFiles/LLVMScalarOpts.dir/TLSVariableHoist.cpp.o
2026-07-30T14:46:03.2947996Z [957/1574] Building CXX object lib/Frontend/OpenMP/CMakeFiles/LLVMFrontendOpenMP.dir/OMP.cpp.o
2026-07-30T14:46:04.1115821Z [958/1574] Building CXX object lib/Transforms/Scalar/CMakeFiles/LLVMScalarOpts.dir/WarnMissedTransforms.cpp.o
2026-07-30T14:46:04.5853575Z [959/1574] Building CXX object lib/Bitcode/Writer/CMakeFiles/LLVMBitWriter.dir/BitWriter.cpp.o
2026-07-30T14:46:04.9775564Z [960/1574] Linking CXX static library lib/libLLVMFrontendOffloading.a
2026-07-30T14:46:08.1836369Z [961/1574] Building CXX object lib/Frontend/OpenMP/CMakeFiles/LLVMFrontendOpenMP.dir/OMPContext.cpp.o
2026-07-30T14:46:08.7865608Z [962/1574] Building CXX object lib/Bitcode/Writer/CMakeFiles/LLVMBitWriter.dir/BitcodeWriterPass.cpp.o
2026-07-30T14:46:11.4651487Z [963/1574] Building CXX object lib/Bitcode/Writer/CMakeFiles/LLVMBitWriter.dir/ValueEnumerator.cpp.o
2026-07-30T14:46:17.4897080Z [964/1574] Building CXX object lib/Bitcode/Writer/CMakeFiles/LLVMBitWriter.dir/BitcodeWriter.cpp.o
2026-07-30T14:46:19.4875306Z [965/1574] Building CXX object lib/Transforms/Instrumentation/CMakeFiles/LLVMInstrumentation.dir/BoundsChecking.cpp.o
2026-07-30T14:46:20.5315151Z [966/1574] Building CXX object lib/Transforms/Instrumentation/CMakeFiles/LLVMInstrumentation.dir/CGProfile.cpp.o
2026-07-30T14:46:24.0116179Z [967/1574] Building CXX object lib/Transforms/Instrumentation/CMakeFiles/LLVMInstrumentation.dir/AddressSanitizer.cpp.o
2026-07-30T14:46:24.4415957Z [968/1574] Building CXX object lib/Transforms/Instrumentation/CMakeFiles/LLVMInstrumentation.dir/ControlHeightReduction.cpp.o
2026-07-30T14:46:28.0343403Z [969/1574] Building CXX object lib/Transforms/Instrumentation/CMakeFiles/LLVMInstrumentation.dir/BlockCoverageInference.cpp.o
2026-07-30T14:46:31.0586337Z [970/1574] Building CXX object lib/Transforms/Instrumentation/CMakeFiles/LLVMInstrumentation.dir/DataFlowSanitizer.cpp.o
2026-07-30T14:46:35.0386688Z [971/1574] Building CXX object lib/Transforms/Instrumentation/CMakeFiles/LLVMInstrumentation.dir/GCOVProfiling.cpp.o
2026-07-30T14:46:37.2336146Z [972/1574] Building CXX object lib/Transforms/Instrumentation/CMakeFiles/LLVMInstrumentation.dir/NumericalStabilitySanitizer.cpp.o
2026-07-30T14:46:39.4605780Z [973/1574] Building CXX object lib/Frontend/OpenMP/CMakeFiles/LLVMFrontendOpenMP.dir/OMPIRBuilder.cpp.o
2026-07-30T14:46:40.2446189Z [974/1574] Building CXX object lib/Transforms/Instrumentation/CMakeFiles/LLVMInstrumentation.dir/Instrumentation.cpp.o
2026-07-30T14:46:40.8846565Z [975/1574] Building CXX object lib/Transforms/Instrumentation/CMakeFiles/LLVMInstrumentation.dir/MemProfiler.cpp.o
2026-07-30T14:46:42.2962260Z [976/1574] Building CXX object lib/Transforms/Instrumentation/CMakeFiles/LLVMInstrumentation.dir/MemorySanitizer.cpp.o
2026-07-30T14:46:43.6996139Z [977/1574] Building CXX object lib/Transforms/Instrumentation/CMakeFiles/LLVMInstrumentation.dir/InstrOrderFile.cpp.o
2026-07-30T14:46:48.6165808Z [978/1574] Building CXX object lib/Transforms/Instrumentation/CMakeFiles/LLVMInstrumentation.dir/PGOForceFunctionAttrs.cpp.o
2026-07-30T14:46:49.7195861Z [979/1574] Building CXX object lib/Transforms/Instrumentation/CMakeFiles/LLVMInstrumentation.dir/KCFI.cpp.o
2026-07-30T14:46:49.8734549Z [980/1574] Building CXX object lib/Transforms/Instrumentation/CMakeFiles/LLVMInstrumentation.dir/PGOCtxProfLowering.cpp.o
2026-07-30T14:46:50.6897949Z [981/1574] Building CXX object lib/Transforms/Instrumentation/CMakeFiles/LLVMInstrumentation.dir/IndirectCallPromotion.cpp.o
2026-07-30T14:46:50.8826120Z [982/1574] Building CXX object lib/Transforms/Instrumentation/CMakeFiles/LLVMInstrumentation.dir/LowerAllowCheckPass.cpp.o
2026-07-30T14:46:54.3145662Z [983/1574] Building CXX object lib/Transforms/Instrumentation/CMakeFiles/LLVMInstrumentation.dir/InstrProfiling.cpp.o
2026-07-30T14:46:55.1346267Z [984/1574] Building CXX object lib/Transforms/Instrumentation/CMakeFiles/LLVMInstrumentation.dir/PoisonChecking.cpp.o
2026-07-30T14:47:00.4165932Z [985/1574] Building CXX object lib/Transforms/Instrumentation/CMakeFiles/LLVMInstrumentation.dir/SanitizerBinaryMetadata.cpp.o
2026-07-30T14:47:01.4730955Z [986/1574] Building CXX object lib/Transforms/Instrumentation/CMakeFiles/LLVMInstrumentation.dir/PGOMemOPSizeOpt.cpp.o
2026-07-30T14:47:01.6725625Z [987/1574] Linking CXX static library lib/libLLVMScalarOpts.a
2026-07-30T14:47:02.6827343Z [988/1574] Building CXX object lib/Transforms/Instrumentation/CMakeFiles/LLVMInstrumentation.dir/SanitizerCoverage.cpp.o
2026-07-30T14:47:04.8197343Z [989/1574] Building CXX object lib/Transforms/Instrumentation/CMakeFiles/LLVMInstrumentation.dir/ValueProfileCollector.cpp.o
2026-07-30T14:47:09.0586100Z [990/1574] Building CXX object lib/Transforms/Instrumentation/CMakeFiles/LLVMInstrumentation.dir/ThreadSanitizer.cpp.o
2026-07-30T14:47:11.4586020Z [991/1574] Building CXX object lib/Transforms/Instrumentation/CMakeFiles/LLVMInstrumentation.dir/PGOInstrumentation.cpp.o
2026-07-30T14:47:11.9141095Z [992/1574] Building CXX object lib/Transforms/Vectorize/CMakeFiles/LLVMVectorize.dir/LoopIdiomVectorize.cpp.o
2026-07-30T14:47:14.4697883Z [993/1574] Building CXX object lib/Transforms/Instrumentation/CMakeFiles/LLVMInstrumentation.dir/HWAddressSanitizer.cpp.o
2026-07-30T14:47:15.2837619Z [994/1574] Building CXX object lib/Transforms/Vectorize/CMakeFiles/LLVMVectorize.dir/Vectorize.cpp.o
2026-07-30T14:47:16.8651673Z [995/1574] Building CXX object lib/Transforms/Vectorize/CMakeFiles/LLVMVectorize.dir/LoadStoreVectorizer.cpp.o
2026-07-30T14:47:20.8187677Z [996/1574] Building CXX object lib/Transforms/Vectorize/CMakeFiles/LLVMVectorize.dir/LoopVectorizationLegality.cpp.o
2026-07-30T14:47:28.0154033Z [997/1574] Building CXX object lib/Transforms/Vectorize/CMakeFiles/LLVMVectorize.dir/VectorCombine.cpp.o
2026-07-30T14:47:29.9330521Z [998/1574] Building CXX object lib/Transforms/Vectorize/CMakeFiles/LLVMVectorize.dir/VPlanHCFGBuilder.cpp.o
2026-07-30T14:47:30.5513318Z [999/1574] Building CXX object lib/Transforms/Vectorize/CMakeFiles/LLVMVectorize.dir/VPlanAnalysis.cpp.o
2026-07-30T14:47:37.2575648Z [1000/1574] Building CXX object lib/Transforms/Vectorize/CMakeFiles/LLVMVectorize.dir/VPlan.cpp.o
2026-07-30T14:47:42.1796322Z [1001/1574] Building CXX object lib/Transforms/Vectorize/CMakeFiles/LLVMVectorize.dir/VPlanSLP.cpp.o
2026-07-30T14:47:43.2905696Z [1002/1574] Building CXX object lib/Transforms/Vectorize/CMakeFiles/LLVMVectorize.dir/VPlanRecipes.cpp.o
2026-07-30T14:47:45.0583862Z [1003/1574] Building CXX object lib/Transforms/Vectorize/CMakeFiles/LLVMVectorize.dir/VPlanTransforms.cpp.o
2026-07-30T14:47:46.9415756Z [1004/1574] Building CXX object lib/Transforms/Vectorize/CMakeFiles/LLVMVectorize.dir/LoopVectorize.cpp.o
2026-07-30T14:47:49.0905797Z [1005/1574] Building CXX object lib/Transforms/Vectorize/CMakeFiles/LLVMVectorize.dir/VPlanVerifier.cpp.o
2026-07-30T14:47:49.3957373Z [1006/1574] Building CXX object lib/Transforms/ObjCARC/CMakeFiles/LLVMObjCARCOpts.dir/ObjCARCExpand.cpp.o
2026-07-30T14:47:51.9905872Z [1007/1574] Building CXX object lib/Transforms/ObjCARC/CMakeFiles/LLVMObjCARCOpts.dir/ObjCARC.cpp.o
2026-07-30T14:47:54.0735902Z [1008/1574] Building CXX object lib/Transforms/ObjCARC/CMakeFiles/LLVMObjCARCOpts.dir/DependencyAnalysis.cpp.o
2026-07-30T14:47:54.4316015Z [1009/1574] Building CXX object lib/Transforms/ObjCARC/CMakeFiles/LLVMObjCARCOpts.dir/ObjCARCAPElim.cpp.o
2026-07-30T14:47:54.8677721Z [1010/1574] Building CXX object lib/Transforms/ObjCARC/CMakeFiles/LLVMObjCARCOpts.dir/ObjCARCContract.cpp.o
2026-07-30T14:47:55.8760731Z [1011/1574] Building CXX object lib/Transforms/ObjCARC/CMakeFiles/LLVMObjCARCOpts.dir/ObjCARCOpts.cpp.o
2026-07-30T14:47:58.9826017Z [1012/1574] Building CXX object lib/Transforms/ObjCARC/CMakeFiles/LLVMObjCARCOpts.dir/ProvenanceAnalysisEvaluator.cpp.o
2026-07-30T14:48:01.0976068Z [1013/1574] Building CXX object lib/Transforms/ObjCARC/CMakeFiles/LLVMObjCARCOpts.dir/ProvenanceAnalysis.cpp.o
2026-07-30T14:48:01.5476117Z [1014/1574] Building CXX object lib/Linker/CMakeFiles/LLVMLinker.dir/LinkModules.cpp.o
2026-07-30T14:48:03.4195771Z [1015/1574] Building CXX object lib/Transforms/ObjCARC/CMakeFiles/LLVMObjCARCOpts.dir/PtrState.cpp.o
2026-07-30T14:48:04.9475557Z [1016/1574] Building CXX object lib/Linker/CMakeFiles/LLVMLinker.dir/IRMover.cpp.o
2026-07-30T14:48:05.0823304Z [1017/1574] Building CXX object lib/Target/CMakeFiles/LLVMTarget.dir/TargetIntrinsicInfo.cpp.o
2026-07-30T14:48:05.2325794Z [1018/1574] Building CXX object lib/Target/CMakeFiles/LLVMTarget.dir/Target.cpp.o
2026-07-30T14:48:05.6656157Z [1019/1574] Building CXX object lib/Transforms/Vectorize/CMakeFiles/LLVMVectorize.dir/SLPVectorizer.cpp.o
2026-07-30T14:48:07.6496138Z [1020/1574] Building CXX object lib/Target/CMakeFiles/LLVMTarget.dir/TargetLoweringObjectFile.cpp.o
2026-07-30T14:48:11.0926512Z [1021/1574] Building CXX object lib/CodeGen/CMakeFiles/LLVMCodeGen.dir/AllocationOrder.cpp.o
2026-07-30T14:48:11.5726089Z [1022/1574] Building CXX object lib/Target/CMakeFiles/LLVMTarget.dir/TargetMachine.cpp.o
2026-07-30T14:48:12.6235749Z [1023/1574] Building CXX object lib/Target/CMakeFiles/LLVMTarget.dir/TargetMachineC.cpp.o
2026-07-30T14:48:16.4755979Z [1024/1574] Building CXX object lib/CodeGen/CMakeFiles/LLVMCodeGen.dir/AggressiveAntiDepBreaker.cpp.o
2026-07-30T14:48:21.8336897Z [1025/1574] Building CXX object lib/CodeGen/CMakeFiles/LLVMCodeGen.dir/Analysis.cpp.o
2026-07-30T14:48:22.7385900Z [1026/1574] Building CXX object lib/CodeGen/CMakeFiles/LLVMCodeGen.dir/AtomicExpandPass.cpp.o
2026-07-30T14:48:23.7023168Z [1027/1574] Building CXX object lib/CodeGen/CMakeFiles/LLVMCodeGen.dir/BasicTargetTransformInfo.cpp.o
2026-07-30T14:48:25.2465830Z [1028/1574] Building CXX object lib/CodeGen/CMakeFiles/LLVMCodeGen.dir/BranchFolding.cpp.o
2026-07-30T14:48:27.6941938Z [1029/1574] Building CXX object lib/CodeGen/CMakeFiles/LLVMCodeGen.dir/BranchRelaxation.cpp.o
2026-07-30T14:48:28.6220120Z [1030/1574] Building CXX object lib/CodeGen/CMakeFiles/LLVMCodeGen.dir/AssignmentTrackingAnalysis.cpp.o
2026-07-30T14:48:30.8216269Z [1031/1574] Building CXX object lib/CodeGen/CMakeFiles/LLVMCodeGen.dir/BreakFalseDeps.cpp.o
2026-07-30T14:48:31.6940173Z [1032/1574] Building CXX object lib/CodeGen/CMakeFiles/LLVMCodeGen.dir/BasicBlockPathCloning.cpp.o
2026-07-30T14:48:33.9741804Z [1033/1574] Building CXX object lib/CodeGen/CMakeFiles/LLVMCodeGen.dir/BasicBlockSections.cpp.o
2026-07-30T14:48:35.4085702Z [1034/1574] Building CXX object lib/CodeGen/CMakeFiles/LLVMCodeGen.dir/CalcSpillWeights.cpp.o
2026-07-30T14:48:35.4543326Z [1035/1574] Building CXX object lib/CodeGen/CMakeFiles/LLVMCodeGen.dir/BasicBlockSectionsProfileReader.cpp.o
2026-07-30T14:48:37.2515585Z [1036/1574] Building CXX object lib/CodeGen/CMakeFiles/LLVMCodeGen.dir/CodeGen.cpp.o
2026-07-30T14:48:38.7994677Z [1037/1574] Building CXX object lib/CodeGen/CMakeFiles/LLVMCodeGen.dir/CallBrPrepare.cpp.o
2026-07-30T14:48:40.0612337Z [1038/1574] Building CXX object lib/CodeGen/CMakeFiles/LLVMCodeGen.dir/CFGuardLongjmp.cpp.o
2026-07-30T14:48:42.9221388Z [1039/1574] Building CXX object lib/CodeGen/CMakeFiles/LLVMCodeGen.dir/CallingConvLower.cpp.o
2026-07-30T14:48:44.0875506Z [1040/1574] Building CXX object lib/CodeGen/CMakeFiles/LLVMCodeGen.dir/CFIFixup.cpp.o
2026-07-30T14:48:44.7625760Z [1041/1574] Building CXX object lib/CodeGen/CMakeFiles/LLVMCodeGen.dir/CFIInstrInserter.cpp.o
2026-07-30T14:48:45.7795565Z [1042/1574] Building CXX object lib/CodeGen/CMakeFiles/LLVMCodeGen.dir/CodeGenCommonISel.cpp.o
2026-07-30T14:48:52.9415704Z [1043/1574] Building CXX object lib/CodeGen/CMakeFiles/LLVMCodeGen.dir/DeadMachineInstructionElim.cpp.o
2026-07-30T14:48:53.0155977Z [1044/1574] Building CXX object lib/CodeGen/CMakeFiles/LLVMCodeGen.dir/CriticalAntiDepBreaker.cpp.o
2026-07-30T14:48:53.9470608Z [1045/1574] Building CXX object lib/CodeGen/CMakeFiles/LLVMCodeGen.dir/CommandFlags.cpp.o
2026-07-30T14:48:53.9916383Z [1046/1574] Building CXX object lib/CodeGen/CMakeFiles/LLVMCodeGen.dir/DetectDeadLanes.cpp.o
2026-07-30T14:48:57.8716989Z [1047/1574] Building CXX object lib/CodeGen/CMakeFiles/LLVMCodeGen.dir/ComplexDeinterleavingPass.cpp.o
2026-07-30T14:48:59.9425841Z [1048/1574] Building CXX object lib/CodeGen/CMakeFiles/LLVMCodeGen.dir/EdgeBundles.cpp.o
2026-07-30T14:49:05.5705809Z [1049/1574] Building CXX object lib/CodeGen/CMakeFiles/LLVMCodeGen.dir/EHContGuardCatchret.cpp.o
2026-07-30T14:49:06.0675946Z [1050/1574] Building CXX object lib/CodeGen/CMakeFiles/LLVMCodeGen.dir/EarlyIfConversion.cpp.o
2026-07-30T14:49:06.1215757Z [1051/1574] Building CXX object lib/CodeGen/CMakeFiles/LLVMCodeGen.dir/DwarfEHPrepare.cpp.o
2026-07-30T14:49:06.3455822Z [1052/1574] Building CXX object lib/CodeGen/CMakeFiles/LLVMCodeGen.dir/DFAPacketizer.cpp.o
2026-07-30T14:49:09.2725015Z [1053/1574] Building CXX object lib/CodeGen/CMakeFiles/LLVMCodeGen.dir/ExecutionDomainFix.cpp.o
2026-07-30T14:49:09.9406871Z [1054/1574] Building CXX object lib/CodeGen/CMakeFiles/LLVMCodeGen.dir/CodeGenPrepare.cpp.o
2026-07-30T14:49:14.4175858Z [1055/1574] Building CXX object lib/CodeGen/CMakeFiles/LLVMCodeGen.dir/ExpandLargeFpConvert.cpp.o
2026-07-30T14:49:15.6185674Z [1056/1574] Building CXX object lib/CodeGen/CMakeFiles/LLVMCodeGen.dir/ExpandPostRAPseudos.cpp.o
2026-07-30T14:49:17.2165764Z [1057/1574] Building CXX object lib/CodeGen/CMakeFiles/LLVMCodeGen.dir/ExpandLargeDivRem.cpp.o
2026-07-30T14:49:17.6101087Z [1058/1574] Building CXX object lib/CodeGen/CMakeFiles/LLVMCodeGen.dir/ExpandMemCmp.cpp.o
2026-07-30T14:49:18.1976888Z [1059/1574] Building CXX object lib/CodeGen/CMakeFiles/LLVMCodeGen.dir/ExpandVectorPredication.cpp.o
2026-07-30T14:49:18.6305944Z [1060/1574] Building CXX object lib/CodeGen/CMakeFiles/LLVMCodeGen.dir/ExpandReductions.cpp.o
2026-07-30T14:49:22.1677685Z [1061/1574] Building CXX object lib/CodeGen/CMakeFiles/LLVMCodeGen.dir/FaultMaps.cpp.o
2026-07-30T14:49:23.7675910Z [1062/1574] Building CXX object lib/CodeGen/CMakeFiles/LLVMCodeGen.dir/FEntryInserter.cpp.o
2026-07-30T14:49:25.5285711Z [1063/1574] Building CXX object lib/CodeGen/CMakeFiles/LLVMCodeGen.dir/GCMetadataPrinter.cpp.o
2026-07-30T14:49:26.8656526Z [1064/1574] Building CXX object lib/CodeGen/CMakeFiles/LLVMCodeGen.dir/FinalizeISel.cpp.o
2026-07-30T14:49:27.5787753Z [1065/1574] Building CXX object lib/CodeGen/CMakeFiles/LLVMCodeGen.dir/FuncletLayout.cpp.o
2026-07-30T14:49:27.5895662Z [1066/1574] Building CXX object lib/CodeGen/CMakeFiles/LLVMCodeGen.dir/GCMetadata.cpp.o
2026-07-30T14:49:27.9428492Z [1067/1574] Building CXX object lib/CodeGen/CMakeFiles/LLVMCodeGen.dir/MachineFunctionAnalysis.cpp.o
2026-07-30T14:49:31.5495784Z [1068/1574] Building CXX object lib/CodeGen/CMakeFiles/LLVMCodeGen.dir/FixupStatepointCallerSaved.cpp.o
2026-07-30T14:49:36.8275949Z [1069/1574] Building CXX object lib/CodeGen/CMakeFiles/LLVMCodeGen.dir/GlobalMerge.cpp.o
2026-07-30T14:49:37.0641347Z [1070/1574] Building CXX object lib/CodeGen/CMakeFiles/LLVMCodeGen.dir/ImplicitNullChecks.cpp.o
2026-07-30T14:49:37.7625748Z [1071/1574] Building CXX object lib/CodeGen/CMakeFiles/LLVMCodeGen.dir/IndirectBrExpandPass.cpp.o
2026-07-30T14:49:38.0155656Z [1072/1574] Building CXX object lib/CodeGen/CMakeFiles/LLVMCodeGen.dir/HardwareLoops.cpp.o
2026-07-30T14:49:39.4779740Z [1073/1574] Building CXX object lib/CodeGen/CMakeFiles/LLVMCodeGen.dir/IfConversion.cpp.o
2026-07-30T14:49:41.0645611Z [1074/1574] Building CXX object lib/CodeGen/CMakeFiles/LLVMCodeGen.dir/GCRootLowering.cpp.o
2026-07-30T14:49:43.3815852Z [1075/1574] Building CXX object lib/CodeGen/CMakeFiles/LLVMCodeGen.dir/InterferenceCache.cpp.o
2026-07-30T14:49:47.5655685Z [1076/1574] Building CXX object lib/CodeGen/CMakeFiles/LLVMCodeGen.dir/InitUndef.cpp.o
2026-07-30T14:49:47.6085952Z [1077/1574] Building CXX object lib/CodeGen/CMakeFiles/LLVMCodeGen.dir/InterleavedAccessPass.cpp.o
2026-07-30T14:49:48.1075593Z [1078/1574] Building CXX object lib/CodeGen/CMakeFiles/LLVMCodeGen.dir/IntrinsicLowering.cpp.o
2026-07-30T14:49:50.6035499Z [1079/1574] Building CXX object lib/CodeGen/CMakeFiles/LLVMCodeGen.dir/InlineSpiller.cpp.o
2026-07-30T14:49:51.1156036Z [1080/1574] Building CXX object lib/CodeGen/CMakeFiles/LLVMCodeGen.dir/JMCInstrumenter.cpp.o
2026-07-30T14:49:54.7457472Z [1081/1574] Building CXX object lib/CodeGen/CMakeFiles/LLVMCodeGen.dir/InterleavedLoadCombinePass.cpp.o
2026-07-30T14:49:56.4501397Z [1082/1574] Building CXX object lib/CodeGen/CMakeFiles/LLVMCodeGen.dir/LazyMachineBlockFrequencyInfo.cpp.o
2026-07-30T14:49:59.3495818Z [1083/1574] Building CXX object lib/CodeGen/CMakeFiles/LLVMCodeGen.dir/LatencyPriorityQueue.cpp.o
2026-07-30T14:50:00.1488031Z [1084/1574] Building CXX object lib/CodeGen/CMakeFiles/LLVMCodeGen.dir/LexicalScopes.cpp.o
2026-07-30T14:50:00.8615546Z [1085/1574] Building CXX object lib/CodeGen/CMakeFiles/LLVMCodeGen.dir/KCFI.cpp.o
2026-07-30T14:50:03.8115796Z [1086/1574] Building CXX object lib/CodeGen/CMakeFiles/LLVMCodeGen.dir/LiveDebugVariables.cpp.o
2026-07-30T14:50:04.9295751Z [1087/1574] Building CXX object lib/CodeGen/CMakeFiles/LLVMCodeGen.dir/LiveIntervals.cpp.o
2026-07-30T14:50:07.0335837Z [1088/1574] Building CXX object lib/CodeGen/CMakeFiles/LLVMCodeGen.dir/LiveInterval.cpp.o
2026-07-30T14:50:08.4925706Z [1089/1574] Building CXX object lib/CodeGen/CMakeFiles/LLVMCodeGen.dir/LiveIntervalUnion.cpp.o
2026-07-30T14:50:09.0636183Z [1090/1574] Building CXX object lib/CodeGen/CMakeFiles/LLVMCodeGen.dir/LivePhysRegs.cpp.o
2026-07-30T14:50:09.6916818Z [1091/1574] Building CXX object lib/CodeGen/CMakeFiles/LLVMCodeGen.dir/LiveIntervalCalc.cpp.o
2026-07-30T14:50:11.2085584Z [1092/1574] Building CXX object lib/CodeGen/CMakeFiles/LLVMCodeGen.dir/LiveRangeCalc.cpp.o
2026-07-30T14:50:14.4835623Z [1093/1574] Building CXX object lib/CodeGen/CMakeFiles/LLVMCodeGen.dir/LiveRangeEdit.cpp.o
2026-07-30T14:50:16.1836195Z [1094/1574] Building CXX object lib/CodeGen/CMakeFiles/LLVMCodeGen.dir/LiveStacks.cpp.o
2026-07-30T14:50:16.2075619Z [1095/1574] Building CXX object lib/CodeGen/CMakeFiles/LLVMCodeGen.dir/LiveRangeShrink.cpp.o
2026-07-30T14:50:16.9895060Z [1096/1574] Building CXX object lib/CodeGen/CMakeFiles/LLVMCodeGen.dir/LiveRegUnits.cpp.o
2026-07-30T14:50:17.5706693Z [1097/1574] Building CXX object lib/CodeGen/CMakeFiles/LLVMCodeGen.dir/LiveRegMatrix.cpp.o
2026-07-30T14:50:19.9926063Z [1098/1574] Building CXX object lib/CodeGen/CMakeFiles/LLVMCodeGen.dir/LowLevelTypeUtils.cpp.o
2026-07-30T14:50:20.2153453Z [1099/1574] Building CXX object lib/CodeGen/CMakeFiles/LLVMCodeGen.dir/LoopTraversal.cpp.o
2026-07-30T14:50:22.8600384Z [1100/1574] Building CXX object lib/CodeGen/CMakeFiles/LLVMCodeGen.dir/LocalStackSlotAllocation.cpp.o
2026-07-30T14:50:24.6300423Z [1101/1574] Building CXX object lib/CodeGen/CMakeFiles/LLVMCodeGen.dir/LiveVariables.cpp.o
2026-07-30T14:50:25.7965674Z [1102/1574] Building CXX object lib/CodeGen/CMakeFiles/LLVMCodeGen.dir/LowerEmuTLS.cpp.o
2026-07-30T14:50:32.3975942Z [1103/1574] Building CXX object lib/CodeGen/CMakeFiles/LLVMCodeGen.dir/MachineBranchProbabilityInfo.cpp.o
2026-07-30T14:50:32.9220911Z [1104/1574] Building CXX object lib/CodeGen/CMakeFiles/LLVMCodeGen.dir/MachineCFGPrinter.cpp.o
2026-07-30T14:50:33.8155885Z [1105/1574] Building CXX object lib/CodeGen/CMakeFiles/LLVMCodeGen.dir/MachineBasicBlock.cpp.o
2026-07-30T14:50:36.2714430Z [1106/1574] Building CXX object lib/CodeGen/CMakeFiles/LLVMCodeGen.dir/MachineBlockFrequencyInfo.cpp.o
2026-07-30T14:50:37.3419300Z [1107/1574] Building CXX object lib/CodeGen/CMakeFiles/LLVMCodeGen.dir/LLVMTargetMachine.cpp.o
2026-07-30T14:50:39.5709404Z [1108/1574] Building CXX object lib/CodeGen/CMakeFiles/LLVMCodeGen.dir/MachineBlockPlacement.cpp.o
2026-07-30T14:50:44.3410375Z [1109/1574] Building CXX object lib/CodeGen/CMakeFiles/LLVMCodeGen.dir/MachineCopyPropagation.cpp.o
2026-07-30T14:50:44.4146367Z [1110/1574] Building CXX object lib/CodeGen/CMakeFiles/LLVMCodeGen.dir/MachineCombiner.cpp.o
2026-07-30T14:50:46.1196082Z [1111/1574] Building CXX object lib/CodeGen/CMakeFiles/LLVMCodeGen.dir/MachineConvergenceVerifier.cpp.o
2026-07-30T14:50:48.4255466Z [1112/1574] Building CXX object lib/CodeGen/CMakeFiles/LLVMCodeGen.dir/MachineCSE.cpp.o
2026-07-30T14:50:48.8736815Z [1113/1574] Building CXX object lib/CodeGen/CMakeFiles/LLVMCodeGen.dir/MachineCheckDebugify.cpp.o
2026-07-30T14:50:49.2806625Z [1114/1574] Building CXX object lib/CodeGen/CMakeFiles/LLVMCodeGen.dir/MachineCycleAnalysis.cpp.o
2026-07-30T14:50:51.6117476Z [1115/1574] Building CXX object lib/CodeGen/CMakeFiles/LLVMCodeGen.dir/MachineDomTreeUpdater.cpp.o
2026-07-30T14:50:53.2115855Z [1116/1574] Building CXX object lib/CodeGen/CMakeFiles/LLVMCodeGen.dir/MachineDominanceFrontier.cpp.o
2026-07-30T14:50:56.3849918Z [1117/1574] Building CXX object lib/CodeGen/CMakeFiles/LLVMCodeGen.dir/MachineDebugify.cpp.o
2026-07-30T14:50:56.6298584Z [1118/1574] Building CXX object lib/CodeGen/CMakeFiles/LLVMCodeGen.dir/MachineFrameInfo.cpp.o
2026-07-30T14:50:59.7801001Z [1119/1574] Building CXX object lib/CodeGen/CMakeFiles/LLVMCodeGen.dir/MachineFunctionPrinterPass.cpp.o
2026-07-30T14:51:00.8585576Z [1120/1574] Building CXX object lib/CodeGen/CMakeFiles/LLVMCodeGen.dir/MachineDominators.cpp.o
2026-07-30T14:51:02.4896322Z [1121/1574] Building CXX object lib/CodeGen/CMakeFiles/LLVMCodeGen.dir/MachineFunctionPass.cpp.o
2026-07-30T14:51:06.5705823Z [1122/1574] Building CXX object lib/CodeGen/CMakeFiles/LLVMCodeGen.dir/MachineInstrBundle.cpp.o
2026-07-30T14:51:07.1636000Z [1123/1574] Building CXX object lib/CodeGen/CMakeFiles/LLVMCodeGen.dir/MachineFunctionSplitter.cpp.o
2026-07-30T14:51:09.8625895Z [1124/1574] Building CXX object lib/CodeGen/CMakeFiles/LLVMCodeGen.dir/MachineLateInstrsCleanup.cpp.o
2026-07-30T14:51:11.1153720Z [1125/1574] Building CXX object lib/CodeGen/CMakeFiles/LLVMCodeGen.dir/MachineFunction.cpp.o
2026-07-30T14:51:13.0958791Z [1126/1574] Building CXX object lib/CodeGen/CMakeFiles/LLVMCodeGen.dir/MachineInstr.cpp.o
2026-07-30T14:51:15.7805614Z [1127/1574] Building CXX object lib/CodeGen/CMakeFiles/LLVMCodeGen.dir/MachineLoopInfo.cpp.o
2026-07-30T14:51:17.6435947Z [1128/1574] Building CXX object lib/CodeGen/CMakeFiles/LLVMCodeGen.dir/MachineLoopUtils.cpp.o
2026-07-30T14:51:17.9616207Z [1129/1574] Building CXX object lib/CodeGen/CMakeFiles/LLVMCodeGen.dir/MachineModuleInfoImpls.cpp.o
2026-07-30T14:51:18.6765908Z [1130/1574] Building CXX object lib/CodeGen/CMakeFiles/LLVMCodeGen.dir/MachineModuleInfo.cpp.o
2026-07-30T14:51:18.9875729Z [1131/1574] Building CXX object lib/CodeGen/CMakeFiles/LLVMCodeGen.dir/MachineLICM.cpp.o
2026-07-30T14:51:23.5995586Z [1132/1574] Building CXX object lib/CodeGen/CMakeFiles/LLVMCodeGen.dir/MachineModuleSlotTracker.cpp.o
2026-07-30T14:51:25.5045791Z [1133/1574] Building CXX object lib/CodeGen/CMakeFiles/LLVMCodeGen.dir/MachineOptimizationRemarkEmitter.cpp.o
2026-07-30T14:51:27.4185900Z [1134/1574] Building CXX object lib/CodeGen/CMakeFiles/LLVMCodeGen.dir/MachineOperand.cpp.o
2026-07-30T14:51:29.0636062Z [1135/1574] Building CXX object lib/CodeGen/CMakeFiles/LLVMCodeGen.dir/MachinePassManager.cpp.o
2026-07-30T14:51:33.8351015Z [1136/1574] Building CXX object lib/CodeGen/CMakeFiles/LLVMCodeGen.dir/MachinePostDominators.cpp.o
2026-07-30T14:51:33.8467514Z [1137/1574] Building CXX object lib/CodeGen/CMakeFiles/LLVMCodeGen.dir/MachineOutliner.cpp.o
2026-07-30T14:51:36.1391984Z [1138/1574] Building CXX object lib/CodeGen/CMakeFiles/LLVMCodeGen.dir/MachineRegionInfo.cpp.o
2026-07-30T14:51:37.4676385Z [1139/1574] Building CXX object lib/CodeGen/CMakeFiles/LLVMCodeGen.dir/MachineRegisterInfo.cpp.o
2026-07-30T14:51:38.9130260Z [1140/1574] Building CXX object lib/CodeGen/CMakeFiles/LLVMCodeGen.dir/MachineSizeOpts.cpp.o
2026-07-30T14:51:44.0495756Z [1141/1574] Building CXX object lib/CodeGen/CMakeFiles/LLVMCodeGen.dir/MachineSSAUpdater.cpp.o
2026-07-30T14:51:44.5375857Z [1142/1574] Building CXX object lib/CodeGen/CMakeFiles/LLVMCodeGen.dir/MachineSSAContext.cpp.o
2026-07-30T14:51:46.5255866Z [1143/1574] Building CXX object lib/CodeGen/CMakeFiles/LLVMCodeGen.dir/MachinePipeliner.cpp.o
2026-07-30T14:51:49.5465783Z [1144/1574] Building CXX object lib/CodeGen/CMakeFiles/LLVMCodeGen.dir/MachineStripDebug.cpp.o
2026-07-30T14:51:49.6257232Z [1145/1574] Building CXX object lib/CodeGen/CMakeFiles/LLVMCodeGen.dir/MachineScheduler.cpp.o
2026-07-30T14:51:54.1699732Z [1146/1574] Building CXX object lib/CodeGen/CMakeFiles/LLVMCodeGen.dir/MachineSink.cpp.o
2026-07-30T14:51:54.1994659Z [1147/1574] Building CXX object lib/CodeGen/CMakeFiles/LLVMCodeGen.dir/MachineTraceMetrics.cpp.o
2026-07-30T14:51:54.2699595Z [1148/1574] Building CXX object lib/CodeGen/CMakeFiles/LLVMCodeGen.dir/MachineUniformityAnalysis.cpp.o
2026-07-30T14:52:00.4535877Z [1149/1574] Building CXX object lib/CodeGen/CMakeFiles/LLVMCodeGen.dir/MIRYamlMapping.cpp.o
2026-07-30T14:52:02.8105764Z [1150/1574] Building CXX object lib/CodeGen/CMakeFiles/LLVMCodeGen.dir/MIRFSDiscriminator.cpp.o
2026-07-30T14:52:04.1819100Z [1151/1574] Building CXX object lib/CodeGen/CMakeFiles/LLVMCodeGen.dir/MLRegAllocPriorityAdvisor.cpp.o
2026-07-30T14:52:05.8537813Z [1152/1574] Building CXX object lib/CodeGen/CMakeFiles/LLVMCodeGen.dir/MLRegAllocEvictAdvisor.cpp.o
2026-07-30T14:52:05.8976183Z [1153/1574] Building CXX object lib/CodeGen/CMakeFiles/LLVMCodeGen.dir/MultiHazardRecognizer.cpp.o
2026-07-30T14:52:08.0346636Z [1154/1574] Building CXX object lib/CodeGen/CMakeFiles/LLVMCodeGen.dir/MIRSampleProfile.cpp.o
2026-07-30T14:52:08.2749417Z [1155/1574] Building CXX object lib/CodeGen/CMakeFiles/LLVMCodeGen.dir/MachineVerifier.cpp.o
2026-07-30T14:52:09.9315907Z [1156/1574] Building CXX object lib/CodeGen/CMakeFiles/LLVMCodeGen.dir/PatchableFunction.cpp.o
2026-07-30T14:52:12.4795803Z [1157/1574] Building CXX object lib/CodeGen/CMakeFiles/LLVMCodeGen.dir/NonRelocatableStringpool.cpp.o
2026-07-30T14:52:12.9515927Z [1158/1574] Building CXX object lib/CodeGen/CMakeFiles/LLVMCodeGen.dir/MIRPrintingPass.cpp.o
2026-07-30T14:52:13.9305711Z [1159/1574] Building CXX object lib/CodeGen/CMakeFiles/LLVMCodeGen.dir/MBFIWrapper.cpp.o
2026-07-30T14:52:18.3165930Z [1160/1574] Building CXX object lib/CodeGen/CMakeFiles/LLVMCodeGen.dir/ModuloSchedule.cpp.o
2026-07-30T14:52:19.9425912Z [1161/1574] Building CXX object lib/CodeGen/CMakeFiles/LLVMCodeGen.dir/OptimizePHIs.cpp.o
2026-07-30T14:52:22.1975090Z [1162/1574] Building CXX object lib/CodeGen/CMakeFiles/LLVMCodeGen.dir/MacroFusion.cpp.o
2026-07-30T14:52:22.7952271Z [1163/1574] Building CXX object lib/CodeGen/CMakeFiles/LLVMCodeGen.dir/MIRPrinter.cpp.o
2026-07-30T14:52:23.6786034Z [1164/1574] Building CXX object lib/CodeGen/CMakeFiles/LLVMCodeGen.dir/PeepholeOptimizer.cpp.o
2026-07-30T14:52:24.2026863Z [1165/1574] Building CXX object lib/CodeGen/CMakeFiles/LLVMCodeGen.dir/PHIEliminationUtils.cpp.o
2026-07-30T14:52:25.8315803Z [1166/1574] Building CXX object lib/CodeGen/CMakeFiles/LLVMCodeGen.dir/PHIElimination.cpp.o
2026-07-30T14:52:28.7460568Z [1167/1574] Building CXX object lib/CodeGen/CMakeFiles/LLVMCodeGen.dir/PostRAHazardRecognizer.cpp.o
2026-07-30T14:52:32.7656571Z [1168/1574] Building CXX object lib/CodeGen/CMakeFiles/LLVMCodeGen.dir/ProcessImplicitDefs.cpp.o
2026-07-30T14:52:33.7315911Z [1169/1574] Building CXX object lib/CodeGen/CMakeFiles/LLVMCodeGen.dir/PreISelIntrinsicLowering.cpp.o
2026-07-30T14:52:34.4995924Z [1170/1574] Building CXX object lib/CodeGen/CMakeFiles/LLVMCodeGen.dir/PseudoProbeInserter.cpp.o
2026-07-30T14:52:35.2176942Z [1171/1574] Building CXX object lib/CodeGen/CMakeFiles/LLVMCodeGen.dir/PostRASchedulerList.cpp.o
2026-07-30T14:52:38.5996333Z [1172/1574] Building CXX object lib/CodeGen/CMakeFiles/LLVMCodeGen.dir/PseudoSourceValue.cpp.o
2026-07-30T14:52:40.4235597Z [1173/1574] Building CXX object lib/CodeGen/CMakeFiles/LLVMCodeGen.dir/PrologEpilogInserter.cpp.o
2026-07-30T14:52:41.8655524Z [1174/1574] Building CXX object lib/CodeGen/CMakeFiles/LLVMCodeGen.dir/RDFRegisters.cpp.o
2026-07-30T14:52:43.0146499Z [1175/1574] Building CXX object lib/CodeGen/CMakeFiles/LLVMCodeGen.dir/ReachingDefAnalysis.cpp.o
2026-07-30T14:52:48.3785844Z [1176/1574] Building CXX object lib/CodeGen/CMakeFiles/LLVMCodeGen.dir/RDFGraph.cpp.o
2026-07-30T14:52:48.8525913Z [1177/1574] Building CXX object lib/CodeGen/CMakeFiles/LLVMCodeGen.dir/RegAllocBase.cpp.o
2026-07-30T14:52:48.9935968Z [1178/1574] Building CXX object lib/CodeGen/CMakeFiles/LLVMCodeGen.dir/RDFLiveness.cpp.o
2026-07-30T14:52:50.4575640Z [1179/1574] Building CXX object lib/CodeGen/CMakeFiles/LLVMCodeGen.dir/RegAllocBasic.cpp.o
2026-07-30T14:52:51.6456727Z [1180/1574] Building CXX object lib/CodeGen/CMakeFiles/LLVMCodeGen.dir/RegAllocEvictionAdvisor.cpp.o
2026-07-30T14:52:56.0895753Z [1181/1574] Building CXX object lib/CodeGen/CMakeFiles/LLVMCodeGen.dir/RegAllocFast.cpp.o
2026-07-30T14:52:56.9773273Z [1182/1574] Building CXX object lib/CodeGen/CMakeFiles/LLVMCodeGen.dir/RegAllocPriorityAdvisor.cpp.o
2026-07-30T14:53:00.3866279Z [1183/1574] Building CXX object lib/CodeGen/CMakeFiles/LLVMCodeGen.dir/RegAllocScore.cpp.o
2026-07-30T14:53:01.0395908Z [1184/1574] Building CXX object lib/CodeGen/CMakeFiles/LLVMCodeGen.dir/RegisterClassInfo.cpp.o
2026-07-30T14:53:03.2415671Z [1185/1574] Building CXX object lib/CodeGen/CMakeFiles/LLVMCodeGen.dir/RegisterPressure.cpp.o
2026-07-30T14:53:05.1115621Z [1186/1574] Building CXX object lib/CodeGen/CMakeFiles/LLVMCodeGen.dir/RegAllocPBQP.cpp.o
2026-07-30T14:53:05.5695590Z [1187/1574] Building CXX object lib/CodeGen/CMakeFiles/LLVMCodeGen.dir/RegAllocGreedy.cpp.o
2026-07-30T14:53:08.6426087Z [1188/1574] Building CXX object lib/CodeGen/CMakeFiles/LLVMCodeGen.dir/RegisterScavenging.cpp.o
2026-07-30T14:53:09.2196117Z [1189/1574] Building CXX object lib/CodeGen/CMakeFiles/LLVMCodeGen.dir/GCEmptyBasicBlocks.cpp.o
2026-07-30T14:53:11.1512176Z [1190/1574] Building CXX object lib/CodeGen/CMakeFiles/LLVMCodeGen.dir/RegisterCoalescer.cpp.o
2026-07-30T14:53:12.0906009Z [1191/1574] Building CXX object lib/CodeGen/CMakeFiles/LLVMCodeGen.dir/RemoveRedundantDebugValues.cpp.o
2026-07-30T14:53:13.3590387Z [1192/1574] Building CXX object lib/CodeGen/CMakeFiles/LLVMCodeGen.dir/MachineStableHash.cpp.o
2026-07-30T14:53:16.2445940Z [1193/1574] Building CXX object lib/CodeGen/CMakeFiles/LLVMCodeGen.dir/MIRVRegNamerUtils.cpp.o
2026-07-30T14:53:16.3806028Z [1194/1574] Building CXX object lib/CodeGen/CMakeFiles/LLVMCodeGen.dir/MIRNamerPass.cpp.o
2026-07-30T14:53:17.5296208Z [1195/1574] Building CXX object lib/CodeGen/CMakeFiles/LLVMCodeGen.dir/RenameIndependentSubregs.cpp.o
2026-07-30T14:53:19.3486672Z [1196/1574] Building CXX object lib/CodeGen/CMakeFiles/LLVMCodeGen.dir/RegisterUsageInfo.cpp.o
2026-07-30T14:53:20.4296192Z [1197/1574] Building CXX object lib/CodeGen/CMakeFiles/LLVMCodeGen.dir/RegUsageInfoCollector.cpp.o
2026-07-30T14:53:22.0815730Z [1198/1574] Building CXX object lib/CodeGen/CMakeFiles/LLVMCodeGen.dir/MIRCanonicalizerPass.cpp.o
2026-07-30T14:53:24.3695572Z [1199/1574] Building CXX object lib/CodeGen/CMakeFiles/LLVMCodeGen.dir/RegisterBank.cpp.o
2026-07-30T14:53:24.4975967Z [1200/1574] Building CXX object lib/CodeGen/CMakeFiles/LLVMCodeGen.dir/RegUsageInfoPropagate.cpp.o
2026-07-30T14:53:26.6535902Z [1201/1574] Building CXX object lib/CodeGen/CMakeFiles/LLVMCodeGen.dir/ResetMachineFunctionPass.cpp.o
2026-07-30T14:53:28.7035871Z [1202/1574] Building CXX object lib/CodeGen/CMakeFiles/LLVMCodeGen.dir/ReplaceWithVeclib.cpp.o
2026-07-30T14:53:28.7215991Z [1203/1574] Building CXX object lib/CodeGen/CMakeFiles/LLVMCodeGen.dir/RegisterBankInfo.cpp.o
2026-07-30T14:53:30.3595774Z [1204/1574] Building CXX object lib/CodeGen/CMakeFiles/LLVMCodeGen.dir/SafeStackLayout.cpp.o
2026-07-30T14:53:31.5620564Z [1205/1574] Building CXX object lib/CodeGen/CMakeFiles/LLVMCodeGen.dir/SanitizerBinaryMetadata.cpp.o
2026-07-30T14:53:35.8282127Z [1206/1574] Building CXX object lib/CodeGen/CMakeFiles/LLVMCodeGen.dir/ScheduleDAGPrinter.cpp.o
2026-07-30T14:53:37.8785745Z [1207/1574] Building CXX object lib/CodeGen/CMakeFiles/LLVMCodeGen.dir/ScheduleDAG.cpp.o
2026-07-30T14:53:38.0378038Z [1208/1574] Building CXX object lib/CodeGen/CMakeFiles/LLVMCodeGen.dir/SafeStack.cpp.o
2026-07-30T14:53:42.3393195Z [1209/1574] Building CXX object lib/CodeGen/CMakeFiles/LLVMCodeGen.dir/ScoreboardHazardRecognizer.cpp.o
2026-07-30T14:53:44.6065943Z [1210/1574] Building CXX object lib/CodeGen/CMakeFiles/LLVMCodeGen.dir/ShadowStackGCLowering.cpp.o
2026-07-30T14:53:44.6149196Z [1211/1574] Building CXX object lib/CodeGen/CMakeFiles/LLVMCodeGen.dir/ScheduleDAGInstrs.cpp.o
2026-07-30T14:53:46.2726059Z [1212/1574] Building CXX object lib/CodeGen/CMakeFiles/LLVMCodeGen.dir/SjLjEHPrepare.cpp.o
2026-07-30T14:53:47.8666079Z [1213/1574] Building CXX object lib/CodeGen/CMakeFiles/LLVMCodeGen.dir/SelectOptimize.cpp.o
2026-07-30T14:53:49.5315904Z [1214/1574] Building CXX object lib/CodeGen/CMakeFiles/LLVMCodeGen.dir/SpillPlacement.cpp.o
2026-07-30T14:53:51.2461878Z [1215/1574] Building CXX object lib/CodeGen/CMakeFiles/LLVMCodeGen.dir/SlotIndexes.cpp.o
2026-07-30T14:53:51.5965739Z [1216/1574] Building CXX object lib/CodeGen/CMakeFiles/LLVMCodeGen.dir/ShrinkWrap.cpp.o
2026-07-30T14:53:57.4041131Z [1217/1574] Building CXX object lib/CodeGen/CMakeFiles/LLVMCodeGen.dir/StackColoring.cpp.o
2026-07-30T14:53:58.7338990Z [1218/1574] Building CXX object lib/CodeGen/CMakeFiles/LLVMCodeGen.dir/StackMapLivenessAnalysis.cpp.o
2026-07-30T14:53:58.8635689Z [1219/1574] Building CXX object lib/CodeGen/CMakeFiles/LLVMCodeGen.dir/SplitKit.cpp.o
2026-07-30T14:54:00.4860094Z [1220/1574] Building CXX object lib/CodeGen/CMakeFiles/LLVMCodeGen.dir/StackFrameLayoutAnalysisPass.cpp.o
2026-07-30T14:54:00.9555776Z [1221/1574] Building CXX object lib/CodeGen/CMakeFiles/LLVMCodeGen.dir/StackMaps.cpp.o
2026-07-30T14:54:06.1545842Z [1222/1574] Building CXX object lib/CodeGen/CMakeFiles/LLVMCodeGen.dir/StackProtector.cpp.o
2026-07-30T14:54:07.6235888Z [1223/1574] Building CXX object lib/CodeGen/CMakeFiles/LLVMCodeGen.dir/StackSlotColoring.cpp.o
2026-07-30T14:54:09.9716031Z [1224/1574] Building CXX object lib/CodeGen/CMakeFiles/LLVMCodeGen.dir/SwiftErrorValueTracking.cpp.o
2026-07-30T14:54:10.3122834Z [1225/1574] Building CXX object lib/CodeGen/CMakeFiles/LLVMCodeGen.dir/TailDuplication.cpp.o
2026-07-30T14:54:11.6365035Z [1226/1574] Building CXX object lib/CodeGen/CMakeFiles/LLVMCodeGen.dir/SwitchLoweringUtils.cpp.o
2026-07-30T14:54:12.5166108Z [1227/1574] Building CXX object lib/CodeGen/CMakeFiles/LLVMCodeGen.dir/TailDuplicator.cpp.o
2026-07-30T14:54:14.0265686Z [1228/1574] Building CXX object lib/CodeGen/CMakeFiles/LLVMCodeGen.dir/TargetFrameLoweringImpl.cpp.o
2026-07-30T14:54:21.4086168Z [1229/1574] Building CXX object lib/CodeGen/CMakeFiles/LLVMCodeGen.dir/TargetLoweringBase.cpp.o
2026-07-30T14:54:21.4845769Z [1230/1574] Building CXX object lib/CodeGen/CMakeFiles/LLVMCodeGen.dir/TargetOptionsImpl.cpp.o
2026-07-30T14:54:23.6586135Z [1231/1574] Building CXX object lib/CodeGen/CMakeFiles/LLVMCodeGen.dir/TargetInstrInfo.cpp.o
2026-07-30T14:54:24.5281953Z [1232/1574] Building CXX object lib/CodeGen/CMakeFiles/LLVMCodeGen.dir/TargetPassConfig.cpp.o
2026-07-30T14:54:24.7931668Z [1233/1574] Building CXX object lib/CodeGen/CMakeFiles/LLVMCodeGen.dir/TargetSubtargetInfo.cpp.o
2026-07-30T14:54:25.1385699Z [1234/1574] Building CXX object lib/CodeGen/CMakeFiles/LLVMCodeGen.dir/TargetLoweringObjectFileImpl.cpp.o
2026-07-30T14:54:25.4467277Z [1235/1574] Building CXX object lib/CodeGen/CMakeFiles/LLVMCodeGen.dir/TargetRegisterInfo.cpp.o
2026-07-30T14:54:28.3871110Z [1236/1574] Building CXX object lib/CodeGen/CMakeFiles/LLVMCodeGen.dir/TargetSchedule.cpp.o
2026-07-30T14:54:28.5007554Z [1237/1574] Building CXX object lib/CodeGen/CMakeFiles/LLVMCodeGen.dir/ValueTypes.cpp.o
2026-07-30T14:54:34.6236077Z [1238/1574] Building CXX object lib/CodeGen/CMakeFiles/LLVMCodeGen.dir/UnreachableBlockElim.cpp.o
2026-07-30T14:54:35.5124522Z [1239/1574] Building CXX object lib/CodeGen/CMakeFiles/LLVMCodeGen.dir/TypePromotion.cpp.o
2026-07-30T14:54:36.7715677Z [1240/1574] Building CXX object lib/CodeGen/CMakeFiles/LLVMCodeGen.dir/TwoAddressInstructionPass.cpp.o
2026-07-30T14:54:37.6670269Z [1241/1574] Building CXX object lib/CodeGen/CMakeFiles/LLVMCodeGen.dir/WasmEHPrepare.cpp.o
2026-07-30T14:54:40.2545832Z [1242/1574] Building CXX object lib/CodeGen/CMakeFiles/LLVMCodeGen.dir/VLIWMachineScheduler.cpp.o
2026-07-30T14:54:40.5429653Z [1243/1574] Building CXX object lib/CodeGen/CMakeFiles/LLVMCodeGen.dir/VirtRegMap.cpp.o
2026-07-30T14:54:45.3346958Z [1244/1574] Building CXX object lib/CodeGen/CMakeFiles/LLVMCodeGen.dir/LiveDebugValues/LiveDebugValues.cpp.o
2026-07-30T14:54:45.7620012Z [1245/1574] Linking CXX static library lib/libLLVMCodeGenTypes.a
2026-07-30T14:54:46.0905944Z [1246/1574] Linking CXX static library lib/libLLVMBitWriter.a
2026-07-30T14:54:46.2878664Z [1247/1574] Linking CXX static library lib/libLLVMFrontendOpenMP.a
2026-07-30T14:54:46.4858245Z [1248/1574] Linking CXX static library lib/libLLVMInstrumentation.a
2026-07-30T14:54:46.8144012Z [1249/1574] Building CXX object lib/CodeGen/CMakeFiles/LLVMCodeGen.dir/WinEHPrepare.cpp.o
2026-07-30T14:54:48.6515969Z [1250/1574] Building CXX object lib/CodeGen/CMakeFiles/LLVMCodeGen.dir/XRayInstrumentation.cpp.o
2026-07-30T14:54:50.0264685Z [1251/1574] Building CXX object lib/CodeGen/CMakeFiles/LLVMCodeGen.dir/WindowScheduler.cpp.o
2026-07-30T14:54:50.5806062Z [1252/1574] Building CXX object lib/Transforms/IPO/CMakeFiles/LLVMipo.dir/Annotation2Metadata.cpp.o
2026-07-30T14:54:52.6155694Z [1253/1574] Building CXX object lib/Transforms/IPO/CMakeFiles/LLVMipo.dir/AlwaysInliner.cpp.o
2026-07-30T14:54:56.9645715Z [1254/1574] Building CXX object lib/Transforms/IPO/CMakeFiles/LLVMipo.dir/BarrierNoopPass.cpp.o
2026-07-30T14:55:00.5401496Z [1255/1574] Building CXX object lib/Transforms/IPO/CMakeFiles/LLVMipo.dir/ArgumentPromotion.cpp.o
2026-07-30T14:55:00.6006005Z [1256/1574] Building CXX object lib/CodeGen/CMakeFiles/LLVMCodeGen.dir/LiveDebugValues/VarLocBasedImpl.cpp.o
2026-07-30T14:55:05.2656491Z [1257/1574] Building CXX object lib/Transforms/IPO/CMakeFiles/LLVMipo.dir/CalledValuePropagation.cpp.o
2026-07-30T14:55:05.3415939Z [1258/1574] Building CXX object lib/CodeGen/CMakeFiles/LLVMCodeGen.dir/LiveDebugValues/InstrRefBasedImpl.cpp.o
2026-07-30T14:55:06.5215610Z [1259/1574] Building CXX object lib/Transforms/IPO/CMakeFiles/LLVMipo.dir/ConstantMerge.cpp.o
2026-07-30T14:55:07.0325914Z [1260/1574] Building CXX object lib/Transforms/IPO/CMakeFiles/LLVMipo.dir/BlockExtractor.cpp.o
2026-07-30T14:55:11.0055702Z [1261/1574] Building CXX object lib/Transforms/IPO/CMakeFiles/LLVMipo.dir/CrossDSOCFI.cpp.o
2026-07-30T14:55:13.9365603Z [1262/1574] Building CXX object lib/Transforms/IPO/CMakeFiles/LLVMipo.dir/ElimAvailExtern.cpp.o
2026-07-30T14:55:14.9308820Z [1263/1574] Building CXX object lib/Transforms/IPO/CMakeFiles/LLVMipo.dir/EmbedBitcodePass.cpp.o
2026-07-30T14:55:16.1235731Z [1264/1574] Building CXX object lib/Transforms/IPO/CMakeFiles/LLVMipo.dir/DeadArgumentElimination.cpp.o
2026-07-30T14:55:16.4065962Z [1265/1574] Building CXX object lib/Transforms/IPO/CMakeFiles/LLVMipo.dir/Attributor.cpp.o
2026-07-30T14:55:17.6593312Z [1266/1574] Building CXX object lib/Transforms/IPO/CMakeFiles/LLVMipo.dir/ExtractGV.cpp.o
2026-07-30T14:55:19.0776106Z [1267/1574] Building CXX object lib/Transforms/IPO/CMakeFiles/LLVMipo.dir/ForceFunctionAttrs.cpp.o
2026-07-30T14:55:21.1495596Z [1268/1574] Building CXX object lib/Transforms/IPO/CMakeFiles/LLVMipo.dir/ExpandVariadics.cpp.o
2026-07-30T14:55:27.4739484Z [1269/1574] Building CXX object lib/Transforms/IPO/CMakeFiles/LLVMipo.dir/GlobalDCE.cpp.o
2026-07-30T14:55:29.6616015Z [1270/1574] Building CXX object lib/Transforms/IPO/CMakeFiles/LLVMipo.dir/FunctionSpecialization.cpp.o
2026-07-30T14:55:31.8593383Z [1271/1574] Building CXX object lib/Transforms/IPO/CMakeFiles/LLVMipo.dir/GlobalOpt.cpp.o
2026-07-30T14:55:32.6675580Z [1272/1574] Building CXX object lib/Transforms/IPO/CMakeFiles/LLVMipo.dir/FunctionImport.cpp.o
2026-07-30T14:55:33.1175922Z [1273/1574] Building CXX object lib/Transforms/IPO/CMakeFiles/LLVMipo.dir/AttributorAttributes.cpp.o
2026-07-30T14:55:33.4485624Z [1274/1574] Building CXX object lib/Transforms/IPO/CMakeFiles/LLVMipo.dir/GlobalSplit.cpp.o
2026-07-30T14:55:35.5501394Z [1275/1574] Building CXX object lib/Transforms/IPO/CMakeFiles/LLVMipo.dir/IPO.cpp.o
2026-07-30T14:55:36.5725819Z [1276/1574] Building CXX object lib/Transforms/IPO/CMakeFiles/LLVMipo.dir/FunctionAttrs.cpp.o
2026-07-30T14:55:38.1857907Z [1277/1574] Building CXX object lib/Transforms/IPO/CMakeFiles/LLVMipo.dir/InferFunctionAttrs.cpp.o
2026-07-30T14:55:42.1595746Z [1278/1574] Building CXX object lib/Transforms/IPO/CMakeFiles/LLVMipo.dir/HotColdSplitting.cpp.o
2026-07-30T14:55:42.9385591Z [1279/1574] Building CXX object lib/Transforms/IPO/CMakeFiles/LLVMipo.dir/LoopExtractor.cpp.o
2026-07-30T14:55:43.9363072Z [1280/1574] Building CXX object lib/Transforms/IPO/CMakeFiles/LLVMipo.dir/Internalize.cpp.o
2026-07-30T14:55:45.1665595Z [1281/1574] Building CXX object lib/Transforms/IPO/CMakeFiles/LLVMipo.dir/Inliner.cpp.o
2026-07-30T14:55:51.9835977Z [1282/1574] Building CXX object lib/Transforms/IPO/CMakeFiles/LLVMipo.dir/ModuleInliner.cpp.o
2026-07-30T14:55:53.1055360Z [1283/1574] Building CXX object lib/Transforms/IPO/CMakeFiles/LLVMipo.dir/MergeFunctions.cpp.o
2026-07-30T14:55:53.9455893Z [1284/1574] Building CXX object lib/Transforms/IPO/CMakeFiles/LLVMipo.dir/IROutliner.cpp.o
2026-07-30T14:56:00.9689041Z [1285/1574] Building CXX object lib/Transforms/IPO/CMakeFiles/LLVMipo.dir/SampleContextTracker.cpp.o
2026-07-30T14:56:06.1062087Z [1286/1574] Building CXX object lib/Transforms/IPO/CMakeFiles/LLVMipo.dir/LowerTypeTests.cpp.o
2026-07-30T14:56:07.8910434Z [1287/1574] Building CXX object lib/Transforms/IPO/CMakeFiles/LLVMipo.dir/PartialInlining.cpp.o
2026-07-30T14:56:14.4736325Z [1288/1574] Building CXX object lib/Transforms/IPO/CMakeFiles/LLVMipo.dir/OpenMPOpt.cpp.o
2026-07-30T14:56:14.5575201Z [1289/1574] Building CXX object lib/Transforms/IPO/CMakeFiles/LLVMipo.dir/MemProfContextDisambiguation.cpp.o
2026-07-30T14:56:14.9160455Z [1290/1574] Building CXX object lib/Transforms/IPO/CMakeFiles/LLVMipo.dir/SampleProfileMatcher.cpp.o
2026-07-30T14:56:17.3231053Z [1291/1574] Building CXX object lib/Transforms/IPO/CMakeFiles/LLVMipo.dir/SCCP.cpp.o
2026-07-30T14:56:20.2515952Z [1292/1574] Building CXX object lib/Transforms/IPO/CMakeFiles/LLVMipo.dir/StripDeadPrototypes.cpp.o
2026-07-30T14:56:22.6603548Z [1293/1574] Building CXX object lib/Transforms/IPO/CMakeFiles/LLVMipo.dir/SyntheticCountsPropagation.cpp.o
2026-07-30T14:56:23.1055506Z [1294/1574] Linking CXX static library lib/libLLVMVectorize.a
2026-07-30T14:56:23.4985333Z [1295/1574] Linking CXX static library lib/libLLVMObjCARCOpts.a
2026-07-30T14:56:23.5596631Z [1296/1574] Building CXX object lib/Transforms/IPO/CMakeFiles/LLVMipo.dir/StripSymbols.cpp.o
2026-07-30T14:56:23.6215869Z [1297/1574] Building CXX object lib/Transforms/IPO/CMakeFiles/LLVMipo.dir/SampleProfileProbe.cpp.o
2026-07-30T14:56:23.7685665Z [1298/1574] Building CXX object lib/Transforms/IPO/CMakeFiles/LLVMipo.dir/SampleProfile.cpp.o
2026-07-30T14:56:23.8135368Z [1299/1574] Linking CXX static library lib/libLLVMLinker.a
2026-07-30T14:56:26.8405787Z [1300/1574] Building CXX object lib/Option/CMakeFiles/LLVMOption.dir/Option.cpp.o
2026-07-30T14:56:27.1805750Z [1301/1574] Building CXX object lib/Option/CMakeFiles/LLVMOption.dir/Arg.cpp.o
2026-07-30T14:56:27.1925546Z [1302/1574] Linking CXX static library lib/libLLVMTarget.a
2026-07-30T14:56:27.7086166Z [1303/1574] Building CXX object lib/Option/CMakeFiles/LLVMOption.dir/ArgList.cpp.o
2026-07-30T14:56:28.2328039Z [1304/1574] Building AVRGenAsmMatcher.inc...
2026-07-30T14:56:28.3525973Z [1305/1574] Building AVRGenCallingConv.inc...
2026-07-30T14:56:28.4715657Z [1306/1574] Building AVRGenAsmWriter.inc...
2026-07-30T14:56:28.8542572Z [1307/1574] Building CXX object lib/Transforms/IPO/CMakeFiles/LLVMipo.dir/ThinLTOBitcodeWriter.cpp.o
2026-07-30T14:56:29.0451968Z [1308/1574] Building AVRGenDisassemblerTables.inc...
2026-07-30T14:56:29.4538876Z [1309/1574] Building AVRGenDAGISel.inc...
2026-07-30T14:56:29.5255516Z [1310/1574] Building AVRGenInstrInfo.inc...
2026-07-30T14:56:29.8135322Z [1311/1574] Building AVRGenRegisterInfo.inc...
2026-07-30T14:56:29.9215853Z [1312/1574] Building CXX object lib/Option/CMakeFiles/LLVMOption.dir/OptTable.cpp.o
2026-07-30T14:56:30.0085356Z [1313/1574] Building AVRGenMCCodeEmitter.inc...
2026-07-30T14:56:30.0528891Z [1314/1574] Linking CXX static library lib/libLLVMCodeGen.a
2026-07-30T14:56:30.1821968Z [1315/1574] Building AVRGenSubtargetInfo.inc...
2026-07-30T14:56:35.7726330Z [1316/1574] Building CXX object lib/IRPrinter/CMakeFiles/LLVMIRPrinter.dir/IRPrintingPasses.cpp.o
2026-07-30T14:56:38.1665893Z [1317/1574] Building CXX object lib/Transforms/Coroutines/CMakeFiles/LLVMCoroutines.dir/CoroConditionalWrapper.cpp.o
2026-07-30T14:56:38.2446911Z [1318/1574] Building CXX object lib/Transforms/Coroutines/CMakeFiles/LLVMCoroutines.dir/CoroCleanup.cpp.o
2026-07-30T14:56:39.3016041Z [1319/1574] Building CXX object lib/Transforms/Coroutines/CMakeFiles/LLVMCoroutines.dir/Coroutines.cpp.o
2026-07-30T14:56:39.5115996Z [1320/1574] Building CXX object lib/Transforms/Coroutines/CMakeFiles/LLVMCoroutines.dir/CoroEarly.cpp.o
2026-07-30T14:56:44.3266581Z [1321/1574] Building CXX object lib/Transforms/IPO/CMakeFiles/LLVMipo.dir/WholeProgramDevirt.cpp.o
2026-07-30T14:56:44.6923197Z [1322/1574] Linking CXX static library lib/libLLVMOption.a
2026-07-30T14:56:45.1467383Z [1323/1574] Linking CXX static library lib/libLLVMipo.a
2026-07-30T14:56:45.5696141Z [1324/1574] Building CXX object lib/Transforms/Coroutines/CMakeFiles/LLVMCoroutines.dir/CoroElide.cpp.o
2026-07-30T14:56:45.9859783Z [1325/1574] Linking CXX static library lib/libLLVMIRPrinter.a
2026-07-30T14:56:46.0996980Z [1326/1574] Building CXX object lib/Transforms/CFGuard/CMakeFiles/LLVMCFGuard.dir/CFGuard.cpp.o
2026-07-30T14:56:47.2535705Z [1327/1574] Building CXX object lib/Transforms/HipStdPar/CMakeFiles/LLVMHipStdPar.dir/HipStdPar.cpp.o
2026-07-30T14:56:48.4692515Z [1328/1574] Building CXX object lib/Target/AVR/TargetInfo/CMakeFiles/LLVMAVRInfo.dir/AVRTargetInfo.cpp.o
2026-07-30T14:56:54.7125937Z [1329/1574] Building CXX object lib/Transforms/Coroutines/CMakeFiles/LLVMCoroutines.dir/CoroSplit.cpp.o
2026-07-30T14:56:56.2773531Z [1330/1574] Building CXX object lib/Transforms/Coroutines/CMakeFiles/LLVMCoroutines.dir/CoroFrame.cpp.o
2026-07-30T14:57:00.0645961Z [1331/1574] Building CXX object lib/CodeGen/SelectionDAG/CMakeFiles/LLVMSelectionDAG.dir/InstrEmitter.cpp.o
2026-07-30T14:57:02.3435971Z [1332/1574] Building CXX object lib/CodeGen/SelectionDAG/CMakeFiles/LLVMSelectionDAG.dir/FunctionLoweringInfo.cpp.o
2026-07-30T14:57:02.6546826Z [1333/1574] Building CXX object lib/CodeGen/SelectionDAG/CMakeFiles/LLVMSelectionDAG.dir/FastISel.cpp.o
2026-07-30T14:57:09.7627521Z [1334/1574] Building CXX object lib/CodeGen/SelectionDAG/CMakeFiles/LLVMSelectionDAG.dir/LegalizeTypes.cpp.o
2026-07-30T14:57:11.3836101Z [1335/1574] Building CXX object lib/CodeGen/SelectionDAG/CMakeFiles/LLVMSelectionDAG.dir/LegalizeFloatTypes.cpp.o
2026-07-30T14:57:13.1217028Z [1336/1574] Building CXX object lib/CodeGen/SelectionDAG/CMakeFiles/LLVMSelectionDAG.dir/LegalizeDAG.cpp.o
2026-07-30T14:57:14.3155968Z [1337/1574] Building CXX object lib/CodeGen/SelectionDAG/CMakeFiles/LLVMSelectionDAG.dir/LegalizeTypesGeneric.cpp.o
2026-07-30T14:57:17.8826109Z [1338/1574] Building CXX object lib/CodeGen/SelectionDAG/CMakeFiles/LLVMSelectionDAG.dir/LegalizeIntegerTypes.cpp.o
2026-07-30T14:57:24.3416367Z [1339/1574] Building CXX object lib/CodeGen/SelectionDAG/CMakeFiles/LLVMSelectionDAG.dir/ResourcePriorityQueue.cpp.o
2026-07-30T14:57:25.6506402Z [1340/1574] Building CXX object lib/CodeGen/SelectionDAG/CMakeFiles/LLVMSelectionDAG.dir/ScheduleDAGFast.cpp.o
2026-07-30T14:57:25.6538710Z [1341/1574] Building CXX object lib/CodeGen/SelectionDAG/CMakeFiles/LLVMSelectionDAG.dir/DAGCombiner.cpp.o
2026-07-30T14:57:25.8916294Z [1342/1574] Building CXX object lib/CodeGen/SelectionDAG/CMakeFiles/LLVMSelectionDAG.dir/LegalizeVectorOps.cpp.o
2026-07-30T14:57:26.9201874Z [1343/1574] Building CXX object lib/CodeGen/SelectionDAG/CMakeFiles/LLVMSelectionDAG.dir/LegalizeVectorTypes.cpp.o
2026-07-30T14:57:32.6046964Z [1344/1574] Building CXX object lib/CodeGen/SelectionDAG/CMakeFiles/LLVMSelectionDAG.dir/ScheduleDAGRRList.cpp.o
2026-07-30T14:57:36.0375612Z [1345/1574] Building CXX object lib/CodeGen/SelectionDAG/CMakeFiles/LLVMSelectionDAG.dir/ScheduleDAGSDNodes.cpp.o
2026-07-30T14:57:37.2598438Z [1346/1574] Building CXX object lib/CodeGen/SelectionDAG/CMakeFiles/LLVMSelectionDAG.dir/ScheduleDAGVLIW.cpp.o
2026-07-30T14:57:39.3976057Z [1347/1574] Building CXX object lib/CodeGen/SelectionDAG/CMakeFiles/LLVMSelectionDAG.dir/SelectionDAGAddressAnalysis.cpp.o
2026-07-30T14:57:45.0056073Z [1348/1574] Building CXX object lib/CodeGen/SelectionDAG/CMakeFiles/LLVMSelectionDAG.dir/SelectionDAGTargetInfo.cpp.o
2026-07-30T14:57:46.0785890Z [1349/1574] Building CXX object lib/CodeGen/SelectionDAG/CMakeFiles/LLVMSelectionDAG.dir/SelectionDAGDumper.cpp.o
2026-07-30T14:57:46.7815892Z [1350/1574] Building CXX object lib/CodeGen/SelectionDAG/CMakeFiles/LLVMSelectionDAG.dir/SelectionDAGPrinter.cpp.o
2026-07-30T14:57:55.1295767Z [1351/1574] Building CXX object lib/CodeGen/SelectionDAG/CMakeFiles/LLVMSelectionDAG.dir/SelectionDAGISel.cpp.o
2026-07-30T14:57:57.9635982Z [1352/1574] Building CXX object lib/CodeGen/SelectionDAG/CMakeFiles/LLVMSelectionDAG.dir/SelectionDAGBuilder.cpp.o
2026-07-30T14:57:59.3943051Z [1353/1574] Building CXX object lib/CodeGen/SelectionDAG/CMakeFiles/LLVMSelectionDAG.dir/SelectionDAG.cpp.o
2026-07-30T14:57:59.6415864Z [1354/1574] Building CXX object lib/CodeGen/AsmPrinter/CMakeFiles/LLVMAsmPrinter.dir/AccelTable.cpp.o
2026-07-30T14:57:59.9746255Z [1355/1574] Building CXX object lib/CodeGen/SelectionDAG/CMakeFiles/LLVMSelectionDAG.dir/StatepointLowering.cpp.o
2026-07-30T14:58:03.8575664Z [1356/1574] Building CXX object lib/CodeGen/AsmPrinter/CMakeFiles/LLVMAsmPrinter.dir/AddressPool.cpp.o
2026-07-30T14:58:06.3125940Z [1357/1574] Building CXX object lib/CodeGen/AsmPrinter/CMakeFiles/LLVMAsmPrinter.dir/AIXException.cpp.o
2026-07-30T14:58:07.8265798Z [1358/1574] Building CXX object lib/CodeGen/AsmPrinter/CMakeFiles/LLVMAsmPrinter.dir/ARMException.cpp.o
2026-07-30T14:58:08.1135721Z [1359/1574] Building CXX object lib/CodeGen/AsmPrinter/CMakeFiles/LLVMAsmPrinter.dir/AsmPrinterDwarf.cpp.o
2026-07-30T14:58:13.2705978Z [1360/1574] Building CXX object lib/CodeGen/SelectionDAG/CMakeFiles/LLVMSelectionDAG.dir/TargetLowering.cpp.o
2026-07-30T14:58:15.5465664Z [1361/1574] Building CXX object lib/CodeGen/AsmPrinter/CMakeFiles/LLVMAsmPrinter.dir/AsmPrinterInlineAsm.cpp.o
2026-07-30T14:58:19.2252039Z [1362/1574] Building CXX object lib/CodeGen/AsmPrinter/CMakeFiles/LLVMAsmPrinter.dir/DbgEntityHistoryCalculator.cpp.o
2026-07-30T14:58:21.0377154Z [1363/1574] Building CXX object lib/CodeGen/AsmPrinter/CMakeFiles/LLVMAsmPrinter.dir/DebugHandlerBase.cpp.o
2026-07-30T14:58:21.3045873Z [1364/1574] Building CXX object lib/CodeGen/AsmPrinter/CMakeFiles/LLVMAsmPrinter.dir/DebugLocStream.cpp.o
2026-07-30T14:58:22.4795860Z [1365/1574] Building CXX object lib/CodeGen/AsmPrinter/CMakeFiles/LLVMAsmPrinter.dir/AsmPrinter.cpp.o
2026-07-30T14:58:25.1455514Z [1366/1574] Building CXX object lib/CodeGen/AsmPrinter/CMakeFiles/LLVMAsmPrinter.dir/DIE.cpp.o
2026-07-30T14:58:29.0472793Z [1367/1574] Building CXX object lib/CodeGen/AsmPrinter/CMakeFiles/LLVMAsmPrinter.dir/DIEHash.cpp.o
2026-07-30T14:58:30.4209772Z [1368/1574] Building CXX object lib/CodeGen/AsmPrinter/CMakeFiles/LLVMAsmPrinter.dir/DwarfCFIException.cpp.o
2026-07-30T14:58:34.2146185Z [1369/1574] Building CXX object lib/CodeGen/AsmPrinter/CMakeFiles/LLVMAsmPrinter.dir/DwarfExpression.cpp.o
2026-07-30T14:58:36.9536418Z [1370/1574] Building CXX object lib/CodeGen/AsmPrinter/CMakeFiles/LLVMAsmPrinter.dir/DwarfStringPool.cpp.o
2026-07-30T14:58:39.0200282Z [1371/1574] Building CXX object lib/CodeGen/AsmPrinter/CMakeFiles/LLVMAsmPrinter.dir/DwarfFile.cpp.o
2026-07-30T14:58:41.3906107Z [1372/1574] Building CXX object lib/CodeGen/AsmPrinter/CMakeFiles/LLVMAsmPrinter.dir/EHStreamer.cpp.o
2026-07-30T14:58:41.6592016Z [1373/1574] Building CXX object lib/CodeGen/AsmPrinter/CMakeFiles/LLVMAsmPrinter.dir/DwarfCompileUnit.cpp.o
2026-07-30T14:58:44.8976013Z [1374/1574] Building CXX object lib/CodeGen/AsmPrinter/CMakeFiles/LLVMAsmPrinter.dir/ErlangGCPrinter.cpp.o
2026-07-30T14:58:45.8276041Z [1375/1574] Building CXX object lib/CodeGen/AsmPrinter/CMakeFiles/LLVMAsmPrinter.dir/DwarfDebug.cpp.o
2026-07-30T14:58:47.2975863Z [1376/1574] Building CXX object lib/CodeGen/AsmPrinter/CMakeFiles/LLVMAsmPrinter.dir/DwarfUnit.cpp.o
2026-07-30T14:58:49.1139905Z [1377/1574] Building CXX object lib/CodeGen/AsmPrinter/CMakeFiles/LLVMAsmPrinter.dir/OcamlGCPrinter.cpp.o
2026-07-30T14:58:52.0633317Z [1378/1574] Building CXX object lib/Extensions/CMakeFiles/LLVMExtensions.dir/Extensions.cpp.o
2026-07-30T14:58:52.2045587Z [1379/1574] Building CXX object lib/CodeGen/AsmPrinter/CMakeFiles/LLVMAsmPrinter.dir/WinCFGuard.cpp.o
2026-07-30T14:58:52.2369028Z [1380/1574] Linking CXX static library lib/libLLVMCFGuard.a
2026-07-30T14:58:52.6101084Z [1381/1574] Linking CXX static library lib/libLLVMCoroutines.a
2026-07-30T14:58:52.9965374Z [1382/1574] Linking CXX static library lib/libLLVMHipStdPar.a
2026-07-30T14:58:54.0840416Z [1383/1574] Building CXX object lib/CodeGen/AsmPrinter/CMakeFiles/LLVMAsmPrinter.dir/PseudoProbePrinter.cpp.o
2026-07-30T14:58:55.5669216Z [1384/1574] Building CXX object lib/CodeGen/AsmPrinter/CMakeFiles/LLVMAsmPrinter.dir/WinException.cpp.o
2026-07-30T14:58:56.2980529Z [1385/1574] Building CXX object lib/MC/MCDisassembler/CMakeFiles/LLVMMCDisassembler.dir/MCDisassembler.cpp.o
2026-07-30T14:58:57.9375935Z [1386/1574] Building CXX object lib/MC/MCDisassembler/CMakeFiles/LLVMMCDisassembler.dir/MCSymbolizer.cpp.o
2026-07-30T14:58:58.3561039Z [1387/1574] Building CXX object lib/CodeGen/AsmPrinter/CMakeFiles/LLVMAsmPrinter.dir/WasmException.cpp.o
2026-07-30T14:58:59.2484889Z [1388/1574] Building CXX object lib/MC/MCDisassembler/CMakeFiles/LLVMMCDisassembler.dir/MCRelocationInfo.cpp.o
2026-07-30T14:58:59.4886355Z [1389/1574] Building CXX object lib/MC/MCDisassembler/CMakeFiles/LLVMMCDisassembler.dir/Disassembler.cpp.o
2026-07-30T14:59:00.0827096Z [1390/1574] Building CXX object lib/MC/MCDisassembler/CMakeFiles/LLVMMCDisassembler.dir/MCExternalSymbolizer.cpp.o
2026-07-30T14:59:01.5337716Z [1391/1574] Building CXX object lib/Target/AVR/MCTargetDesc/CMakeFiles/LLVMAVRDesc.dir/AVRInstPrinter.cpp.o
2026-07-30T14:59:01.7491930Z [1392/1574] Building CXX object lib/Target/AVR/MCTargetDesc/CMakeFiles/LLVMAVRDesc.dir/AVRMCAsmInfo.cpp.o
2026-07-30T14:59:02.6522705Z [1393/1574] Building CXX object lib/Target/AVR/MCTargetDesc/CMakeFiles/LLVMAVRDesc.dir/AVRAsmBackend.cpp.o
2026-07-30T14:59:03.3796136Z [1394/1574] Building CXX object lib/Target/AVR/MCTargetDesc/CMakeFiles/LLVMAVRDesc.dir/AVRELFObjectWriter.cpp.o
2026-07-30T14:59:05.6505683Z [1395/1574] Building CXX object lib/Target/AVR/MCTargetDesc/CMakeFiles/LLVMAVRDesc.dir/AVRELFStreamer.cpp.o
2026-07-30T14:59:06.3585767Z [1396/1574] Building CXX object lib/Target/AVR/MCTargetDesc/CMakeFiles/LLVMAVRDesc.dir/AVRMCCodeEmitter.cpp.o
2026-07-30T14:59:06.4475942Z [1397/1574] Building CXX object lib/Target/AVR/MCTargetDesc/CMakeFiles/LLVMAVRDesc.dir/AVRMCELFStreamer.cpp.o
2026-07-30T14:59:06.7370746Z [1398/1574] Linking CXX static library lib/libLLVMAVRInfo.a
2026-07-30T14:59:07.0605645Z [1399/1574] Building CXX object lib/Passes/CMakeFiles/LLVMPasses.dir/OptimizationLevel.cpp.o
2026-07-30T14:59:07.9706068Z [1400/1574] Building CXX object lib/CodeGen/AsmPrinter/CMakeFiles/LLVMAsmPrinter.dir/CodeViewDebug.cpp.o
2026-07-30T14:59:08.3282467Z [1401/1574] Building CXX object lib/Target/AVR/MCTargetDesc/CMakeFiles/LLVMAVRDesc.dir/AVRMCExpr.cpp.o
2026-07-30T14:59:10.2065767Z [1402/1574] Building CXX object lib/Target/AVR/MCTargetDesc/CMakeFiles/LLVMAVRDesc.dir/AVRMCTargetDesc.cpp.o
2026-07-30T14:59:11.4858541Z [1403/1574] Building CXX object lib/Target/AVR/MCTargetDesc/CMakeFiles/LLVMAVRDesc.dir/AVRTargetStreamer.cpp.o
2026-07-30T14:59:13.1234961Z [1404/1574] Building CXX object lib/Passes/CMakeFiles/LLVMPasses.dir/PassPlugin.cpp.o
2026-07-30T14:59:13.1315390Z [1405/1574] Building Options.inc...
2026-07-30T14:59:13.1530132Z [1406/1574] Generating VCSVersion.inc
2026-07-30T14:59:13.3465445Z [1407/1574] Linking CXX static library lib/libLLVMSelectionDAG.a
2026-07-30T14:59:13.7415536Z [1408/1574] Linking CXX static library lib/libLLVMAsmPrinter.a
2026-07-30T14:59:14.1359304Z [1409/1574] Linking CXX static library lib/libLLVMExtensions.a
2026-07-30T14:59:20.0718542Z [1410/1574] Building CXX object lib/Passes/CMakeFiles/LLVMPasses.dir/PassBuilderBindings.cpp.o
2026-07-30T14:59:20.5535904Z [1411/1574] Building CXX object lib/Passes/CMakeFiles/LLVMPasses.dir/CodeGenPassBuilder.cpp.o
2026-07-30T14:59:30.6966085Z [1412/1574] Building CXX object lib/Passes/CMakeFiles/LLVMPasses.dir/StandardInstrumentations.cpp.o
2026-07-30T14:59:38.3595676Z [1413/1574] Building CXX object lib/LTO/CMakeFiles/LLVMLTO.dir/LTOBackend.cpp.o
2026-07-30T14:59:39.1196483Z [1414/1574] Building CXX object lib/Passes/CMakeFiles/LLVMPasses.dir/PassBuilderPipelines.cpp.o
2026-07-30T14:59:39.8034805Z [1415/1574] Building CXX object lib/LTO/CMakeFiles/LLVMLTO.dir/LTOModule.cpp.o
2026-07-30T14:59:44.5755769Z [1416/1574] Building CXX object lib/LTO/CMakeFiles/LLVMLTO.dir/SummaryBasedOptimizations.cpp.o
2026-07-30T14:59:44.9625466Z [1417/1574] Linking CXX static library lib/libLLVMMCDisassembler.a
2026-07-30T14:59:45.3395457Z [1418/1574] Building CXX object lib/LTO/CMakeFiles/LLVMLTO.dir/LTO.cpp.o
2026-07-30T14:59:51.7775565Z [1419/1574] Building CXX object lib/LTO/CMakeFiles/LLVMLTO.dir/UpdateCompilerUsed.cpp.o
2026-07-30T14:59:53.6455996Z [1420/1574] Building CXX object lib/LTO/CMakeFiles/LLVMLTO.dir/LTOCodeGenerator.cpp.o
2026-07-30T14:59:54.8467296Z [1421/1574] Building CXX object lib/Target/AVR/CMakeFiles/LLVMAVRCodeGen.dir/AVRExpandPseudoInsts.cpp.o
2026-07-30T14:59:56.3898315Z [1422/1574] Building CXX object lib/Target/AVR/CMakeFiles/LLVMAVRCodeGen.dir/AVRAsmPrinter.cpp.o
2026-07-30T15:00:01.9695981Z [1423/1574] Building CXX object lib/Target/AVR/CMakeFiles/LLVMAVRCodeGen.dir/AVRFrameLowering.cpp.o
2026-07-30T15:00:04.7736035Z [1424/1574] Building CXX object lib/Target/AVR/CMakeFiles/LLVMAVRCodeGen.dir/AVRISelDAGToDAG.cpp.o
2026-07-30T15:00:04.9503687Z [1425/1574] Building CXX object lib/LTO/CMakeFiles/LLVMLTO.dir/ThinLTOCodeGenerator.cpp.o
2026-07-30T15:00:08.7585590Z [1426/1574] Building CXX object lib/Target/AVR/CMakeFiles/LLVMAVRCodeGen.dir/AVRInstrInfo.cpp.o
2026-07-30T15:00:10.1695938Z [1427/1574] Building CXX object lib/Target/AVR/CMakeFiles/LLVMAVRCodeGen.dir/AVRISelLowering.cpp.o
2026-07-30T15:00:11.5005894Z [1428/1574] Building CXX object lib/Target/AVR/CMakeFiles/LLVMAVRCodeGen.dir/AVRShiftExpand.cpp.o
2026-07-30T15:00:14.9490204Z [1429/1574] Building CXX object lib/Target/AVR/CMakeFiles/LLVMAVRCodeGen.dir/AVRMCInstLower.cpp.o
2026-07-30T15:00:16.4565673Z [1430/1574] Building CXX object lib/Target/AVR/CMakeFiles/LLVMAVRCodeGen.dir/AVRRegisterInfo.cpp.o
2026-07-30T15:00:17.3295711Z [1431/1574] Building CXX object lib/Target/AVR/CMakeFiles/LLVMAVRCodeGen.dir/AVRSubtarget.cpp.o
2026-07-30T15:00:17.7193333Z [1432/1574] Linking CXX static library lib/libLLVMAVRDesc.a
2026-07-30T15:00:20.6704083Z [1433/1574] Building CXX object lib/Target/AVR/CMakeFiles/LLVMAVRCodeGen.dir/AVRTargetMachine.cpp.o
2026-07-30T15:00:21.4806038Z [1434/1574] Building CXX object lib/Target/AVR/CMakeFiles/LLVMAVRCodeGen.dir/AVRTargetObjectFile.cpp.o
2026-07-30T15:00:22.9016120Z [1435/1574] Building CXX object lib/ToolDrivers/llvm-lib/CMakeFiles/LLVMLibDriver.dir/LibDriver.cpp.o
2026-07-30T15:00:23.9929069Z [1436/1574] Building CXX object lib/WindowsDriver/CMakeFiles/LLVMWindowsDriver.dir/MSVCPaths.cpp.o
2026-07-30T15:00:24.0515792Z [1437/1574] Building CXX object lib/Passes/CMakeFiles/LLVMPasses.dir/PassBuilder.cpp.o
2026-07-30T15:00:24.7895994Z [1438/1574] Building CXX object lib/WindowsManifest/CMakeFiles/LLVMWindowsManifest.dir/WindowsManifestMerger.cpp.o
2026-07-30T15:00:25.3356697Z [1439/1574] Building CXX object tools/lld/Common/CMakeFiles/lldCommon.dir/Args.cpp.o
2026-07-30T15:00:25.5306241Z [1440/1574] Building CXX object lib/Target/AVR/AsmParser/CMakeFiles/LLVMAVRAsmParser.dir/AVRAsmParser.cpp.o
2026-07-30T15:00:26.8646144Z [1441/1574] Building CXX object tools/lld/Common/CMakeFiles/lldCommon.dir/CommonLinkerContext.cpp.o
2026-07-30T15:00:27.3715888Z [1442/1574] Building CXX object tools/lld/Common/CMakeFiles/lldCommon.dir/DriverDispatcher.cpp.o
2026-07-30T15:00:28.8295664Z [1443/1574] Building CXX object tools/lld/Common/CMakeFiles/lldCommon.dir/Filesystem.cpp.o
2026-07-30T15:00:29.8185889Z [1444/1574] Building CXX object tools/lld/Common/CMakeFiles/lldCommon.dir/Reproduce.cpp.o
2026-07-30T15:00:31.1955755Z [1445/1574] Building CXX object tools/lld/Common/CMakeFiles/lldCommon.dir/Memory.cpp.o
2026-07-30T15:00:31.6965887Z [1446/1574] Building CXX object tools/lld/Common/CMakeFiles/lldCommon.dir/DWARF.cpp.o
2026-07-30T15:00:31.8225958Z [1447/1574] Building CXX object tools/lld/Common/CMakeFiles/lldCommon.dir/Strings.cpp.o
2026-07-30T15:00:31.8435290Z [1448/1574] Building Options.inc...
2026-07-30T15:00:32.2228293Z [1449/1574] Linking CXX static library lib/libLLVMAVRCodeGen.a
2026-07-30T15:00:32.6565469Z [1450/1574] Linking CXX static library lib/libLLVMPasses.a
2026-07-30T15:00:32.6986258Z [1451/1574] Building CXX object lib/Target/AVR/Disassembler/CMakeFiles/LLVMAVRDisassembler.dir/AVRDisassembler.cpp.o
2026-07-30T15:00:32.9556227Z [1452/1574] Linking CXX static library lib/libLLVMAVRAsmParser.a
2026-07-30T15:00:33.1355328Z [1453/1574] Linking CXX static library lib/libLLVMLTO.a
2026-07-30T15:00:33.2885800Z [1454/1574] Building CXX object tools/lld/Common/CMakeFiles/lldCommon.dir/Version.cpp.o
2026-07-30T15:00:33.4546124Z [1455/1574] Building CXX object tools/lld/Common/CMakeFiles/lldCommon.dir/TargetOptionsCommandFlags.cpp.o
2026-07-30T15:00:33.5015484Z [1456/1574] Linking CXX static library lib/libLLVMAVRDisassembler.a
2026-07-30T15:00:33.8826021Z [1457/1574] Linking CXX static library lib/libLLVMLibDriver.a
2026-07-30T15:00:33.9619685Z [1458/1574] Building CXX object tools/lld/Common/CMakeFiles/lldCommon.dir/Timer.cpp.o
2026-07-30T15:00:34.2675340Z [1459/1574] Linking CXX static library lib/libLLVMWindowsDriver.a
2026-07-30T15:00:34.5310111Z [1460/1574] Building CXX object tools/lld/Common/CMakeFiles/lldCommon.dir/ErrorHandler.cpp.o
2026-07-30T15:00:34.6475574Z [1461/1574] Linking CXX static library lib/libLLVMWindowsManifest.a
2026-07-30T15:00:35.0315514Z [1462/1574] Linking CXX static library lib/liblldCommon.a
2026-07-30T15:00:39.7645816Z [1463/1574] Building CXX object tools/lld/COFF/CMakeFiles/lldCOFF.dir/Chunks.cpp.o
2026-07-30T15:00:40.5275541Z [1464/1574] Building CXX object tools/lld/COFF/CMakeFiles/lldCOFF.dir/CallGraphSort.cpp.o
2026-07-30T15:00:42.6406215Z [1465/1574] Building CXX object tools/lld/COFF/CMakeFiles/lldCOFF.dir/COFFLinkerContext.cpp.o
2026-07-30T15:00:43.1496108Z [1466/1574] Building CXX object tools/lld/COFF/CMakeFiles/lldCOFF.dir/DLL.cpp.o
2026-07-30T15:00:44.3955705Z [1467/1574] Building CXX object tools/lld/COFF/CMakeFiles/lldCOFF.dir/DebugTypes.cpp.o
2026-07-30T15:00:50.0638907Z [1468/1574] Building CXX object tools/lld/COFF/CMakeFiles/lldCOFF.dir/LLDMapFile.cpp.o
2026-07-30T15:00:51.2985699Z [1469/1574] Building CXX object tools/lld/COFF/CMakeFiles/lldCOFF.dir/ICF.cpp.o
2026-07-30T15:00:51.6555767Z [1470/1574] Building CXX object tools/lld/COFF/CMakeFiles/lldCOFF.dir/DriverUtils.cpp.o
2026-07-30T15:00:55.3140655Z [1471/1574] Building CXX object tools/lld/COFF/CMakeFiles/lldCOFF.dir/MapFile.cpp.o
2026-07-30T15:00:58.1788702Z [1472/1574] Building CXX object tools/lld/COFF/CMakeFiles/lldCOFF.dir/Driver.cpp.o
2026-07-30T15:00:58.8075669Z [1473/1574] Building CXX object tools/lld/COFF/CMakeFiles/lldCOFF.dir/MarkLive.cpp.o
2026-07-30T15:01:00.4245727Z [1474/1574] Building CXX object tools/lld/COFF/CMakeFiles/lldCOFF.dir/MinGW.cpp.o
2026-07-30T15:01:05.4676202Z [1475/1574] Building CXX object tools/lld/COFF/CMakeFiles/lldCOFF.dir/InputFiles.cpp.o
2026-07-30T15:01:05.5075285Z [1476/1574] Building Options.inc...
2026-07-30T15:01:05.5325651Z [1477/1574] Building Options.inc...
2026-07-30T15:01:05.5595534Z [1478/1574] Building Options.inc...
2026-07-30T15:01:05.5771974Z [1479/1574] Building Options.inc...
2026-07-30T15:01:06.3165864Z [1480/1574] Building CXX object tools/lld/COFF/CMakeFiles/lldCOFF.dir/Symbols.cpp.o
2026-07-30T15:01:07.9978460Z [1481/1574] Building CXX object tools/lld/COFF/CMakeFiles/lldCOFF.dir/LTO.cpp.o
2026-07-30T15:01:09.9688132Z [1482/1574] Building CXX object tools/lld/COFF/CMakeFiles/lldCOFF.dir/PDB.cpp.o
2026-07-30T15:01:13.2573602Z [1483/1574] Building CXX object tools/lld/COFF/CMakeFiles/lldCOFF.dir/SymbolTable.cpp.o
2026-07-30T15:01:14.3415643Z [1484/1574] Building CXX object tools/lld/ELF/CMakeFiles/lldELF.dir/Arch/AMDGPU.cpp.o
2026-07-30T15:01:14.7132488Z [1485/1574] Building CXX object tools/lld/COFF/CMakeFiles/lldCOFF.dir/Writer.cpp.o
2026-07-30T15:01:15.1135757Z [1486/1574] Building CXX object tools/lld/ELF/CMakeFiles/lldELF.dir/Arch/AArch64.cpp.o
2026-07-30T15:01:15.1425521Z [1487/1574] Linking CXX static library lib/liblldCOFF.a
2026-07-30T15:01:15.5335971Z [1488/1574] Building CXX object tools/lld/ELF/CMakeFiles/lldELF.dir/AArch64ErrataFix.cpp.o
2026-07-30T15:01:19.7637273Z [1489/1574] Building CXX object tools/lld/ELF/CMakeFiles/lldELF.dir/Arch/AVR.cpp.o
2026-07-30T15:01:20.8776539Z [1490/1574] Building CXX object tools/lld/ELF/CMakeFiles/lldELF.dir/Arch/Hexagon.cpp.o
2026-07-30T15:01:21.2379876Z [1491/1574] Building CXX object tools/lld/ELF/CMakeFiles/lldELF.dir/Arch/MipsArchTree.cpp.o
2026-07-30T15:01:23.0085656Z [1492/1574] Building CXX object tools/lld/ELF/CMakeFiles/lldELF.dir/Arch/ARM.cpp.o
2026-07-30T15:01:23.1635785Z [1493/1574] Building CXX object tools/lld/ELF/CMakeFiles/lldELF.dir/Arch/LoongArch.cpp.o
2026-07-30T15:01:24.8486987Z [1494/1574] Building CXX object tools/lld/ELF/CMakeFiles/lldELF.dir/Arch/Mips.cpp.o
2026-07-30T15:01:25.0326360Z [1495/1574] Building CXX object tools/lld/ELF/CMakeFiles/lldELF.dir/Arch/MSP430.cpp.o
2026-07-30T15:01:30.3245536Z [1496/1574] Building CXX object tools/lld/ELF/CMakeFiles/lldELF.dir/Arch/SPARCV9.cpp.o
2026-07-30T15:01:30.4725805Z [1497/1574] Building CXX object tools/lld/ELF/CMakeFiles/lldELF.dir/Arch/PPC64.cpp.o
2026-07-30T15:01:30.6113163Z [1498/1574] Building CXX object tools/lld/ELF/CMakeFiles/lldELF.dir/Arch/PPC.cpp.o
2026-07-30T15:01:31.0045561Z [1499/1574] Building CXX object tools/lld/ELF/CMakeFiles/lldELF.dir/Arch/SystemZ.cpp.o
2026-07-30T15:01:31.5255620Z [1500/1574] Building CXX object tools/lld/ELF/CMakeFiles/lldELF.dir/Arch/X86.cpp.o
2026-07-30T15:01:35.4085920Z [1501/1574] Building CXX object tools/lld/ELF/CMakeFiles/lldELF.dir/CallGraphSort.cpp.o
2026-07-30T15:01:35.4415840Z [1502/1574] Building CXX object tools/lld/ELF/CMakeFiles/lldELF.dir/Arch/RISCV.cpp.o
2026-07-30T15:01:35.9851579Z [1503/1574] Building CXX object tools/lld/ELF/CMakeFiles/lldELF.dir/Arch/X86_64.cpp.o
2026-07-30T15:01:39.9000614Z [1504/1574] Building CXX object tools/lld/ELF/CMakeFiles/lldELF.dir/ARMErrataFix.cpp.o
2026-07-30T15:01:41.8439399Z [1505/1574] Building CXX object tools/lld/ELF/CMakeFiles/lldELF.dir/EhFrame.cpp.o
2026-07-30T15:01:42.3737558Z [1506/1574] Building CXX object tools/lld/ELF/CMakeFiles/lldELF.dir/DWARF.cpp.o
2026-07-30T15:01:43.2165647Z [1507/1574] Building CXX object tools/lld/ELF/CMakeFiles/lldELF.dir/DriverUtils.cpp.o
2026-07-30T15:01:43.7820648Z [1508/1574] Building CXX object tools/lld/ELF/CMakeFiles/lldELF.dir/ICF.cpp.o
2026-07-30T15:01:52.7415845Z [1509/1574] Building CXX object tools/lld/ELF/CMakeFiles/lldELF.dir/MapFile.cpp.o
2026-07-30T15:01:57.3965569Z [1510/1574] Building CXX object tools/lld/ELF/CMakeFiles/lldELF.dir/LinkerScript.cpp.o
2026-07-30T15:01:59.7715704Z [1511/1574] Building CXX object tools/lld/ELF/CMakeFiles/lldELF.dir/InputSection.cpp.o
2026-07-30T15:02:02.0196598Z [1512/1574] Building CXX object tools/lld/ELF/CMakeFiles/lldELF.dir/MarkLive.cpp.o
2026-07-30T15:02:02.4603393Z [1513/1574] Building CXX object tools/lld/ELF/CMakeFiles/lldELF.dir/LTO.cpp.o
2026-07-30T15:02:06.6512612Z [1514/1574] Building CXX object tools/lld/ELF/CMakeFiles/lldELF.dir/ScriptLexer.cpp.o
2026-07-30T15:02:09.0375846Z [1515/1574] Building CXX object tools/lld/ELF/CMakeFiles/lldELF.dir/Driver.cpp.o
2026-07-30T15:02:09.7495701Z [1516/1574] Building CXX object tools/lld/ELF/CMakeFiles/lldELF.dir/InputFiles.cpp.o
2026-07-30T15:02:10.3035038Z [1517/1574] Building CXX object tools/lld/ELF/CMakeFiles/lldELF.dir/OutputSections.cpp.o
2026-07-30T15:02:12.9655488Z [1518/1574] Building CXX object tools/lld/ELF/CMakeFiles/lldELF.dir/SymbolTable.cpp.o
2026-07-30T15:02:17.0815859Z [1519/1574] Building CXX object tools/lld/ELF/CMakeFiles/lldELF.dir/Symbols.cpp.o
2026-07-30T15:02:17.4925524Z [1520/1574] Building CXX object tools/lld/ELF/CMakeFiles/lldELF.dir/Relocations.cpp.o
2026-07-30T15:02:19.3685721Z [1521/1574] Building CXX object tools/lld/ELF/CMakeFiles/lldELF.dir/ScriptParser.cpp.o
2026-07-30T15:02:21.0440035Z [1522/1574] Building CXX object tools/lld/ELF/CMakeFiles/lldELF.dir/Target.cpp.o
2026-07-30T15:02:23.8056169Z [1523/1574] Building CXX object tools/lld/MachO/CMakeFiles/lldMachO.dir/Arch/ARM64Common.cpp.o
2026-07-30T15:02:25.8110926Z [1524/1574] Building CXX object tools/lld/ELF/CMakeFiles/lldELF.dir/Thunks.cpp.o
2026-07-30T15:02:26.3855566Z [1525/1574] Building CXX object tools/lld/MachO/CMakeFiles/lldMachO.dir/Arch/ARM64.cpp.o
2026-07-30T15:02:26.7322484Z [1526/1574] Building CXX object tools/lld/MachO/CMakeFiles/lldMachO.dir/Arch/ARM64_32.cpp.o
2026-07-30T15:02:31.7803369Z [1527/1574] Building CXX object tools/lld/MachO/CMakeFiles/lldMachO.dir/ConcatOutputSection.cpp.o
2026-07-30T15:02:32.1125881Z [1528/1574] Building CXX object tools/lld/MachO/CMakeFiles/lldMachO.dir/Arch/X86_64.cpp.o
2026-07-30T15:02:37.5865522Z [1529/1574] Building CXX object tools/lld/MachO/CMakeFiles/lldMachO.dir/Dwarf.cpp.o
2026-07-30T15:02:39.0776206Z [1530/1574] Building CXX object tools/lld/MachO/CMakeFiles/lldMachO.dir/EhFrame.cpp.o
2026-07-30T15:02:40.0325846Z [1531/1574] Building CXX object tools/lld/ELF/CMakeFiles/lldELF.dir/SyntheticSections.cpp.o
2026-07-30T15:02:44.5385531Z [1532/1574] Building CXX object tools/lld/MachO/CMakeFiles/lldMachO.dir/ExportTrie.cpp.o
2026-07-30T15:02:44.8895947Z [1533/1574] Building CXX object tools/lld/ELF/CMakeFiles/lldELF.dir/Writer.cpp.o
2026-07-30T15:02:46.8675887Z [1534/1574] Building CXX object tools/lld/MachO/CMakeFiles/lldMachO.dir/DriverUtils.cpp.o
2026-07-30T15:02:47.9665910Z [1535/1574] Building CXX object tools/lld/MachO/CMakeFiles/lldMachO.dir/ICF.cpp.o
2026-07-30T15:02:52.9365690Z [1536/1574] Building CXX object tools/lld/MachO/CMakeFiles/lldMachO.dir/InputSection.cpp.o
2026-07-30T15:02:53.5235728Z [1537/1574] Building CXX object tools/lld/MachO/CMakeFiles/lldMachO.dir/Driver.cpp.o
2026-07-30T15:02:53.9836133Z [1538/1574] Building CXX object tools/lld/MachO/CMakeFiles/lldMachO.dir/MapFile.cpp.o
2026-07-30T15:02:57.2535153Z [1539/1574] Building CXX object tools/lld/MachO/CMakeFiles/lldMachO.dir/MarkLive.cpp.o
2026-07-30T15:02:59.6918337Z [1540/1574] Building CXX object tools/lld/MachO/CMakeFiles/lldMachO.dir/OutputSegment.cpp.o
2026-07-30T15:03:00.0415829Z [1541/1574] Building CXX object tools/lld/MachO/CMakeFiles/lldMachO.dir/OutputSection.cpp.o
2026-07-30T15:03:04.3535742Z [1542/1574] Building CXX object tools/lld/MachO/CMakeFiles/lldMachO.dir/LTO.cpp.o
2026-07-30T15:03:05.0445844Z [1543/1574] Building CXX object tools/lld/MachO/CMakeFiles/lldMachO.dir/ObjC.cpp.o
2026-07-30T15:03:05.1515868Z [1544/1574] Building CXX object tools/lld/MachO/CMakeFiles/lldMachO.dir/Relocations.cpp.o
2026-07-30T15:03:05.8347649Z [1545/1574] Building CXX object tools/lld/MachO/CMakeFiles/lldMachO.dir/InputFiles.cpp.o
2026-07-30T15:03:05.8976311Z [1546/1574] Building CXX object tools/lld/MachO/CMakeFiles/lldMachO.dir/SectionPriorities.cpp.o
2026-07-30T15:03:08.2547577Z [1547/1574] Building CXX object tools/lld/MachO/CMakeFiles/lldMachO.dir/Target.cpp.o
2026-07-30T15:03:09.9305534Z [1548/1574] Building CXX object tools/lld/MachO/CMakeFiles/lldMachO.dir/Symbols.cpp.o
2026-07-30T15:03:11.2655660Z [1549/1574] Building CXX object tools/lld/MachO/CMakeFiles/lldMachO.dir/SymbolTable.cpp.o
2026-07-30T15:03:13.1518656Z [1550/1574] Building CXX object tools/lld/MachO/CMakeFiles/lldMachO.dir/UnwindInfoSection.cpp.o
2026-07-30T15:03:13.7789409Z [1551/1574] Building CXX object tools/lld/MinGW/CMakeFiles/lldMinGW.dir/Driver.cpp.o
2026-07-30T15:03:18.4345746Z [1552/1574] Building CXX object tools/lld/MachO/CMakeFiles/lldMachO.dir/Writer.cpp.o
2026-07-30T15:03:24.6243997Z [1553/1574] Building CXX object tools/lld/MachO/CMakeFiles/lldMachO.dir/SyntheticSections.cpp.o
2026-07-30T15:03:28.6161340Z [1554/1574] Building CXX object tools/lld/wasm/CMakeFiles/lldWasm.dir/InputChunks.cpp.o
2026-07-30T15:03:30.3426073Z [1555/1574] Building CXX object tools/lld/wasm/CMakeFiles/lldWasm.dir/Driver.cpp.o
2026-07-30T15:03:30.7525864Z [1556/1574] Building CXX object tools/lld/wasm/CMakeFiles/lldWasm.dir/LTO.cpp.o
2026-07-30T15:03:33.8735634Z [1557/1574] Building CXX object tools/lld/wasm/CMakeFiles/lldWasm.dir/MapFile.cpp.o
2026-07-30T15:03:34.5635666Z [1558/1574] Building CXX object tools/lld/wasm/CMakeFiles/lldWasm.dir/InputFiles.cpp.o
2026-07-30T15:03:39.9796009Z [1559/1574] Building CXX object tools/lld/wasm/CMakeFiles/lldWasm.dir/MarkLive.cpp.o
2026-07-30T15:03:45.3502690Z [1560/1574] Building CXX object tools/lld/wasm/CMakeFiles/lldWasm.dir/OutputSections.cpp.o
2026-07-30T15:03:46.1795889Z [1561/1574] Building CXX object tools/lld/wasm/CMakeFiles/lldWasm.dir/OutputSegment.cpp.o
2026-07-30T15:03:48.5726237Z [1562/1574] Building CXX object tools/lld/wasm/CMakeFiles/lldWasm.dir/Relocations.cpp.o
2026-07-30T15:03:49.5967721Z [1563/1574] Building CXX object tools/lld/wasm/CMakeFiles/lldWasm.dir/WriterUtils.cpp.o
2026-07-30T15:03:51.9566425Z [1564/1574] Building CXX object tools/lld/tools/lld/CMakeFiles/lld.dir/lld.cpp.o
2026-07-30T15:03:52.3764951Z [1565/1574] Linking CXX static library lib/liblldELF.a
2026-07-30T15:03:52.4375672Z [1566/1574] Building CXX object tools/lld/wasm/CMakeFiles/lldWasm.dir/Symbols.cpp.o
2026-07-30T15:03:52.4715575Z [1567/1574] Building CXX object tools/lld/tools/lld/CMakeFiles/lld.dir/lld-driver.cpp.o
2026-07-30T15:03:52.6163255Z [1568/1574] Linking CXX static library lib/liblldMachO.a
2026-07-30T15:03:52.6178985Z [1569/1574] Building CXX object tools/lld/wasm/CMakeFiles/lldWasm.dir/SymbolTable.cpp.o
2026-07-30T15:03:52.7966706Z [1570/1574] Linking CXX static library lib/liblldMinGW.a
2026-07-30T15:03:55.5227944Z [1571/1574] Building CXX object tools/lld/wasm/CMakeFiles/lldWasm.dir/SyntheticSections.cpp.o
2026-07-30T15:03:58.9424095Z [1572/1574] Building CXX object tools/lld/wasm/CMakeFiles/lldWasm.dir/Writer.cpp.o
2026-07-30T15:03:59.0550698Z [1573/1574] Linking CXX static library lib/liblldWasm.a
2026-07-30T15:07:43.1457379Z [1574/1574] Linking CXX executable bin/lld.js
2026-07-30T15:07:43.1503133Z ninja: Entering directory `build-wasm'
2026-07-30T15:07:43.3085403Z [1/1174] Building StmtNodes.inc...
2026-07-30T15:07:43.3164414Z [2/1174] Building AttrNodeTraverse.inc...
2026-07-30T15:07:43.3165854Z [3/1174] Building DeclNodes.inc...
2026-07-30T15:07:43.3225671Z [4/1174] Building AbstractBasicReader.inc...
2026-07-30T15:07:43.3286115Z [5/1174] Building TypeNodes.inc...
2026-07-30T15:07:43.3303632Z [6/1174] Building Attrs.inc...
2026-07-30T15:07:43.3313456Z [7/1174] Building AttrImpl.inc...
2026-07-30T15:07:43.3322616Z [8/1174] Building AbstractBasicWriter.inc...
2026-07-30T15:07:43.3366264Z [9/1174] Building AttrTextNodeDump.inc...
2026-07-30T15:07:43.3377639Z [10/1174] Building AbstractTypeReader.inc...
2026-07-30T15:07:43.3392515Z [11/1174] Building AbstractTypeWriter.inc...
2026-07-30T15:07:43.3400004Z [12/1174] Building AttrVisitor.inc...
2026-07-30T15:07:43.3403455Z [13/1174] Building CommentNodes.inc...
2026-07-30T15:07:43.3424101Z [14/1174] Building CommentHTMLTags.inc...
2026-07-30T15:07:43.3476632Z [15/1174] Building CommentHTMLTagsProperties.inc...
2026-07-30T15:07:43.3477791Z [16/1174] Building CommentHTMLNamedCharacterReferences.inc...
2026-07-30T15:07:43.3505305Z [17/1174] Building CommentCommandList.inc...
2026-07-30T15:07:43.3534927Z [18/1174] Building StmtDataCollectors.inc...
2026-07-30T15:07:43.3535798Z [19/1174] Building CommentCommandInfo.inc...
2026-07-30T15:07:43.4297763Z [20/1174] Building DiagnosticAnalysisKinds.inc...
2026-07-30T15:07:43.4305040Z [21/1174] Building DiagnosticCommentKinds.inc...
2026-07-30T15:07:43.4835500Z [22/1174] Building DiagnosticASTKinds.inc...
2026-07-30T15:07:43.4864985Z [23/1174] Building DiagnosticDriverKinds.inc...
2026-07-30T15:07:43.5090046Z [24/1174] Building DiagnosticCommonKinds.inc...
2026-07-30T15:07:43.5120362Z [25/1174] Building DiagnosticCrossTUKinds.inc...
2026-07-30T15:07:43.5715593Z [26/1174] Building DiagnosticInstallAPIKinds.inc...
2026-07-30T15:07:43.6001837Z [27/1174] Building DiagnosticRefactoringKinds.inc...
2026-07-30T15:07:43.6065741Z [28/1174] Building DiagnosticFrontendKinds.inc...
2026-07-30T15:07:43.6285414Z [29/1174] Building DiagnosticSemaKinds.inc...
2026-07-30T15:07:43.6495315Z [30/1174] Building AttrList.inc...
2026-07-30T15:07:43.6705612Z [31/1174] Building AttrSubMatchRulesList.inc...
2026-07-30T15:07:43.6735282Z [32/1174] Building DiagnosticLexKinds.inc...
2026-07-30T15:07:43.6855450Z [33/1174] Building DiagnosticParseKinds.inc...
2026-07-30T15:07:43.6920640Z [34/1174] Building DiagnosticGroups.inc...
2026-07-30T15:07:43.7045283Z [35/1174] Building BuiltinsBPF.inc...
2026-07-30T15:07:43.7105331Z [36/1174] Building Builtins.inc...
2026-07-30T15:07:43.7135031Z [37/1174] Building BuiltinsRISCV.inc...
2026-07-30T15:07:43.7165102Z [38/1174] Building RegularKeywordAttrInfo.inc...
2026-07-30T15:07:43.7185250Z [39/1174] Building arm_fp16.inc...
2026-07-30T15:07:43.7223367Z [40/1174] Building DiagnosticSerializationKinds.inc...
2026-07-30T15:07:43.7245520Z [41/1174] Building AttrHasAttributeImpl.inc...
2026-07-30T15:07:43.7275670Z [42/1174] Building DiagnosticIndexName.inc...
2026-07-30T15:07:43.7605211Z [43/1174] Building arm_mve_builtins.inc...
2026-07-30T15:07:43.7725352Z [44/1174] Building arm_mve_builtin_aliases.inc...
2026-07-30T15:07:43.7954048Z [45/1174] Building arm_mve_builtin_sema.inc...
2026-07-30T15:07:43.7978572Z [46/1174] Building arm_neon.inc...
2026-07-30T15:07:43.8088819Z [47/1174] Building arm_mve_builtin_cg.inc...
2026-07-30T15:07:43.8195572Z [48/1174] Building arm_sve_typeflags.inc...
2026-07-30T15:07:43.8375443Z [49/1174] Building arm_sme_builtins.inc...
2026-07-30T15:07:43.8611068Z [50/1174] Building arm_sme_sema_rangechecks.inc...
2026-07-30T15:07:43.8634865Z [51/1174] Building arm_sme_builtin_cg.inc...
2026-07-30T15:07:43.8805437Z [52/1174] Building arm_sme_builtins_za_state.inc...
2026-07-30T15:07:43.8849772Z [53/1174] Building arm_cde_builtins.inc...
2026-07-30T15:07:43.8864828Z [54/1174] Building arm_sme_streaming_attrs.inc...
2026-07-30T15:07:43.8935015Z [55/1174] Building arm_cde_builtin_cg.inc...
2026-07-30T15:07:43.9015560Z [56/1174] Building arm_cde_builtin_sema.inc...
2026-07-30T15:07:43.9085124Z [57/1174] Building arm_cde_builtin_aliases.inc...
2026-07-30T15:07:43.9165012Z [58/1174] Building arm_sve_streaming_attrs.inc...
2026-07-30T15:07:44.0425234Z [59/1174] Building arm_sve_builtin_cg.inc...
2026-07-30T15:07:44.0496986Z [60/1174] Building riscv_sifive_vector_builtins.inc...
2026-07-30T15:07:44.0510217Z [61/1174] Building arm_sve_builtins.inc...
2026-07-30T15:07:44.0623686Z [62/1174] Building riscv_sifive_vector_builtin_cg.inc...
2026-07-30T15:07:44.0665179Z [63/1174] Building riscv_sifive_vector_builtin_sema.inc...
2026-07-30T15:07:44.1115284Z [64/1174] Building AttrParserStringSwitches.inc...
2026-07-30T15:07:44.1505669Z [65/1174] Building AttrSubMatchRulesParserStringSwitches.inc...
2026-07-30T15:07:44.1549068Z [66/1174] Building arm_sve_sema_rangechecks.inc...
2026-07-30T15:07:44.1936300Z [67/1174] Building AttrTemplateInstantiate.inc...
2026-07-30T15:07:44.2005340Z [68/1174] Building AttrParsedAttrList.inc...
2026-07-30T15:07:44.2185592Z [69/1174] Building riscv_vector_builtin_cg.inc...
2026-07-30T15:07:44.2356780Z [70/1174] Building Options.inc...
2026-07-30T15:07:44.2435486Z [71/1174] Building AttrSpellingListIndex.inc...
2026-07-30T15:07:44.2485550Z [72/1174] Building AttrParsedAttrKinds.inc...
2026-07-30T15:07:44.2495597Z [73/1174] Building riscv_vector_builtins.inc...
2026-07-30T15:07:44.2535486Z [74/1174] Building Nodes.inc...
2026-07-30T15:07:44.2579110Z [75/1174] Building Checkers.inc...
2026-07-30T15:07:44.2616715Z [76/1174] Building riscv_vector_builtin_sema.inc...
2026-07-30T15:07:44.2655170Z [77/1174] Building NodeClasses.inc...
2026-07-30T15:07:44.2685105Z [78/1174] Building AttrPCHRead.inc...
2026-07-30T15:07:44.2745393Z [79/1174] Building AttrParsedAttrImpl.inc...
2026-07-30T15:07:44.2825749Z [80/1174] Building AttrPCHWrite.inc...
2026-07-30T15:07:44.3506478Z [81/1174] Generating VCSVersion.inc
2026-07-30T15:07:47.6302289Z [82/1174] Building CXX object tools/clang/lib/Basic/CMakeFiles/obj.clangBasic.dir/ASTSourceDescriptor.cpp.o
2026-07-30T15:07:48.7775771Z [83/1174] Building CXX object lib/Frontend/HLSL/CMakeFiles/LLVMFrontendHLSL.dir/HLSLResource.cpp.o
2026-07-30T15:07:48.8575675Z [84/1174] Building CXX object lib/Frontend/Driver/CMakeFiles/LLVMFrontendDriver.dir/CodeGenOptions.cpp.o
2026-07-30T15:07:49.3924852Z [85/1174] Building CXX object tools/clang/lib/Support/CMakeFiles/obj.clangSupport.dir/RISCVVIntrinsicUtils.cpp.o
2026-07-30T15:07:50.3345752Z [86/1174] Building CXX object tools/clang/lib/Basic/CMakeFiles/obj.clangBasic.dir/CLWarnings.cpp.o
2026-07-30T15:07:52.5842714Z [87/1174] Building CXX object tools/clang/lib/Basic/CMakeFiles/obj.clangBasic.dir/CharInfo.cpp.o
2026-07-30T15:07:53.3955505Z [88/1174] Building CXX object tools/clang/lib/Basic/CMakeFiles/obj.clangBasic.dir/CodeGenOptions.cpp.o
2026-07-30T15:07:53.4685834Z [89/1174] Building CXX object tools/clang/lib/Basic/CMakeFiles/obj.clangBasic.dir/Builtins.cpp.o
2026-07-30T15:07:54.2918338Z [90/1174] Building CXX object lib/TextAPI/BinaryReader/CMakeFiles/LLVMTextAPIBinaryReader.dir/DylibReader.cpp.o
2026-07-30T15:07:55.6648551Z [91/1174] Building CXX object tools/clang/lib/Basic/CMakeFiles/obj.clangBasic.dir/Cuda.cpp.o
2026-07-30T15:07:57.4637408Z [92/1174] Building CXX object tools/clang/lib/Basic/CMakeFiles/obj.clangBasic.dir/DiagnosticOptions.cpp.o
2026-07-30T15:07:57.8196049Z [93/1174] Building CXX object tools/clang/lib/Basic/CMakeFiles/obj.clangBasic.dir/ExpressionTraits.cpp.o
2026-07-30T15:07:59.0885952Z [94/1174] Building CXX object tools/clang/lib/Basic/CMakeFiles/obj.clangBasic.dir/DarwinSDKInfo.cpp.o
2026-07-30T15:07:59.5019887Z [95/1174] Building CXX object tools/clang/lib/Basic/CMakeFiles/obj.clangBasic.dir/Diagnostic.cpp.o
2026-07-30T15:07:59.9521844Z [96/1174] Building CXX object lib/ProfileData/Coverage/CMakeFiles/LLVMCoverage.dir/CoverageMapping.cpp.o
2026-07-30T15:08:00.9605763Z [97/1174] Building CXX object tools/clang/lib/Basic/CMakeFiles/obj.clangBasic.dir/FileEntry.cpp.o
2026-07-30T15:08:02.7726531Z [98/1174] Building CXX object tools/clang/lib/Basic/CMakeFiles/obj.clangBasic.dir/FileSystemStatCache.cpp.o
2026-07-30T15:08:03.5915812Z [99/1174] Building CXX object tools/clang/lib/Basic/CMakeFiles/obj.clangBasic.dir/DiagnosticIDs.cpp.o
2026-07-30T15:08:04.1260910Z [100/1174] Building CXX object tools/clang/lib/Basic/CMakeFiles/obj.clangBasic.dir/LangOptions.cpp.o
2026-07-30T15:08:05.0182409Z [101/1174] Building CXX object tools/clang/lib/Basic/CMakeFiles/obj.clangBasic.dir/FileManager.cpp.o
2026-07-30T15:08:05.1716075Z [102/1174] Building CXX object tools/clang/lib/Basic/CMakeFiles/obj.clangBasic.dir/LangStandards.cpp.o
2026-07-30T15:08:05.8229647Z [103/1174] Building CXX object tools/clang/lib/Basic/CMakeFiles/obj.clangBasic.dir/MakeSupport.cpp.o
2026-07-30T15:08:07.1765854Z [104/1174] Building CXX object tools/clang/lib/Basic/CMakeFiles/obj.clangBasic.dir/IdentifierTable.cpp.o
2026-07-30T15:08:07.3881573Z [105/1174] Building CXX object tools/clang/lib/Basic/CMakeFiles/obj.clangBasic.dir/ObjCRuntime.cpp.o
2026-07-30T15:08:07.7915028Z [106/1174] Building CXX object tools/clang/lib/Basic/CMakeFiles/obj.clangBasic.dir/OperatorPrecedence.cpp.o
2026-07-30T15:08:09.4666375Z [107/1174] Building CXX object tools/clang/lib/Basic/CMakeFiles/obj.clangBasic.dir/OpenCLOptions.cpp.o
2026-07-30T15:08:10.2846722Z [108/1174] Building CXX object tools/clang/lib/Basic/CMakeFiles/obj.clangBasic.dir/ParsedAttrInfo.cpp.o
2026-07-30T15:08:10.3721994Z [109/1174] Building CXX object tools/clang/lib/Basic/CMakeFiles/obj.clangBasic.dir/OpenMPKinds.cpp.o
2026-07-30T15:08:13.0205730Z [110/1174] Building CXX object tools/clang/lib/Basic/CMakeFiles/obj.clangBasic.dir/ProfileList.cpp.o
2026-07-30T15:08:13.0556259Z [111/1174] Building CXX object tools/clang/lib/Basic/CMakeFiles/obj.clangBasic.dir/SanitizerSpecialCaseList.cpp.o
2026-07-30T15:08:13.1725946Z [112/1174] Building CXX object tools/clang/lib/Basic/CMakeFiles/obj.clangBasic.dir/Module.cpp.o
2026-07-30T15:08:14.1146719Z [113/1174] Building CXX object tools/clang/lib/Basic/CMakeFiles/obj.clangBasic.dir/NoSanitizeList.cpp.o
2026-07-30T15:08:14.2338776Z [114/1174] Building CXX object tools/clang/lib/Basic/CMakeFiles/obj.clangBasic.dir/Sanitizers.cpp.o
2026-07-30T15:08:17.2665622Z [115/1174] Building CXX object tools/clang/lib/Basic/CMakeFiles/obj.clangBasic.dir/Stack.cpp.o
2026-07-30T15:08:17.7475666Z [116/1174] Building CXX object tools/clang/lib/Basic/CMakeFiles/obj.clangBasic.dir/SourceMgrAdapter.cpp.o
2026-07-30T15:08:17.8315710Z [117/1174] Building CXX object tools/clang/lib/Basic/CMakeFiles/obj.clangBasic.dir/SourceLocation.cpp.o
2026-07-30T15:08:18.5075698Z [118/1174] Building CXX object tools/clang/lib/Basic/CMakeFiles/obj.clangBasic.dir/Attributes.cpp.o
2026-07-30T15:08:19.3707162Z [119/1174] Building CXX object tools/clang/lib/Basic/CMakeFiles/obj.clangBasic.dir/Sarif.cpp.o
2026-07-30T15:08:21.1215691Z [120/1174] Building CXX object tools/clang/lib/Basic/CMakeFiles/obj.clangBasic.dir/TargetID.cpp.o
2026-07-30T15:08:23.3377140Z [121/1174] Building CXX object tools/clang/lib/Basic/CMakeFiles/obj.clangBasic.dir/SourceManager.cpp.o
2026-07-30T15:08:24.0275652Z [122/1174] Building CXX object tools/clang/lib/Basic/CMakeFiles/obj.clangBasic.dir/TargetInfo.cpp.o
2026-07-30T15:08:25.1983645Z [123/1174] Building CXX object tools/clang/lib/Basic/CMakeFiles/obj.clangBasic.dir/Targets/AMDGPU.cpp.o
2026-07-30T15:08:27.5225632Z [124/1174] Building CXX object tools/clang/lib/Basic/CMakeFiles/obj.clangBasic.dir/Targets/ARC.cpp.o
2026-07-30T15:08:28.2035802Z [125/1174] Building CXX object tools/clang/lib/Basic/CMakeFiles/obj.clangBasic.dir/Targets/AArch64.cpp.o
2026-07-30T15:08:28.8115673Z [126/1174] Building CXX object tools/clang/lib/Basic/CMakeFiles/obj.clangBasic.dir/Targets/AVR.cpp.o
2026-07-30T15:08:30.3106384Z [127/1174] Building CXX object tools/clang/lib/Basic/CMakeFiles/obj.clangBasic.dir/Targets.cpp.o
2026-07-30T15:08:30.7565761Z [128/1174] Building CXX object tools/clang/lib/Basic/CMakeFiles/obj.clangBasic.dir/Targets/BPF.cpp.o
2026-07-30T15:08:31.7216274Z [129/1174] Building CXX object tools/clang/lib/Basic/CMakeFiles/obj.clangBasic.dir/Targets/CSKY.cpp.o
2026-07-30T15:08:32.4385558Z [130/1174] Building CXX object tools/clang/lib/Basic/CMakeFiles/obj.clangBasic.dir/Targets/ARM.cpp.o
2026-07-30T15:08:33.2995757Z [131/1174] Building CXX object tools/clang/lib/Basic/CMakeFiles/obj.clangBasic.dir/Targets/DirectX.cpp.o
2026-07-30T15:08:34.0735816Z [132/1174] Building CXX object tools/clang/lib/Basic/CMakeFiles/obj.clangBasic.dir/Targets/Hexagon.cpp.o
2026-07-30T15:08:35.2875882Z [133/1174] Building CXX object tools/clang/lib/Basic/CMakeFiles/obj.clangBasic.dir/Targets/Lanai.cpp.o
2026-07-30T15:08:36.4095986Z [134/1174] Building CXX object tools/clang/lib/Basic/CMakeFiles/obj.clangBasic.dir/Targets/LoongArch.cpp.o
2026-07-30T15:08:37.0666794Z [135/1174] Building CXX object tools/clang/lib/Basic/CMakeFiles/obj.clangBasic.dir/Targets/Le64.cpp.o
2026-07-30T15:08:37.1834500Z [136/1174] Building CXX object tools/clang/lib/Basic/CMakeFiles/obj.clangBasic.dir/Targets/M68k.cpp.o
2026-07-30T15:08:38.8519656Z [137/1174] Building CXX object tools/clang/lib/Basic/CMakeFiles/obj.clangBasic.dir/Targets/MSP430.cpp.o
2026-07-30T15:08:40.1352519Z [138/1174] Building CXX object tools/clang/lib/Basic/CMakeFiles/obj.clangBasic.dir/Targets/OSTargets.cpp.o
2026-07-30T15:08:41.0789277Z [139/1174] Building CXX object tools/clang/lib/Basic/CMakeFiles/obj.clangBasic.dir/Targets/Mips.cpp.o
2026-07-30T15:08:41.8405920Z [140/1174] Building CXX object tools/clang/lib/Basic/CMakeFiles/obj.clangBasic.dir/Targets/PNaCl.cpp.o
2026-07-30T15:08:41.9155500Z [141/1174] Building CXX object tools/clang/lib/Basic/CMakeFiles/obj.clangBasic.dir/Targets/NVPTX.cpp.o
2026-07-30T15:08:43.4452007Z [142/1174] Building CXX object tools/clang/lib/Basic/CMakeFiles/obj.clangBasic.dir/Targets/PPC.cpp.o
2026-07-30T15:08:44.8437135Z [143/1174] Building CXX object tools/clang/lib/Basic/CMakeFiles/obj.clangBasic.dir/Targets/Sparc.cpp.o
2026-07-30T15:08:45.5605766Z [144/1174] Building CXX object tools/clang/lib/Basic/CMakeFiles/obj.clangBasic.dir/Targets/SPIR.cpp.o
2026-07-30T15:08:46.8528512Z [145/1174] Building CXX object tools/clang/lib/Basic/CMakeFiles/obj.clangBasic.dir/Targets/RISCV.cpp.o
2026-07-30T15:08:47.1296434Z [146/1174] Building CXX object tools/clang/lib/Basic/CMakeFiles/obj.clangBasic.dir/Targets/TCE.cpp.o
2026-07-30T15:08:47.2095650Z [147/1174] Building CXX object tools/clang/lib/Basic/CMakeFiles/obj.clangBasic.dir/Targets/VE.cpp.o
2026-07-30T15:08:47.6405961Z [148/1174] Building CXX object tools/clang/lib/Basic/CMakeFiles/obj.clangBasic.dir/TokenKinds.cpp.o
2026-07-30T15:08:47.6605628Z [149/1174] Building CXX object tools/clang/lib/Basic/CMakeFiles/obj.clangBasic.dir/TypeTraits.cpp.o
2026-07-30T15:08:48.4995703Z [150/1174] Building CXX object tools/clang/lib/Basic/CMakeFiles/obj.clangBasic.dir/Targets/SystemZ.cpp.o
2026-07-30T15:08:49.4776456Z [151/1174] Building CXX object tools/clang/lib/Basic/CMakeFiles/obj.clangBasic.dir/Version.cpp.o
2026-07-30T15:08:50.0716329Z [152/1174] Building CXX object tools/clang/lib/Basic/CMakeFiles/obj.clangBasic.dir/Targets/WebAssembly.cpp.o
2026-07-30T15:08:50.5761663Z [153/1174] Building CXX object tools/clang/lib/Basic/CMakeFiles/obj.clangBasic.dir/XRayInstr.cpp.o
2026-07-30T15:08:52.4726194Z [154/1174] Building CXX object tools/clang/lib/Basic/CMakeFiles/obj.clangBasic.dir/Warnings.cpp.o
2026-07-30T15:08:52.9112282Z [155/1174] Building CXX object tools/clang/lib/Basic/CMakeFiles/obj.clangBasic.dir/Targets/XCore.cpp.o
2026-07-30T15:08:53.4175545Z [156/1174] Building CXX object tools/clang/lib/Lex/CMakeFiles/obj.clangLex.dir/HeaderMap.cpp.o
2026-07-30T15:08:54.2805849Z [157/1174] Building CXX object tools/clang/lib/Basic/CMakeFiles/obj.clangBasic.dir/Targets/X86.cpp.o
2026-07-30T15:08:54.8525681Z [158/1174] Building CXX object tools/clang/lib/Basic/CMakeFiles/obj.clangBasic.dir/XRayLists.cpp.o
2026-07-30T15:08:55.1673887Z [159/1174] Building CXX object tools/clang/lib/Lex/CMakeFiles/obj.clangLex.dir/DependencyDirectivesScanner.cpp.o
2026-07-30T15:09:00.4627141Z [160/1174] Building CXX object tools/clang/lib/Lex/CMakeFiles/obj.clangLex.dir/Lexer.cpp.o
2026-07-30T15:09:01.1246001Z [161/1174] Building CXX object tools/clang/lib/Lex/CMakeFiles/obj.clangLex.dir/MacroInfo.cpp.o
2026-07-30T15:09:03.3425685Z [162/1174] Building CXX object tools/clang/lib/Lex/CMakeFiles/obj.clangLex.dir/InitHeaderSearch.cpp.o
2026-07-30T15:09:03.6215784Z [163/1174] Building CXX object tools/clang/lib/Lex/CMakeFiles/obj.clangLex.dir/HeaderSearch.cpp.o
2026-07-30T15:09:03.7478015Z [164/1174] Building CXX object tools/clang/lib/Lex/CMakeFiles/obj.clangLex.dir/LiteralSupport.cpp.o
2026-07-30T15:09:05.1595669Z [165/1174] Building CXX object tools/clang/lib/Lex/CMakeFiles/obj.clangLex.dir/MacroArgs.cpp.o
2026-07-30T15:09:08.0975625Z [166/1174] Building CXX object tools/clang/lib/Lex/CMakeFiles/obj.clangLex.dir/PPCallbacks.cpp.o
2026-07-30T15:09:08.3165763Z [167/1174] Building CXX object tools/clang/lib/Lex/CMakeFiles/obj.clangLex.dir/PPConditionalDirectiveRecord.cpp.o
2026-07-30T15:09:08.9161342Z [168/1174] Building CXX object tools/clang/lib/Lex/CMakeFiles/obj.clangLex.dir/PPCaching.cpp.o
2026-07-30T15:09:15.7889703Z [169/1174] Building CXX object tools/clang/lib/Lex/CMakeFiles/obj.clangLex.dir/ModuleMap.cpp.o
2026-07-30T15:09:16.1406155Z [170/1174] Building CXX object tools/clang/lib/Lex/CMakeFiles/obj.clangLex.dir/PPExpressions.cpp.o
2026-07-30T15:09:16.4012696Z [171/1174] Building CXX object tools/clang/lib/Lex/CMakeFiles/obj.clangLex.dir/PPDirectives.cpp.o
2026-07-30T15:09:16.9746484Z [172/1174] Building CXX object tools/clang/lib/Lex/CMakeFiles/obj.clangLex.dir/Pragma.cpp.o
2026-07-30T15:09:18.3245935Z [173/1174] Building CXX object tools/clang/lib/Lex/CMakeFiles/obj.clangLex.dir/PPLexerChange.cpp.o
2026-07-30T15:09:21.1455768Z [174/1174] Building CXX object tools/clang/lib/Lex/CMakeFiles/obj.clangLex.dir/PPMacroExpansion.cpp.o
2026-07-30T15:09:22.0511078Z [175/1174] Building CXX object tools/clang/lib/Lex/CMakeFiles/obj.clangLex.dir/PreprocessingRecord.cpp.o
2026-07-30T15:09:22.0750067Z [176/1174] Building Opcodes.inc...
2026-07-30T15:09:22.1312316Z [177/1174] Building AttrDocTable.inc...
2026-07-30T15:09:22.9055722Z [178/1174] Building CXX object tools/clang/lib/Lex/CMakeFiles/obj.clangLex.dir/ScratchBuffer.cpp.o
2026-07-30T15:09:23.8907602Z [179/1174] Building CXX object tools/clang/lib/Lex/CMakeFiles/obj.clangLex.dir/TokenConcatenation.cpp.o
2026-07-30T15:09:24.6525608Z [180/1174] Building CXX object tools/clang/lib/Lex/CMakeFiles/obj.clangLex.dir/PreprocessorLexer.cpp.o
2026-07-30T15:09:25.8875627Z [181/1174] Building CXX object tools/clang/lib/Lex/CMakeFiles/obj.clangLex.dir/Preprocessor.cpp.o
2026-07-30T15:09:28.3535562Z [182/1174] Building CXX object tools/clang/lib/AST/CMakeFiles/obj.clangAST.dir/ASTConcept.cpp.o
2026-07-30T15:09:29.4517771Z [183/1174] Building CXX object tools/clang/lib/AST/CMakeFiles/obj.clangAST.dir/ASTConsumer.cpp.o
2026-07-30T15:09:29.7492398Z [184/1174] Building CXX object tools/clang/lib/Lex/CMakeFiles/obj.clangLex.dir/TokenLexer.cpp.o
2026-07-30T15:09:32.1155668Z [185/1174] Building CXX object tools/clang/lib/AST/CMakeFiles/obj.clangAST.dir/APValue.cpp.o
2026-07-30T15:09:35.8928993Z [186/1174] Building CXX object tools/clang/lib/AST/CMakeFiles/obj.clangAST.dir/ASTDiagnostic.cpp.o
2026-07-30T15:09:46.5556171Z [187/1174] Building CXX object tools/clang/lib/AST/CMakeFiles/obj.clangAST.dir/ASTStructuralEquivalence.cpp.o
2026-07-30T15:09:47.4665948Z [188/1174] Building CXX object tools/clang/lib/AST/CMakeFiles/obj.clangAST.dir/ASTTypeTraits.cpp.o
2026-07-30T15:09:52.4245750Z [189/1174] Building CXX object tools/clang/lib/AST/CMakeFiles/obj.clangAST.dir/ASTImporterLookupTable.cpp.o
2026-07-30T15:09:55.1365866Z [190/1174] Building CXX object tools/clang/lib/AST/CMakeFiles/obj.clangAST.dir/AttrDocTable.cpp.o
2026-07-30T15:09:59.4015875Z [191/1174] Building CXX object tools/clang/lib/AST/CMakeFiles/obj.clangAST.dir/Availability.cpp.o
2026-07-30T15:10:00.3835861Z [192/1174] Building CXX object tools/clang/lib/AST/CMakeFiles/obj.clangAST.dir/ASTImporter.cpp.o
2026-07-30T15:10:00.8756219Z [193/1174] Building CXX object tools/clang/lib/AST/CMakeFiles/obj.clangAST.dir/ASTDumper.cpp.o
2026-07-30T15:10:03.9270180Z [194/1174] Building CXX object tools/clang/lib/AST/CMakeFiles/obj.clangAST.dir/CommentBriefParser.cpp.o
2026-07-30T15:10:03.9836603Z [195/1174] Building CXX object tools/clang/lib/AST/CMakeFiles/obj.clangAST.dir/CommentCommandTraits.cpp.o
2026-07-30T15:10:05.3979868Z [196/1174] Building CXX object tools/clang/lib/AST/CMakeFiles/obj.clangAST.dir/Comment.cpp.o
2026-07-30T15:10:08.4845643Z [197/1174] Building CXX object tools/clang/lib/AST/CMakeFiles/obj.clangAST.dir/ASTContext.cpp.o
2026-07-30T15:10:08.5967070Z [198/1174] Building CXX object tools/clang/lib/AST/CMakeFiles/obj.clangAST.dir/CommentLexer.cpp.o
2026-07-30T15:10:12.1915827Z [199/1174] Building CXX object tools/clang/lib/AST/CMakeFiles/obj.clangAST.dir/CommentParser.cpp.o
2026-07-30T15:10:13.8455777Z [200/1174] Building CXX object tools/clang/lib/AST/CMakeFiles/obj.clangAST.dir/ComparisonCategories.cpp.o
2026-07-30T15:10:15.9285676Z [201/1174] Building CXX object tools/clang/lib/AST/CMakeFiles/obj.clangAST.dir/CommentSema.cpp.o
2026-07-30T15:10:17.2963160Z [202/1174] Building CXX object tools/clang/lib/AST/CMakeFiles/obj.clangAST.dir/CXXInheritance.cpp.o
2026-07-30T15:10:18.7156790Z [203/1174] Building CXX object tools/clang/lib/AST/CMakeFiles/obj.clangAST.dir/AttrImpl.cpp.o
2026-07-30T15:10:19.9785964Z [204/1174] Building CXX object tools/clang/lib/AST/CMakeFiles/obj.clangAST.dir/DataCollection.cpp.o
2026-07-30T15:10:20.3265817Z [205/1174] Building CXX object tools/clang/lib/AST/CMakeFiles/obj.clangAST.dir/ComputeDependence.cpp.o
2026-07-30T15:10:25.4705718Z [206/1174] Building CXX object tools/clang/lib/AST/CMakeFiles/obj.clangAST.dir/DeclarationName.cpp.o
2026-07-30T15:10:26.8080824Z [207/1174] Building CXX object tools/clang/lib/AST/CMakeFiles/obj.clangAST.dir/DeclFriend.cpp.o
2026-07-30T15:10:26.8318136Z [208/1174] Building CXX object tools/clang/lib/AST/CMakeFiles/obj.clangAST.dir/DeclGroup.cpp.o
2026-07-30T15:10:32.7435473Z [209/1174] Building CXX object tools/clang/lib/AST/CMakeFiles/obj.clangAST.dir/DeclBase.cpp.o
2026-07-30T15:10:32.7765878Z [210/1174] Building CXX object tools/clang/lib/AST/CMakeFiles/obj.clangAST.dir/Decl.cpp.o
2026-07-30T15:10:32.8468446Z [211/1174] Building CXX object tools/clang/lib/AST/CMakeFiles/obj.clangAST.dir/DeclCXX.cpp.o
2026-07-30T15:10:34.7295561Z [212/1174] Building CXX object tools/clang/lib/AST/CMakeFiles/obj.clangAST.dir/DeclOpenMP.cpp.o
2026-07-30T15:10:36.6985670Z [213/1174] Building CXX object tools/clang/lib/AST/CMakeFiles/obj.clangAST.dir/DeclObjC.cpp.o
2026-07-30T15:10:41.5066009Z [214/1174] Building CXX object tools/clang/lib/AST/CMakeFiles/obj.clangAST.dir/ExprClassification.cpp.o
2026-07-30T15:10:42.2209215Z [215/1174] Building CXX object tools/clang/lib/AST/CMakeFiles/obj.clangAST.dir/DeclPrinter.cpp.o
2026-07-30T15:10:43.8267839Z [216/1174] Building CXX object tools/clang/lib/AST/CMakeFiles/obj.clangAST.dir/DeclTemplate.cpp.o
2026-07-30T15:10:45.1895965Z [217/1174] Building CXX object tools/clang/lib/AST/CMakeFiles/obj.clangAST.dir/ExprConcepts.cpp.o
2026-07-30T15:10:50.9014402Z [218/1174] Building CXX object tools/clang/lib/AST/CMakeFiles/obj.clangAST.dir/ExprObjC.cpp.o
2026-07-30T15:10:52.7285827Z [219/1174] Building CXX object tools/clang/lib/AST/CMakeFiles/obj.clangAST.dir/ExprCXX.cpp.o
2026-07-30T15:10:56.6111927Z [220/1174] Building CXX object tools/clang/lib/AST/CMakeFiles/obj.clangAST.dir/Expr.cpp.o
2026-07-30T15:10:56.7365924Z [221/1174] Building CXX object tools/clang/lib/AST/CMakeFiles/obj.clangAST.dir/ExternalASTMerger.cpp.o
2026-07-30T15:10:58.7745667Z [222/1174] Building CXX object tools/clang/lib/AST/CMakeFiles/obj.clangAST.dir/ExternalASTSource.cpp.o
2026-07-30T15:10:59.2343674Z [223/1174] Building CXX object tools/clang/lib/AST/CMakeFiles/obj.clangAST.dir/FormatString.cpp.o
2026-07-30T15:11:00.2115633Z [224/1174] Building CXX object tools/clang/lib/AST/CMakeFiles/obj.clangAST.dir/ParentMapContext.cpp.o
2026-07-30T15:11:04.9505876Z [225/1174] Building CXX object tools/clang/lib/AST/CMakeFiles/obj.clangAST.dir/InheritViz.cpp.o
2026-07-30T15:11:08.4416306Z [226/1174] Building CXX object tools/clang/lib/AST/CMakeFiles/obj.clangAST.dir/Interp/Descriptor.cpp.o
2026-07-30T15:11:10.5706526Z [227/1174] Building CXX object tools/clang/lib/AST/CMakeFiles/obj.clangAST.dir/Interp/ByteCodeEmitter.cpp.o
2026-07-30T15:11:11.3005791Z [228/1174] Building CXX object tools/clang/lib/AST/CMakeFiles/obj.clangAST.dir/Interp/Context.cpp.o
2026-07-30T15:11:12.7274145Z [229/1174] Building CXX object tools/clang/lib/AST/CMakeFiles/obj.clangAST.dir/Interp/Frame.cpp.o
2026-07-30T15:11:20.6439093Z [230/1174] Building CXX object tools/clang/lib/AST/CMakeFiles/obj.clangAST.dir/Interp/Compiler.cpp.o
2026-07-30T15:11:20.7315871Z [231/1174] Building CXX object tools/clang/lib/AST/CMakeFiles/obj.clangAST.dir/Interp/Function.cpp.o
2026-07-30T15:11:21.5525753Z [232/1174] Building CXX object tools/clang/lib/AST/CMakeFiles/obj.clangAST.dir/Interp/Disasm.cpp.o
2026-07-30T15:11:22.3815758Z [233/1174] Building CXX object tools/clang/lib/AST/CMakeFiles/obj.clangAST.dir/ExprConstant.cpp.o
2026-07-30T15:11:22.4055721Z [234/1174] Building CXX object tools/clang/lib/AST/CMakeFiles/obj.clangAST.dir/Interp/InterpBuiltin.cpp.o
2026-07-30T15:11:24.6336822Z [235/1174] Building CXX object tools/clang/lib/AST/CMakeFiles/obj.clangAST.dir/Interp/Floating.cpp.o
2026-07-30T15:11:28.4697534Z [236/1174] Building CXX object tools/clang/lib/AST/CMakeFiles/obj.clangAST.dir/Interp/InterpBlock.cpp.o
2026-07-30T15:11:30.1406033Z [237/1174] Building CXX object tools/clang/lib/AST/CMakeFiles/obj.clangAST.dir/Interp/EvaluationResult.cpp.o
2026-07-30T15:11:31.7275599Z [238/1174] Building CXX object tools/clang/lib/AST/CMakeFiles/obj.clangAST.dir/Interp/DynamicAllocator.cpp.o
2026-07-30T15:11:36.2255636Z [239/1174] Building CXX object tools/clang/lib/AST/CMakeFiles/obj.clangAST.dir/Interp/InterpFrame.cpp.o
2026-07-30T15:11:36.2736242Z [240/1174] Building CXX object tools/clang/lib/AST/CMakeFiles/obj.clangAST.dir/Interp/InterpStack.cpp.o
2026-07-30T15:11:38.0157301Z [241/1174] Building CXX object tools/clang/lib/AST/CMakeFiles/obj.clangAST.dir/Interp/EvalEmitter.cpp.o
2026-07-30T15:11:40.1615812Z [242/1174] Building CXX object tools/clang/lib/AST/CMakeFiles/obj.clangAST.dir/Interp/InterpState.cpp.o
2026-07-30T15:11:41.1930689Z [243/1174] Building CXX object tools/clang/lib/AST/CMakeFiles/obj.clangAST.dir/Interp/Pointer.cpp.o
2026-07-30T15:11:45.5109249Z [244/1174] Building CXX object tools/clang/lib/AST/CMakeFiles/obj.clangAST.dir/Interp/PrimType.cpp.o
2026-07-30T15:11:45.9776398Z [245/1174] Building CXX object tools/clang/lib/AST/CMakeFiles/obj.clangAST.dir/Interp/Source.cpp.o
2026-07-30T15:11:46.0425974Z [246/1174] Building CXX object tools/clang/lib/AST/CMakeFiles/obj.clangAST.dir/Interp/Record.cpp.o
2026-07-30T15:11:46.9205678Z [247/1174] Building CXX object tools/clang/lib/AST/CMakeFiles/obj.clangAST.dir/Interp/Program.cpp.o
2026-07-30T15:11:51.0885135Z [248/1174] Building CXX object tools/clang/lib/AST/CMakeFiles/obj.clangAST.dir/Interp/State.cpp.o
2026-07-30T15:11:52.6670372Z [249/1174] Building CXX object tools/clang/lib/AST/CMakeFiles/obj.clangAST.dir/Interp/MemberPointer.cpp.o
2026-07-30T15:11:53.3555840Z [250/1174] Building CXX object tools/clang/lib/AST/CMakeFiles/obj.clangAST.dir/Interp/InterpShared.cpp.o
2026-07-30T15:11:55.9406144Z [251/1174] Building CXX object tools/clang/lib/AST/CMakeFiles/obj.clangAST.dir/Interp/Interp.cpp.o
2026-07-30T15:12:00.1091032Z [252/1174] Building CXX object tools/clang/lib/AST/CMakeFiles/obj.clangAST.dir/ItaniumCXXABI.cpp.o
2026-07-30T15:12:04.3456108Z [253/1174] Building CXX object tools/clang/lib/AST/CMakeFiles/obj.clangAST.dir/MicrosoftCXXABI.cpp.o
2026-07-30T15:12:06.4255617Z [254/1174] Building CXX object tools/clang/lib/AST/CMakeFiles/obj.clangAST.dir/Mangle.cpp.o
2026-07-30T15:12:07.1655873Z [255/1174] Building CXX object tools/clang/lib/AST/CMakeFiles/obj.clangAST.dir/NestedNameSpecifier.cpp.o
2026-07-30T15:12:09.2103414Z [256/1174] Building CXX object tools/clang/lib/AST/CMakeFiles/obj.clangAST.dir/ItaniumMangle.cpp.o
2026-07-30T15:12:10.8656289Z [257/1174] Building CXX object tools/clang/lib/AST/CMakeFiles/obj.clangAST.dir/JSONNodeDumper.cpp.o
2026-07-30T15:12:12.9802263Z [258/1174] Building CXX object tools/clang/lib/AST/CMakeFiles/obj.clangAST.dir/NSAPI.cpp.o
2026-07-30T15:12:14.2618331Z [259/1174] Building CXX object tools/clang/lib/AST/CMakeFiles/obj.clangAST.dir/MicrosoftMangle.cpp.o
2026-07-30T15:12:18.0595637Z [260/1174] Building CXX object tools/clang/lib/AST/CMakeFiles/obj.clangAST.dir/OpenACCClause.cpp.o
2026-07-30T15:12:19.9011886Z [261/1174] Building CXX object tools/clang/lib/AST/CMakeFiles/obj.clangAST.dir/ParentMap.cpp.o
2026-07-30T15:12:20.1028007Z [262/1174] Building CXX object tools/clang/lib/AST/CMakeFiles/obj.clangAST.dir/ODRDiagsEmitter.cpp.o
2026-07-30T15:12:21.1125967Z [263/1174] Building CXX object tools/clang/lib/AST/CMakeFiles/obj.clangAST.dir/OpenMPClause.cpp.o
2026-07-30T15:12:21.2795720Z [264/1174] Building CXX object tools/clang/lib/AST/CMakeFiles/obj.clangAST.dir/ODRHash.cpp.o
2026-07-30T15:12:23.8015940Z [265/1174] Building CXX object tools/clang/lib/AST/CMakeFiles/obj.clangAST.dir/OSLog.cpp.o
2026-07-30T15:12:27.3165791Z [266/1174] Building CXX object tools/clang/lib/AST/CMakeFiles/obj.clangAST.dir/PrintfFormatString.cpp.o
2026-07-30T15:12:28.7826019Z [267/1174] Building CXX object tools/clang/lib/AST/CMakeFiles/obj.clangAST.dir/RecordLayout.cpp.o
2026-07-30T15:12:29.8306554Z [268/1174] Building CXX object tools/clang/lib/AST/CMakeFiles/obj.clangAST.dir/Randstruct.cpp.o
2026-07-30T15:12:30.0805971Z [269/1174] Building CXX object tools/clang/lib/AST/CMakeFiles/obj.clangAST.dir/QualTypeNames.cpp.o
2026-07-30T15:12:30.8425884Z [270/1174] Building CXX object tools/clang/lib/AST/CMakeFiles/obj.clangAST.dir/RawCommentList.cpp.o
2026-07-30T15:12:33.2415821Z [271/1174] Building CXX object tools/clang/lib/AST/CMakeFiles/obj.clangAST.dir/SelectorLocationsKind.cpp.o
2026-07-30T15:12:35.9978414Z [272/1174] Building CXX object tools/clang/lib/AST/CMakeFiles/obj.clangAST.dir/ScanfFormatString.cpp.o
2026-07-30T15:12:36.3605668Z [273/1174] Building CXX object tools/clang/lib/AST/CMakeFiles/obj.clangAST.dir/StmtIterator.cpp.o
2026-07-30T15:12:37.9515715Z [274/1174] Building CXX object tools/clang/lib/AST/CMakeFiles/obj.clangAST.dir/StmtCXX.cpp.o
2026-07-30T15:12:39.5988689Z [275/1174] Building CXX object tools/clang/lib/AST/CMakeFiles/obj.clangAST.dir/RecordLayoutBuilder.cpp.o
2026-07-30T15:12:40.8215871Z [276/1174] Building CXX object tools/clang/lib/AST/CMakeFiles/obj.clangAST.dir/StmtObjC.cpp.o
2026-07-30T15:12:45.1505841Z [277/1174] Building CXX object tools/clang/lib/AST/CMakeFiles/obj.clangAST.dir/Stmt.cpp.o
2026-07-30T15:12:47.8835844Z [278/1174] Building CXX object tools/clang/lib/AST/CMakeFiles/obj.clangAST.dir/StmtViz.cpp.o
2026-07-30T15:12:48.7716071Z [279/1174] Building CXX object tools/clang/lib/AST/CMakeFiles/obj.clangAST.dir/StmtOpenMP.cpp.o
2026-07-30T15:12:52.8135740Z [280/1174] Building CXX object tools/clang/lib/AST/CMakeFiles/obj.clangAST.dir/StmtProfile.cpp.o
2026-07-30T15:12:54.0837197Z [281/1174] Building CXX object tools/clang/lib/AST/CMakeFiles/obj.clangAST.dir/StmtPrinter.cpp.o
2026-07-30T15:12:54.6885787Z [282/1174] Building CXX object tools/clang/lib/AST/CMakeFiles/obj.clangAST.dir/TemplateName.cpp.o
2026-07-30T15:12:55.7487070Z [283/1174] Building CXX object tools/clang/lib/AST/CMakeFiles/obj.clangAST.dir/TemplateBase.cpp.o
2026-07-30T15:12:56.8235745Z [284/1174] Building CXX object tools/clang/lib/AST/CMakeFiles/obj.clangAST.dir/StmtOpenACC.cpp.o
2026-07-30T15:13:05.6825703Z [285/1174] Building CXX object tools/clang/lib/AST/CMakeFiles/obj.clangAST.dir/VTTBuilder.cpp.o
2026-07-30T15:13:05.9683520Z [286/1174] Building CXX object tools/clang/lib/AST/CMakeFiles/obj.clangAST.dir/Type.cpp.o
2026-07-30T15:13:07.1375786Z [287/1174] Building CXX object tools/clang/lib/AST/CMakeFiles/obj.clangAST.dir/TypeLoc.cpp.o
2026-07-30T15:13:08.0985797Z [288/1174] Building CXX object tools/clang/lib/AST/CMakeFiles/obj.clangAST.dir/TypePrinter.cpp.o
2026-07-30T15:13:14.1876138Z [289/1174] Building CXX object tools/clang/lib/AST/CMakeFiles/obj.clangAST.dir/TextNodeDumper.cpp.o
2026-07-30T15:13:16.0586045Z [290/1174] Building CXX object tools/clang/lib/APINotes/CMakeFiles/obj.clangAPINotes.dir/APINotesManager.cpp.o
2026-07-30T15:13:19.1290648Z [291/1174] Building CXX object tools/clang/lib/APINotes/CMakeFiles/obj.clangAPINotes.dir/APINotesTypes.cpp.o
2026-07-30T15:13:20.2889708Z [292/1174] Building CXX object tools/clang/lib/AST/CMakeFiles/obj.clangAST.dir/VTableBuilder.cpp.o
2026-07-30T15:13:24.5426018Z [293/1174] Building CXX object tools/clang/lib/ASTMatchers/CMakeFiles/obj.clangASTMatchers.dir/ASTMatchersInternal.cpp.o
2026-07-30T15:13:24.6775373Z [294/1174] Building OpenCLBuiltins.inc...
2026-07-30T15:13:26.1069423Z [295/1174] Building CXX object tools/clang/lib/APINotes/CMakeFiles/obj.clangAPINotes.dir/APINotesYAMLCompiler.cpp.o
2026-07-30T15:13:26.2221617Z [296/1174] Building CXX object tools/clang/lib/APINotes/CMakeFiles/obj.clangAPINotes.dir/APINotesReader.cpp.o
2026-07-30T15:13:28.4066110Z [297/1174] Building CXX object tools/clang/lib/ASTMatchers/CMakeFiles/obj.clangASTMatchers.dir/GtestMatchers.cpp.o
2026-07-30T15:13:36.4005991Z [298/1174] Building CXX object tools/clang/lib/APINotes/CMakeFiles/obj.clangAPINotes.dir/APINotesWriter.cpp.o
2026-07-30T15:13:37.1520060Z [299/1174] Building CXX object tools/clang/lib/Analysis/CMakeFiles/obj.clangAnalysis.dir/BodyFarm.cpp.o
2026-07-30T15:13:37.8417233Z [300/1174] Building CXX object tools/clang/lib/Analysis/CMakeFiles/obj.clangAnalysis.dir/AnalysisDeclContext.cpp.o
2026-07-30T15:13:44.7425877Z [301/1174] Building CXX object tools/clang/lib/Analysis/CMakeFiles/obj.clangAnalysis.dir/CFG.cpp.o
2026-07-30T15:13:46.7647004Z [302/1174] Building CXX object tools/clang/lib/Analysis/CMakeFiles/obj.clangAnalysis.dir/CFGReachabilityAnalysis.cpp.o
2026-07-30T15:13:48.0225663Z [303/1174] Building CXX object tools/clang/lib/Analysis/CMakeFiles/obj.clangAnalysis.dir/CFGStmtMap.cpp.o
2026-07-30T15:13:51.4345671Z [304/1174] Building CXX object tools/clang/lib/Analysis/CMakeFiles/obj.clangAnalysis.dir/CocoaConventions.cpp.o
2026-07-30T15:13:52.8975776Z [305/1174] Building CXX object tools/clang/lib/ASTMatchers/CMakeFiles/obj.clangASTMatchers.dir/ASTMatchFinder.cpp.o
2026-07-30T15:13:52.9848485Z [306/1174] Building CXX object tools/clang/lib/Analysis/CMakeFiles/obj.clangAnalysis.dir/CallGraph.cpp.o
2026-07-30T15:13:53.0096007Z [307/1174] Building CXX object tools/clang/lib/Analysis/CMakeFiles/obj.clangAnalysis.dir/CalledOnceCheck.cpp.o
2026-07-30T15:13:53.1465871Z [308/1174] Building CXX object tools/clang/lib/Analysis/CMakeFiles/obj.clangAnalysis.dir/CodeInjector.cpp.o
2026-07-30T15:13:56.2726125Z [309/1174] Building CXX object tools/clang/lib/Analysis/CMakeFiles/obj.clangAnalysis.dir/ConstructionContext.cpp.o
2026-07-30T15:14:00.6366990Z [310/1174] Building CXX object tools/clang/lib/Analysis/CMakeFiles/obj.clangAnalysis.dir/CloneDetection.cpp.o
2026-07-30T15:14:03.1237071Z [311/1174] Building CXX object tools/clang/lib/Analysis/CMakeFiles/obj.clangAnalysis.dir/Dominators.cpp.o
2026-07-30T15:14:05.1935864Z [312/1174] Building CXX object tools/clang/lib/Analysis/CMakeFiles/obj.clangAnalysis.dir/IntervalPartition.cpp.o
2026-07-30T15:14:05.4460601Z [313/1174] Building CXX object tools/clang/lib/Analysis/CMakeFiles/obj.clangAnalysis.dir/IssueHash.cpp.o
2026-07-30T15:14:07.6255669Z [314/1174] Building CXX object tools/clang/lib/Analysis/CMakeFiles/obj.clangAnalysis.dir/Consumed.cpp.o
2026-07-30T15:14:10.3445910Z [315/1174] Building CXX object tools/clang/lib/Analysis/CMakeFiles/obj.clangAnalysis.dir/MacroExpansionContext.cpp.o
2026-07-30T15:14:13.5350607Z [316/1174] Building CXX object tools/clang/lib/Analysis/CMakeFiles/obj.clangAnalysis.dir/ObjCNoReturn.cpp.o
2026-07-30T15:14:16.0175967Z [317/1174] Building CXX object tools/clang/lib/Analysis/CMakeFiles/obj.clangAnalysis.dir/PostOrderCFGView.cpp.o
2026-07-30T15:14:17.2876046Z [318/1174] Building CXX object tools/clang/lib/Analysis/CMakeFiles/obj.clangAnalysis.dir/LiveVariables.cpp.o
2026-07-30T15:14:20.5486381Z [319/1174] Building CXX object tools/clang/lib/Analysis/CMakeFiles/obj.clangAnalysis.dir/ExprMutationAnalyzer.cpp.o
2026-07-30T15:14:21.7005830Z [320/1174] Building CXX object tools/clang/lib/Analysis/CMakeFiles/obj.clangAnalysis.dir/PathDiagnostic.cpp.o
2026-07-30T15:14:21.8356101Z [321/1174] Building CXX object tools/clang/lib/Analysis/CMakeFiles/obj.clangAnalysis.dir/ProgramPoint.cpp.o
2026-07-30T15:14:25.7659032Z [322/1174] Building CXX object tools/clang/lib/Analysis/CMakeFiles/obj.clangAnalysis.dir/ThreadSafetyTIL.cpp.o
2026-07-30T15:14:29.2804857Z [323/1174] Building CXX object tools/clang/lib/Analysis/CMakeFiles/obj.clangAnalysis.dir/ThreadSafetyLogical.cpp.o
2026-07-30T15:14:33.7905871Z [324/1174] Building CXX object tools/clang/lib/Analysis/CMakeFiles/obj.clangAnalysis.dir/ThreadSafety.cpp.o
2026-07-30T15:14:35.3037089Z [325/1174] Building CXX object tools/clang/lib/Analysis/CMakeFiles/obj.clangAnalysis.dir/ThreadSafetyCommon.cpp.o
2026-07-30T15:14:36.6875816Z [326/1174] Building CXX object tools/clang/lib/Analysis/CMakeFiles/obj.clangAnalysis.dir/ReachableCode.cpp.o
2026-07-30T15:14:36.8538847Z [327/1174] Building CXX object tools/clang/lib/Analysis/CMakeFiles/obj.clangAnalysis.dir/UninitializedValues.cpp.o
2026-07-30T15:14:37.3351180Z [328/1174] Building CXX object tools/clang/lib/Analysis/CMakeFiles/obj.clangAnalysis.dir/RetainSummaryManager.cpp.o
2026-07-30T15:14:39.5995701Z [329/1174] Building CXX object tools/clang/lib/Rewrite/CMakeFiles/obj.clangRewrite.dir/DeltaTree.cpp.o
2026-07-30T15:14:40.9910142Z [330/1174] Building CXX object tools/clang/lib/Edit/CMakeFiles/obj.clangEdit.dir/Commit.cpp.o
2026-07-30T15:14:41.1602651Z [331/1174] Building CXX object tools/clang/lib/Edit/CMakeFiles/obj.clangEdit.dir/EditedSource.cpp.o
2026-07-30T15:14:41.4946016Z [332/1174] Building CXX object tools/clang/lib/Rewrite/CMakeFiles/obj.clangRewrite.dir/RewriteRope.cpp.o
2026-07-30T15:14:41.6695407Z [333/1174] Linking CXX static library lib/libLLVMFrontendHLSL.a
2026-07-30T15:14:42.1295462Z [334/1174] Linking CXX static library lib/libclangBasic.a
2026-07-30T15:14:45.8416023Z [335/1174] Building CXX object tools/clang/lib/Edit/CMakeFiles/obj.clangEdit.dir/RewriteObjCFoundationAPI.cpp.o
2026-07-30T15:14:46.4090688Z [336/1174] Building CXX object tools/clang/lib/Rewrite/CMakeFiles/obj.clangRewrite.dir/Rewriter.cpp.o
2026-07-30T15:14:47.2955738Z [337/1174] Building CXX object tools/clang/lib/Rewrite/CMakeFiles/obj.clangRewrite.dir/HTMLRewrite.cpp.o
2026-07-30T15:14:48.2096215Z [338/1174] Building CXX object tools/clang/lib/Rewrite/CMakeFiles/obj.clangRewrite.dir/TokenRewriter.cpp.o
2026-07-30T15:14:58.0593146Z [339/1174] Building CXX object tools/clang/lib/Sema/CMakeFiles/obj.clangSema.dir/CodeCompleteConsumer.cpp.o
2026-07-30T15:15:03.3715892Z [340/1174] Building CXX object tools/clang/lib/Sema/CMakeFiles/obj.clangSema.dir/CheckExprLifetime.cpp.o
2026-07-30T15:15:03.7175722Z [341/1174] Building CXX object tools/clang/lib/Sema/CMakeFiles/obj.clangSema.dir/DelayedDiagnostic.cpp.o
2026-07-30T15:15:07.2272546Z [342/1174] Building CXX object tools/clang/lib/Sema/CMakeFiles/obj.clangSema.dir/DeclSpec.cpp.o
2026-07-30T15:15:09.2665872Z [343/1174] Building CXX object tools/clang/lib/Sema/CMakeFiles/obj.clangSema.dir/IdentifierResolver.cpp.o
2026-07-30T15:15:09.8325684Z [344/1174] Building CXX object tools/clang/lib/Analysis/CMakeFiles/obj.clangAnalysis.dir/UnsafeBufferUsage.cpp.o
2026-07-30T15:15:12.8485993Z [345/1174] Building CXX object tools/clang/lib/Sema/CMakeFiles/obj.clangSema.dir/HLSLExternalSemaSource.cpp.o
2026-07-30T15:15:17.4955485Z [346/1174] Building CXX object tools/clang/lib/Sema/CMakeFiles/obj.clangSema.dir/Scope.cpp.o
2026-07-30T15:15:21.8205624Z [347/1174] Building CXX object tools/clang/lib/Sema/CMakeFiles/obj.clangSema.dir/ScopeInfo.cpp.o
2026-07-30T15:15:24.0276557Z [348/1174] Building CXX object tools/clang/lib/Sema/CMakeFiles/obj.clangSema.dir/MultiplexExternalSemaSource.cpp.o
2026-07-30T15:15:24.6295784Z [349/1174] Building CXX object tools/clang/lib/Sema/CMakeFiles/obj.clangSema.dir/JumpDiagnostics.cpp.o
2026-07-30T15:15:26.8076000Z [350/1174] Building CXX object tools/clang/lib/Sema/CMakeFiles/obj.clangSema.dir/AnalysisBasedWarnings.cpp.o
2026-07-30T15:15:30.7626043Z [351/1174] Building CXX object tools/clang/lib/Sema/CMakeFiles/obj.clangSema.dir/ParsedAttr.cpp.o
2026-07-30T15:15:36.5061459Z [352/1174] Building CXX object tools/clang/lib/Sema/CMakeFiles/obj.clangSema.dir/SemaAMDGPU.cpp.o
2026-07-30T15:15:42.8013852Z [353/1174] Building CXX object tools/clang/lib/Sema/CMakeFiles/obj.clangSema.dir/SemaAVR.cpp.o
2026-07-30T15:15:42.8665997Z [354/1174] Building CXX object tools/clang/lib/Sema/CMakeFiles/obj.clangSema.dir/Sema.cpp.o
2026-07-30T15:15:43.3486037Z [355/1174] Building CXX object tools/clang/lib/Sema/CMakeFiles/obj.clangSema.dir/SemaARM.cpp.o
2026-07-30T15:15:45.9135916Z [356/1174] Building CXX object tools/clang/lib/Sema/CMakeFiles/obj.clangSema.dir/SemaAccess.cpp.o
2026-07-30T15:15:49.9337047Z [357/1174] Building CXX object tools/clang/lib/Sema/CMakeFiles/obj.clangSema.dir/SemaAttr.cpp.o
2026-07-30T15:15:54.5001103Z [358/1174] Building CXX object tools/clang/lib/Sema/CMakeFiles/obj.clangSema.dir/SemaAPINotes.cpp.o
2026-07-30T15:15:55.7577165Z [359/1174] Building CXX object tools/clang/lib/Sema/CMakeFiles/obj.clangSema.dir/SemaBPF.cpp.o
2026-07-30T15:16:00.4355857Z [360/1174] Building CXX object tools/clang/lib/Sema/CMakeFiles/obj.clangSema.dir/SemaBase.cpp.o
2026-07-30T15:16:01.2536195Z [361/1174] Building CXX object tools/clang/lib/Sema/CMakeFiles/obj.clangSema.dir/SemaBoundsSafety.cpp.o
2026-07-30T15:16:05.6585740Z [362/1174] Building CXX object tools/clang/lib/Sema/CMakeFiles/obj.clangSema.dir/SemaCXXScopeSpec.cpp.o
2026-07-30T15:16:06.0345848Z [363/1174] Building CXX object tools/clang/lib/Sema/CMakeFiles/obj.clangSema.dir/SemaConsumer.cpp.o
2026-07-30T15:16:10.3625954Z [364/1174] Building CXX object tools/clang/lib/Sema/CMakeFiles/obj.clangSema.dir/SemaCast.cpp.o
2026-07-30T15:16:26.0845713Z [365/1174] Building CXX object tools/clang/lib/Sema/CMakeFiles/obj.clangSema.dir/SemaChecking.cpp.o
2026-07-30T15:16:27.6746006Z [366/1174] Building CXX object tools/clang/lib/Sema/CMakeFiles/obj.clangSema.dir/SemaCoroutine.cpp.o
2026-07-30T15:16:33.3287484Z [367/1174] Building CXX object tools/clang/lib/Sema/CMakeFiles/obj.clangSema.dir/SemaCodeComplete.cpp.o
2026-07-30T15:16:36.0094648Z [368/1174] Building CXX object tools/clang/lib/Sema/CMakeFiles/obj.clangSema.dir/SemaCUDA.cpp.o
2026-07-30T15:16:38.3145847Z [369/1174] Building CXX object tools/clang/lib/Sema/CMakeFiles/obj.clangSema.dir/SemaAvailability.cpp.o
2026-07-30T15:16:40.9126014Z [370/1174] Building CXX object tools/clang/lib/Sema/CMakeFiles/obj.clangSema.dir/SemaConcept.cpp.o
2026-07-30T15:16:57.2119809Z [371/1174] Building CXX object tools/clang/lib/Sema/CMakeFiles/obj.clangSema.dir/SemaExceptionSpec.cpp.o
2026-07-30T15:17:09.9583480Z [372/1174] Building CXX object tools/clang/lib/Sema/CMakeFiles/obj.clangSema.dir/SemaDeclAttr.cpp.o
2026-07-30T15:17:14.3708559Z [373/1174] Building CXX object tools/clang/lib/Sema/CMakeFiles/obj.clangSema.dir/SemaDecl.cpp.o
2026-07-30T15:17:19.2326206Z [374/1174] Building CXX object tools/clang/lib/Sema/CMakeFiles/obj.clangSema.dir/SemaDeclObjC.cpp.o
2026-07-30T15:17:26.8848043Z [375/1174] Building CXX object tools/clang/lib/Sema/CMakeFiles/obj.clangSema.dir/SemaExprMember.cpp.o
2026-07-30T15:17:41.0385278Z [376/1174] Building CXX object tools/clang/lib/Sema/CMakeFiles/obj.clangSema.dir/SemaFixItUtils.cpp.o
2026-07-30T15:17:41.0430362Z [377/1174] Building CXX object tools/clang/lib/Sema/CMakeFiles/obj.clangSema.dir/SemaExprCXX.cpp.o
2026-07-30T15:17:44.8455843Z [378/1174] Building CXX object tools/clang/lib/Sema/CMakeFiles/obj.clangSema.dir/SemaDeclCXX.cpp.o
2026-07-30T15:17:46.5046073Z [379/1174] Building CXX object tools/clang/lib/Sema/CMakeFiles/obj.clangSema.dir/SemaExprObjC.cpp.o
2026-07-30T15:17:48.6462042Z [380/1174] Building CXX object tools/clang/lib/Sema/CMakeFiles/obj.clangSema.dir/SemaHLSL.cpp.o
2026-07-30T15:17:57.7948241Z [381/1174] Building CXX object tools/clang/lib/Sema/CMakeFiles/obj.clangSema.dir/SemaHexagon.cpp.o
2026-07-30T15:17:57.8166115Z [382/1174] Building CXX object tools/clang/lib/Sema/CMakeFiles/obj.clangSema.dir/SemaLoongArch.cpp.o
2026-07-30T15:18:01.8446296Z [383/1174] Building CXX object tools/clang/lib/Sema/CMakeFiles/obj.clangSema.dir/SemaLambda.cpp.o
2026-07-30T15:18:05.7285993Z [384/1174] Building CXX object tools/clang/lib/Sema/CMakeFiles/obj.clangSema.dir/SemaInit.cpp.o
2026-07-30T15:18:06.1765672Z [385/1174] Building CXX object tools/clang/lib/Sema/CMakeFiles/obj.clangSema.dir/SemaM68k.cpp.o
2026-07-30T15:18:12.2485609Z [386/1174] Building CXX object tools/clang/lib/Sema/CMakeFiles/obj.clangSema.dir/SemaMIPS.cpp.o
2026-07-30T15:18:12.3265746Z [387/1174] Building CXX object tools/clang/lib/Sema/CMakeFiles/obj.clangSema.dir/SemaMSP430.cpp.o
2026-07-30T15:18:14.0375742Z [388/1174] Building CXX object tools/clang/lib/Sema/CMakeFiles/obj.clangSema.dir/SemaExpr.cpp.o
2026-07-30T15:18:18.3406021Z [389/1174] Building CXX object tools/clang/lib/Sema/CMakeFiles/obj.clangSema.dir/SemaModule.cpp.o
2026-07-30T15:18:19.1965902Z [390/1174] Building CXX object tools/clang/lib/Sema/CMakeFiles/obj.clangSema.dir/SemaLookup.cpp.o
2026-07-30T15:18:20.7956243Z [391/1174] Building CXX object tools/clang/lib/Sema/CMakeFiles/obj.clangSema.dir/SemaNVPTX.cpp.o
2026-07-30T15:18:29.7096196Z [392/1174] Building CXX object tools/clang/lib/Sema/CMakeFiles/obj.clangSema.dir/SemaOpenACC.cpp.o
2026-07-30T15:18:31.9835770Z [393/1174] Building CXX object tools/clang/lib/Sema/CMakeFiles/obj.clangSema.dir/SemaOpenCL.cpp.o
2026-07-30T15:18:34.1606007Z [394/1174] Building CXX object tools/clang/lib/Sema/CMakeFiles/obj.clangSema.dir/SemaObjC.cpp.o
2026-07-30T15:18:36.5425741Z [395/1174] Building CXX object tools/clang/lib/Sema/CMakeFiles/obj.clangSema.dir/SemaObjCProperty.cpp.o
2026-07-30T15:18:44.1205921Z [396/1174] Building CXX object tools/clang/lib/Sema/CMakeFiles/obj.clangSema.dir/SemaPPC.cpp.o
2026-07-30T15:18:49.9455915Z [397/1174] Building CXX object tools/clang/lib/Sema/CMakeFiles/obj.clangSema.dir/SemaPseudoObject.cpp.o
2026-07-30T15:18:51.5415841Z [398/1174] Building CXX object tools/clang/lib/Sema/CMakeFiles/obj.clangSema.dir/SemaRISCV.cpp.o
2026-07-30T15:19:02.1222919Z [399/1174] Building CXX object tools/clang/lib/Sema/CMakeFiles/obj.clangSema.dir/SemaStmtAttr.cpp.o
2026-07-30T15:19:02.5995893Z [400/1174] Building CXX object tools/clang/lib/Sema/CMakeFiles/obj.clangSema.dir/SemaOverload.cpp.o
2026-07-30T15:19:07.0944612Z [401/1174] Building CXX object tools/clang/lib/Sema/CMakeFiles/obj.clangSema.dir/SemaSYCL.cpp.o
2026-07-30T15:19:10.8606024Z [402/1174] Building CXX object tools/clang/lib/Sema/CMakeFiles/obj.clangSema.dir/SemaStmtAsm.cpp.o
2026-07-30T15:19:12.7865714Z [403/1174] Building CXX object tools/clang/lib/Sema/CMakeFiles/obj.clangSema.dir/SemaSystemZ.cpp.o
2026-07-30T15:19:15.8076860Z [404/1174] Building CXX object tools/clang/lib/Sema/CMakeFiles/obj.clangSema.dir/SemaOpenMP.cpp.o
2026-07-30T15:19:20.6616624Z [405/1174] Building CXX object tools/clang/lib/Sema/CMakeFiles/obj.clangSema.dir/SemaSwift.cpp.o
2026-07-30T15:19:22.9093215Z [406/1174] Building CXX object tools/clang/lib/Sema/CMakeFiles/obj.clangSema.dir/SemaStmt.cpp.o
2026-07-30T15:19:46.7646170Z [407/1174] Building CXX object tools/clang/lib/Sema/CMakeFiles/obj.clangSema.dir/SemaTemplateVariadic.cpp.o
2026-07-30T15:19:53.9585831Z [408/1174] Building CXX object tools/clang/lib/Sema/CMakeFiles/obj.clangSema.dir/SemaTemplateDeduction.cpp.o
2026-07-30T15:20:03.7605935Z [409/1174] Building CXX object tools/clang/lib/Sema/CMakeFiles/obj.clangSema.dir/SemaTemplateDeductionGuide.cpp.o
2026-07-30T15:20:06.9119830Z [410/1174] Building CXX object tools/clang/lib/Sema/CMakeFiles/obj.clangSema.dir/SemaWasm.cpp.o
2026-07-30T15:20:07.5983762Z [411/1174] Building CXX object tools/clang/lib/Sema/CMakeFiles/obj.clangSema.dir/SemaTemplateInstantiate.cpp.o
2026-07-30T15:20:09.3485845Z [412/1174] Building CXX object tools/clang/lib/Sema/CMakeFiles/obj.clangSema.dir/SemaTemplate.cpp.o
2026-07-30T15:20:13.4766065Z [413/1174] Building CXX object tools/clang/lib/Tooling/Core/CMakeFiles/obj.clangToolingCore.dir/Diagnostic.cpp.o
2026-07-30T15:20:14.0926524Z [414/1174] Building CXX object tools/clang/lib/Sema/CMakeFiles/obj.clangSema.dir/SemaTemplateInstantiateDecl.cpp.o
2026-07-30T15:20:14.9136053Z [415/1174] Building CXX object tools/clang/lib/Sema/CMakeFiles/obj.clangSema.dir/TypeLocBuilder.cpp.o
2026-07-30T15:20:16.6967999Z [416/1174] Building CXX object tools/clang/lib/Tooling/Core/CMakeFiles/obj.clangToolingCore.dir/Replacement.cpp.o
2026-07-30T15:20:16.9885595Z [417/1174] Building CXX object tools/clang/lib/Sema/CMakeFiles/obj.clangSema.dir/SemaType.cpp.o
2026-07-30T15:20:18.5064528Z [418/1174] Building CXX object tools/clang/lib/Sema/CMakeFiles/obj.clangSema.dir/SemaX86.cpp.o
2026-07-30T15:20:25.6765315Z [419/1174] Building CXX object tools/clang/lib/Parse/CMakeFiles/obj.clangParse.dir/ParseAST.cpp.o
2026-07-30T15:20:34.4145849Z [420/1174] Building CXX object tools/clang/lib/Parse/CMakeFiles/obj.clangParse.dir/ParseDeclCXX.cpp.o
2026-07-30T15:20:35.0836070Z [421/1174] Building CXX object tools/clang/lib/Parse/CMakeFiles/obj.clangParse.dir/ParseCXXInlineMethods.cpp.o
2026-07-30T15:20:38.3366045Z [422/1174] Building CXX object tools/clang/lib/Parse/CMakeFiles/obj.clangParse.dir/ParseDecl.cpp.o
2026-07-30T15:20:41.1440846Z [423/1174] Building CXX object tools/clang/lib/Parse/CMakeFiles/obj.clangParse.dir/ParseHLSL.cpp.o
2026-07-30T15:20:46.0485727Z [424/1174] Building CXX object tools/clang/lib/Parse/CMakeFiles/obj.clangParse.dir/ParseExpr.cpp.o
2026-07-30T15:20:46.1756166Z [425/1174] Building CXX object tools/clang/lib/Parse/CMakeFiles/obj.clangParse.dir/ParseExprCXX.cpp.o
2026-07-30T15:20:49.2655853Z [426/1174] Building CXX object tools/clang/lib/Parse/CMakeFiles/obj.clangParse.dir/ParseObjc.cpp.o
2026-07-30T15:20:57.5245795Z [427/1174] Building CXX object tools/clang/lib/Parse/CMakeFiles/obj.clangParse.dir/ParseInit.cpp.o
2026-07-30T15:21:00.5474946Z [428/1174] Building CXX object tools/clang/lib/Parse/CMakeFiles/obj.clangParse.dir/ParseOpenMP.cpp.o
2026-07-30T15:21:02.0671642Z [429/1174] Building CXX object tools/clang/lib/Parse/CMakeFiles/obj.clangParse.dir/ParsePragma.cpp.o
2026-07-30T15:21:03.7845828Z [430/1174] Building CXX object tools/clang/lib/Parse/CMakeFiles/obj.clangParse.dir/ParseTemplate.cpp.o
2026-07-30T15:21:08.6055766Z [431/1174] Building CXX object tools/clang/lib/Driver/CMakeFiles/obj.clangDriver.dir/Action.cpp.o
2026-07-30T15:21:10.5606985Z [432/1174] Building CXX object tools/clang/lib/Parse/CMakeFiles/obj.clangParse.dir/ParseStmtAsm.cpp.o
2026-07-30T15:21:11.0256096Z [433/1174] Building CXX object tools/clang/lib/Parse/CMakeFiles/obj.clangParse.dir/ParseTentative.cpp.o
2026-07-30T15:21:12.9555990Z [434/1174] Building CXX object tools/clang/lib/Parse/CMakeFiles/obj.clangParse.dir/ParseStmt.cpp.o
2026-07-30T15:21:14.1665879Z [435/1174] Building CXX object tools/clang/lib/Driver/CMakeFiles/obj.clangDriver.dir/Distro.cpp.o
2026-07-30T15:21:15.9016044Z [436/1174] Building CXX object tools/clang/lib/Driver/CMakeFiles/obj.clangDriver.dir/Compilation.cpp.o
2026-07-30T15:21:18.0016017Z [437/1174] Building CXX object tools/clang/lib/Parse/CMakeFiles/obj.clangParse.dir/ParseOpenACC.cpp.o
2026-07-30T15:21:19.1675788Z [438/1174] Building CXX object tools/clang/lib/Driver/CMakeFiles/obj.clangDriver.dir/Job.cpp.o
2026-07-30T15:21:21.3976059Z [439/1174] Building CXX object tools/clang/lib/Parse/CMakeFiles/obj.clangParse.dir/Parser.cpp.o
2026-07-30T15:21:22.1036489Z [440/1174] Building CXX object tools/clang/lib/Driver/CMakeFiles/obj.clangDriver.dir/Multilib.cpp.o
2026-07-30T15:21:22.3025938Z [441/1174] Building CXX object tools/clang/lib/Driver/CMakeFiles/obj.clangDriver.dir/Phases.cpp.o
2026-07-30T15:21:24.2235955Z [442/1174] Building CXX object tools/clang/lib/Driver/CMakeFiles/obj.clangDriver.dir/MultilibBuilder.cpp.o
2026-07-30T15:21:24.3255775Z [443/1174] Building CXX object tools/clang/lib/Driver/CMakeFiles/obj.clangDriver.dir/DriverOptions.cpp.o
2026-07-30T15:21:26.1324690Z [444/1174] Building CXX object tools/clang/lib/Driver/CMakeFiles/obj.clangDriver.dir/OptionUtils.cpp.o
2026-07-30T15:21:26.6079508Z [445/1174] Building CXX object tools/clang/lib/Driver/CMakeFiles/obj.clangDriver.dir/Tool.cpp.o
2026-07-30T15:21:29.5572996Z [446/1174] Building CXX object tools/clang/lib/Driver/CMakeFiles/obj.clangDriver.dir/OffloadBundler.cpp.o
2026-07-30T15:21:31.4715885Z [447/1174] Building CXX object tools/clang/lib/Driver/CMakeFiles/obj.clangDriver.dir/ToolChains/Arch/ARM.cpp.o
2026-07-30T15:21:31.6575696Z [448/1174] Building CXX object tools/clang/lib/Driver/CMakeFiles/obj.clangDriver.dir/SanitizerArgs.cpp.o
2026-07-30T15:21:33.2965942Z [449/1174] Building CXX object tools/clang/lib/Driver/CMakeFiles/obj.clangDriver.dir/Driver.cpp.o
2026-07-30T15:21:33.3915909Z [450/1174] Building CXX object tools/clang/lib/Driver/CMakeFiles/obj.clangDriver.dir/ToolChain.cpp.o
2026-07-30T15:21:33.8926084Z [451/1174] Building CXX object tools/clang/lib/Driver/CMakeFiles/obj.clangDriver.dir/ToolChains/Arch/AArch64.cpp.o
2026-07-30T15:21:34.7646109Z [452/1174] Building CXX object tools/clang/lib/Driver/CMakeFiles/obj.clangDriver.dir/ToolChains/Arch/CSKY.cpp.o
2026-07-30T15:21:36.2587434Z [453/1174] Building CXX object tools/clang/lib/Driver/CMakeFiles/obj.clangDriver.dir/ToolChains/Arch/M68k.cpp.o
2026-07-30T15:21:37.3276013Z [454/1174] Building CXX object tools/clang/lib/Driver/CMakeFiles/obj.clangDriver.dir/ToolChains/Arch/LoongArch.cpp.o
2026-07-30T15:21:38.9969171Z [455/1174] Building CXX object tools/clang/lib/Driver/CMakeFiles/obj.clangDriver.dir/ToolChains/Arch/RISCV.cpp.o
2026-07-30T15:21:39.7315343Z [456/1174] Building CXX object tools/clang/lib/Driver/CMakeFiles/obj.clangDriver.dir/ToolChains/Arch/PPC.cpp.o
2026-07-30T15:21:39.8175684Z [457/1174] Building CXX object tools/clang/lib/Driver/CMakeFiles/obj.clangDriver.dir/ToolChains/Arch/Sparc.cpp.o
2026-07-30T15:21:41.6366670Z [458/1174] Building CXX object tools/clang/lib/Driver/CMakeFiles/obj.clangDriver.dir/ToolChains/Arch/Mips.cpp.o
2026-07-30T15:21:42.3365698Z [459/1174] Building CXX object tools/clang/lib/Driver/CMakeFiles/obj.clangDriver.dir/ToolChains/Arch/VE.cpp.o
2026-07-30T15:21:42.9810264Z [460/1174] Building CXX object tools/clang/lib/Driver/CMakeFiles/obj.clangDriver.dir/ToolChains/Arch/SystemZ.cpp.o
2026-07-30T15:21:45.8116229Z [461/1174] Building CXX object tools/clang/lib/Driver/CMakeFiles/obj.clangDriver.dir/ToolChains/Arch/X86.cpp.o
2026-07-30T15:21:46.9374082Z [462/1174] Building CXX object tools/clang/lib/Driver/CMakeFiles/obj.clangDriver.dir/ToolChains/AVR.cpp.o
2026-07-30T15:21:47.7628585Z [463/1174] Building CXX object tools/clang/lib/Driver/CMakeFiles/obj.clangDriver.dir/ToolChains/AMDGPU.cpp.o
2026-07-30T15:21:49.9755748Z [464/1174] Building CXX object tools/clang/lib/Driver/CMakeFiles/obj.clangDriver.dir/ToolChains/AMDGPUOpenMP.cpp.o
2026-07-30T15:21:50.3069415Z [465/1174] Building CXX object tools/clang/lib/Driver/CMakeFiles/obj.clangDriver.dir/ToolChains/AIX.cpp.o
2026-07-30T15:21:51.1395968Z [466/1174] Building CXX object tools/clang/lib/Driver/CMakeFiles/obj.clangDriver.dir/ToolChains/BareMetal.cpp.o
2026-07-30T15:21:53.6762542Z [467/1174] Building CXX object tools/clang/lib/Driver/CMakeFiles/obj.clangDriver.dir/ToolChains/CrossWindows.cpp.o
2026-07-30T15:21:56.5937251Z [468/1174] Building CXX object tools/clang/lib/Driver/CMakeFiles/obj.clangDriver.dir/ToolChains/CommonArgs.cpp.o
2026-07-30T15:21:57.8473410Z [469/1174] Building CXX object tools/clang/lib/Driver/CMakeFiles/obj.clangDriver.dir/ToolChains/DragonFly.cpp.o
2026-07-30T15:21:58.0386656Z [470/1174] Building CXX object tools/clang/lib/Driver/CMakeFiles/obj.clangDriver.dir/ToolChains/CSKYToolChain.cpp.o
2026-07-30T15:21:59.8698978Z [471/1174] Building CXX object tools/clang/lib/Driver/CMakeFiles/obj.clangDriver.dir/ToolChains/Cuda.cpp.o
2026-07-30T15:22:03.8605773Z [472/1174] Building CXX object tools/clang/lib/Driver/CMakeFiles/obj.clangDriver.dir/ToolChains/Clang.cpp.o
2026-07-30T15:22:04.3695803Z [473/1174] Building CXX object tools/clang/lib/Driver/CMakeFiles/obj.clangDriver.dir/ToolChains/FreeBSD.cpp.o
2026-07-30T15:22:04.9205926Z [474/1174] Building CXX object tools/clang/lib/Driver/CMakeFiles/obj.clangDriver.dir/ToolChains/Fuchsia.cpp.o
2026-07-30T15:22:05.4976576Z [475/1174] Building CXX object tools/clang/lib/Driver/CMakeFiles/obj.clangDriver.dir/ToolChains/Flang.cpp.o
2026-07-30T15:22:06.1575901Z [476/1174] Building CXX object tools/clang/lib/Driver/CMakeFiles/obj.clangDriver.dir/ToolChains/Darwin.cpp.o
2026-07-30T15:22:10.2776201Z [477/1174] Building CXX object tools/clang/lib/Driver/CMakeFiles/obj.clangDriver.dir/ToolChains/HIPUtility.cpp.o
2026-07-30T15:22:11.9099663Z [478/1174] Building CXX object tools/clang/lib/Driver/CMakeFiles/obj.clangDriver.dir/ToolChains/Hexagon.cpp.o
2026-07-30T15:22:12.2825881Z [479/1174] Building CXX object tools/clang/lib/Driver/CMakeFiles/obj.clangDriver.dir/ToolChains/HIPSPV.cpp.o
2026-07-30T15:22:12.6930231Z [480/1174] Building CXX object tools/clang/lib/Driver/CMakeFiles/obj.clangDriver.dir/ToolChains/Haiku.cpp.o
2026-07-30T15:22:13.7952868Z [481/1174] Building CXX object tools/clang/lib/Driver/CMakeFiles/obj.clangDriver.dir/ToolChains/HIPAMD.cpp.o
2026-07-30T15:22:15.7765803Z [482/1174] Building CXX object tools/clang/lib/Driver/CMakeFiles/obj.clangDriver.dir/ToolChains/HLSL.cpp.o
2026-07-30T15:22:16.1208799Z [483/1174] Building CXX object tools/clang/lib/Driver/CMakeFiles/obj.clangDriver.dir/ToolChains/Hurd.cpp.o
2026-07-30T15:22:16.4229561Z [484/1174] Building CXX object tools/clang/lib/Driver/CMakeFiles/obj.clangDriver.dir/ToolChains/Gnu.cpp.o
2026-07-30T15:22:21.0005902Z [485/1174] Building CXX object tools/clang/lib/Driver/CMakeFiles/obj.clangDriver.dir/ToolChains/MipsLinux.cpp.o
2026-07-30T15:22:22.0675695Z [486/1174] Building CXX object tools/clang/lib/Driver/CMakeFiles/obj.clangDriver.dir/ToolChains/NaCl.cpp.o
2026-07-30T15:22:22.2775971Z [487/1174] Building CXX object tools/clang/lib/Driver/CMakeFiles/obj.clangDriver.dir/ToolChains/MSVC.cpp.o
2026-07-30T15:22:22.5135615Z [488/1174] Building CXX object tools/clang/lib/Driver/CMakeFiles/obj.clangDriver.dir/ToolChains/MinGW.cpp.o
2026-07-30T15:22:25.0896860Z [489/1174] Building CXX object tools/clang/lib/Driver/CMakeFiles/obj.clangDriver.dir/ToolChains/Linux.cpp.o
2026-07-30T15:22:26.5313080Z [490/1174] Building CXX object tools/clang/lib/Driver/CMakeFiles/obj.clangDriver.dir/ToolChains/OpenBSD.cpp.o
2026-07-30T15:22:26.5360362Z [491/1174] Building CXX object tools/clang/lib/Driver/CMakeFiles/obj.clangDriver.dir/ToolChains/MSP430.cpp.o
2026-07-30T15:22:28.4235949Z [492/1174] Building CXX object tools/clang/lib/Driver/CMakeFiles/obj.clangDriver.dir/ToolChains/NetBSD.cpp.o
2026-07-30T15:22:31.2605857Z [493/1174] Building CXX object tools/clang/lib/Driver/CMakeFiles/obj.clangDriver.dir/ToolChains/OHOS.cpp.o
2026-07-30T15:22:31.3705848Z [494/1174] Building CXX object tools/clang/lib/Driver/CMakeFiles/obj.clangDriver.dir/ToolChains/PS4CPU.cpp.o
2026-07-30T15:22:31.4115634Z [495/1174] Building CXX object tools/clang/lib/Driver/CMakeFiles/obj.clangDriver.dir/ToolChains/SPIRV.cpp.o
2026-07-30T15:22:33.1905795Z [496/1174] Building CXX object tools/clang/lib/Driver/CMakeFiles/obj.clangDriver.dir/ToolChains/TCE.cpp.o
2026-07-30T15:22:33.4516144Z [497/1174] Building CXX object tools/clang/lib/Driver/CMakeFiles/obj.clangDriver.dir/ToolChains/RISCVToolchain.cpp.o
2026-07-30T15:22:34.8865795Z [498/1174] Building CXX object tools/clang/lib/Driver/CMakeFiles/obj.clangDriver.dir/ToolChains/Solaris.cpp.o
2026-07-30T15:22:37.4555956Z [499/1174] Building CXX object tools/clang/lib/Driver/CMakeFiles/obj.clangDriver.dir/ToolChains/VEToolchain.cpp.o
2026-07-30T15:22:37.7355677Z [500/1174] Building CXX object tools/clang/lib/Driver/CMakeFiles/obj.clangDriver.dir/ToolChains/WebAssembly.cpp.o
2026-07-30T15:22:37.7495902Z [501/1174] Building CXX object tools/clang/lib/Driver/CMakeFiles/obj.clangDriver.dir/ToolChains/PPCFreeBSD.cpp.o
2026-07-30T15:22:38.2025807Z [502/1174] Building CXX object tools/clang/lib/Driver/CMakeFiles/obj.clangDriver.dir/ToolChains/XCore.cpp.o
2026-07-30T15:22:38.2561071Z [503/1174] Building CXX object tools/clang/lib/Driver/CMakeFiles/obj.clangDriver.dir/ToolChains/PPCLinux.cpp.o
2026-07-30T15:22:41.2016414Z [504/1174] Building CXX object tools/clang/lib/Driver/CMakeFiles/obj.clangDriver.dir/ToolChains/InterfaceStubs.cpp.o
2026-07-30T15:22:42.4256056Z [505/1174] Building CXX object tools/clang/lib/Driver/CMakeFiles/obj.clangDriver.dir/Types.cpp.o
2026-07-30T15:22:44.7385692Z [506/1174] Building CXX object tools/clang/lib/Driver/CMakeFiles/obj.clangDriver.dir/ToolChains/ZOS.cpp.o
2026-07-30T15:22:45.9005876Z [507/1174] Building CXX object tools/clang/lib/Serialization/CMakeFiles/obj.clangSerialization.dir/ASTCommon.cpp.o
2026-07-30T15:22:47.0625998Z [508/1174] Building CXX object tools/clang/lib/Driver/CMakeFiles/obj.clangDriver.dir/XRayArgs.cpp.o
2026-07-30T15:23:06.4366727Z [509/1174] Building CXX object tools/clang/lib/Serialization/CMakeFiles/obj.clangSerialization.dir/ASTReaderDecl.cpp.o
2026-07-30T15:23:10.0166513Z [510/1174] Building CXX object tools/clang/lib/Serialization/CMakeFiles/obj.clangSerialization.dir/ASTWriterDecl.cpp.o
2026-07-30T15:23:10.8383209Z [511/1174] Building CXX object tools/clang/lib/Serialization/CMakeFiles/obj.clangSerialization.dir/ASTReaderStmt.cpp.o
2026-07-30T15:23:14.7581345Z [512/1174] Building CXX object tools/clang/lib/Serialization/CMakeFiles/obj.clangSerialization.dir/InMemoryModuleCache.cpp.o
2026-07-30T15:23:15.2705776Z [513/1174] Building CXX object tools/clang/lib/Serialization/CMakeFiles/obj.clangSerialization.dir/ASTWriterStmt.cpp.o
2026-07-30T15:23:17.6446417Z [514/1174] Building CXX object tools/clang/lib/Serialization/CMakeFiles/obj.clangSerialization.dir/ModuleFileExtension.cpp.o
2026-07-30T15:23:17.6495725Z [515/1174] Building CXX object tools/clang/lib/Serialization/CMakeFiles/obj.clangSerialization.dir/GlobalModuleIndex.cpp.o
2026-07-30T15:23:22.0235804Z [516/1174] Building CXX object tools/clang/lib/Serialization/CMakeFiles/obj.clangSerialization.dir/PCHContainerOperations.cpp.o
2026-07-30T15:23:22.9326029Z [517/1174] Building CXX object tools/clang/lib/Serialization/CMakeFiles/obj.clangSerialization.dir/ASTWriter.cpp.o
2026-07-30T15:23:23.9045848Z [518/1174] Building CXX object tools/clang/lib/Serialization/CMakeFiles/obj.clangSerialization.dir/ModuleFile.cpp.o
2026-07-30T15:23:24.4175658Z [519/1174] Building CXX object tools/clang/lib/Serialization/CMakeFiles/obj.clangSerialization.dir/GeneratePCH.cpp.o
2026-07-30T15:23:25.5915820Z [520/1174] Building CXX object tools/clang/lib/Serialization/CMakeFiles/obj.clangSerialization.dir/ASTReader.cpp.o
2026-07-30T15:23:27.8210866Z [521/1174] Building CXX object tools/clang/lib/Tooling/Inclusions/CMakeFiles/obj.clangToolingInclusions.dir/IncludeStyle.cpp.o
2026-07-30T15:23:28.5055961Z [522/1174] Building CXX object tools/clang/lib/Serialization/CMakeFiles/obj.clangSerialization.dir/ModuleManager.cpp.o
2026-07-30T15:23:28.8840285Z [523/1174] Building CXX object tools/clang/lib/Tooling/Inclusions/CMakeFiles/obj.clangToolingInclusions.dir/HeaderIncludes.cpp.o
2026-07-30T15:23:29.0235957Z [524/1174] Building CXX object tools/clang/lib/Tooling/Inclusions/CMakeFiles/obj.clangToolingInclusions.dir/HeaderAnalysis.cpp.o
2026-07-30T15:23:30.8059744Z [525/1174] Building CXX object tools/clang/lib/Frontend/CMakeFiles/obj.clangFrontend.dir/ChainedDiagnosticConsumer.cpp.o
2026-07-30T15:23:42.6685677Z [526/1174] Building CXX object tools/clang/lib/Frontend/CMakeFiles/obj.clangFrontend.dir/ASTMerge.cpp.o
2026-07-30T15:23:47.8525790Z [527/1174] Building CXX object tools/clang/lib/Frontend/CMakeFiles/obj.clangFrontend.dir/ASTConsumers.cpp.o
2026-07-30T15:23:52.4016547Z [528/1174] Building CXX object tools/clang/lib/Frontend/CMakeFiles/obj.clangFrontend.dir/ChainedIncludesSource.cpp.o
2026-07-30T15:23:54.1426065Z [529/1174] Building CXX object tools/clang/lib/Frontend/CMakeFiles/obj.clangFrontend.dir/ASTUnit.cpp.o
2026-07-30T15:23:56.3044701Z [530/1174] Building CXX object tools/clang/lib/Frontend/CMakeFiles/obj.clangFrontend.dir/CompilerInstance.cpp.o
2026-07-30T15:23:57.8343813Z [531/1174] Building CXX object tools/clang/lib/Frontend/CMakeFiles/obj.clangFrontend.dir/DependencyGraph.cpp.o
2026-07-30T15:24:00.7711968Z [532/1174] Building CXX object tools/clang/lib/Frontend/CMakeFiles/obj.clangFrontend.dir/CreateInvocationFromCommandLine.cpp.o
2026-07-30T15:24:02.8316214Z [533/1174] Building CXX object tools/clang/lib/Frontend/CMakeFiles/obj.clangFrontend.dir/DiagnosticRenderer.cpp.o
2026-07-30T15:24:05.1385923Z [534/1174] Building CXX object tools/clang/lib/Frontend/CMakeFiles/obj.clangFrontend.dir/FrontendOptions.cpp.o
2026-07-30T15:24:06.6165812Z [535/1174] Building CXX object tools/clang/lib/Frontend/CMakeFiles/obj.clangFrontend.dir/DependencyFile.cpp.o
2026-07-30T15:24:08.4997462Z [536/1174] Building CXX object tools/clang/lib/Frontend/CMakeFiles/obj.clangFrontend.dir/HeaderIncludeGen.cpp.o
2026-07-30T15:24:12.4505774Z [537/1174] Building CXX object tools/clang/lib/Frontend/CMakeFiles/obj.clangFrontend.dir/LogDiagnosticPrinter.cpp.o
2026-07-30T15:24:15.5475836Z [538/1174] Building CXX object tools/clang/lib/Frontend/CMakeFiles/obj.clangFrontend.dir/LayoutOverrideSource.cpp.o
2026-07-30T15:24:19.2715617Z [539/1174] Building CXX object tools/clang/lib/Frontend/CMakeFiles/obj.clangFrontend.dir/FrontendAction.cpp.o
2026-07-30T15:24:22.3061800Z [540/1174] Building CXX object tools/clang/lib/Frontend/CMakeFiles/obj.clangFrontend.dir/MultiplexConsumer.cpp.o
2026-07-30T15:24:22.6760556Z [541/1174] Building CXX object tools/clang/lib/Frontend/CMakeFiles/obj.clangFrontend.dir/CompilerInvocation.cpp.o
2026-07-30T15:24:22.8265917Z [542/1174] Building CXX object tools/clang/lib/Frontend/CMakeFiles/obj.clangFrontend.dir/InitPreprocessor.cpp.o
2026-07-30T15:24:26.6236027Z [543/1174] Building CXX object tools/clang/lib/Frontend/CMakeFiles/obj.clangFrontend.dir/FrontendActions.cpp.o
2026-07-30T15:24:27.4006192Z [544/1174] Building CXX object tools/clang/lib/Frontend/CMakeFiles/obj.clangFrontend.dir/ModuleDependencyCollector.cpp.o
2026-07-30T15:24:27.6706418Z [545/1174] Building CXX object tools/clang/lib/Frontend/CMakeFiles/obj.clangFrontend.dir/SARIFDiagnostic.cpp.o
2026-07-30T15:24:29.1716156Z [546/1174] Building CXX object tools/clang/lib/Frontend/CMakeFiles/obj.clangFrontend.dir/SARIFDiagnosticPrinter.cpp.o
2026-07-30T15:24:31.4658018Z [547/1174] Building CXX object tools/clang/lib/Frontend/CMakeFiles/obj.clangFrontend.dir/PrintPreprocessedOutput.cpp.o
2026-07-30T15:24:31.9016304Z [548/1174] Building CXX object tools/clang/lib/Frontend/CMakeFiles/obj.clangFrontend.dir/SerializedDiagnosticReader.cpp.o
2026-07-30T15:24:34.5896062Z [549/1174] Building CXX object tools/clang/lib/Frontend/CMakeFiles/obj.clangFrontend.dir/TextDiagnosticBuffer.cpp.o
2026-07-30T15:24:35.3234857Z [550/1174] Building CXX object tools/clang/lib/Frontend/CMakeFiles/obj.clangFrontend.dir/SerializedDiagnosticPrinter.cpp.o
2026-07-30T15:24:36.8446063Z [551/1174] Building CXX object tools/clang/lib/Frontend/CMakeFiles/obj.clangFrontend.dir/TextDiagnosticPrinter.cpp.o
2026-07-30T15:24:40.7905675Z [552/1174] Building CXX object tools/clang/lib/Frontend/CMakeFiles/obj.clangFrontend.dir/TextDiagnostic.cpp.o
2026-07-30T15:24:41.6436107Z [553/1174] Building CXX object tools/clang/lib/Frontend/CMakeFiles/obj.clangFrontend.dir/VerifyDiagnosticConsumer.cpp.o
2026-07-30T15:24:42.1506457Z [554/1174] Building CXX object tools/clang/lib/Format/CMakeFiles/obj.clangFormat.dir/AffectedRangeManager.cpp.o
2026-07-30T15:24:42.8486978Z [555/1174] Building CXX object tools/clang/lib/Frontend/CMakeFiles/obj.clangFrontend.dir/PrecompiledPreamble.cpp.o
2026-07-30T15:24:45.1885683Z [556/1174] Building CXX object tools/clang/lib/Frontend/CMakeFiles/obj.clangFrontend.dir/TestModuleFileExtension.cpp.o
2026-07-30T15:24:48.8377462Z [557/1174] Building CXX object tools/clang/lib/Format/CMakeFiles/obj.clangFormat.dir/ContinuationIndenter.cpp.o
2026-07-30T15:24:50.2711259Z [558/1174] Building CXX object tools/clang/lib/Format/CMakeFiles/obj.clangFormat.dir/DefinitionBlockSeparator.cpp.o
2026-07-30T15:24:51.0994021Z [559/1174] Building CXX object tools/clang/lib/Format/CMakeFiles/obj.clangFormat.dir/BreakableToken.cpp.o
2026-07-30T15:24:51.4796496Z [560/1174] Building CXX object tools/clang/lib/Format/CMakeFiles/obj.clangFormat.dir/FormatToken.cpp.o
2026-07-30T15:24:56.6207034Z [561/1174] Building CXX object tools/clang/lib/Format/CMakeFiles/obj.clangFormat.dir/IntegerLiteralSeparatorFixer.cpp.o
2026-07-30T15:24:58.2797075Z [562/1174] Building CXX object tools/clang/lib/Format/CMakeFiles/obj.clangFormat.dir/MatchFilePath.cpp.o
2026-07-30T15:24:58.3143993Z [563/1174] Building CXX object tools/clang/lib/Format/CMakeFiles/obj.clangFormat.dir/MacroCallReconstructor.cpp.o
2026-07-30T15:24:59.3676922Z [564/1174] Building CXX object tools/clang/lib/Format/CMakeFiles/obj.clangFormat.dir/Format.cpp.o
2026-07-30T15:25:00.4045705Z [565/1174] Building CXX object tools/clang/lib/Format/CMakeFiles/obj.clangFormat.dir/FormatTokenLexer.cpp.o
2026-07-30T15:25:01.2690410Z [566/1174] Building CXX object tools/clang/lib/Format/CMakeFiles/obj.clangFormat.dir/MacroExpander.cpp.o
2026-07-30T15:25:05.2593408Z [567/1174] Building CXX object tools/clang/lib/Format/CMakeFiles/obj.clangFormat.dir/NamespaceEndCommentsFixer.cpp.o
2026-07-30T15:25:06.6058894Z [568/1174] Building CXX object tools/clang/lib/Format/CMakeFiles/obj.clangFormat.dir/QualifierAlignmentFixer.cpp.o
2026-07-30T15:25:07.9195810Z [569/1174] Building CXX object tools/clang/lib/Format/CMakeFiles/obj.clangFormat.dir/ObjCPropertyAttributeOrderFixer.cpp.o
2026-07-30T15:25:08.4588372Z [570/1174] Building CXX object tools/clang/lib/Format/CMakeFiles/obj.clangFormat.dir/TokenAnalyzer.cpp.o
2026-07-30T15:25:09.0776675Z [571/1174] Building CXX object tools/clang/lib/Format/CMakeFiles/obj.clangFormat.dir/SortJavaScriptImports.cpp.o
2026-07-30T15:25:09.7226305Z [572/1174] Building CXX object tools/clang/lib/Frontend/CMakeFiles/obj.clangFrontend.dir/InterfaceStubFunctionsConsumer.cpp.o
2026-07-30T15:25:14.1225841Z [573/1174] Building CXX object tools/clang/lib/Format/CMakeFiles/obj.clangFormat.dir/UnwrappedLineFormatter.cpp.o
2026-07-30T15:25:15.3608981Z [574/1174] Building CXX object tools/clang/lib/Format/CMakeFiles/obj.clangFormat.dir/UnwrappedLineParser.cpp.o
2026-07-30T15:25:18.2905893Z [575/1174] Building CXX object tools/clang/lib/Format/CMakeFiles/obj.clangFormat.dir/UsingDeclarationsSorter.cpp.o
2026-07-30T15:25:18.4345832Z [576/1174] Building CXX object tools/clang/lib/Format/CMakeFiles/obj.clangFormat.dir/WhitespaceManager.cpp.o
2026-07-30T15:25:18.9535734Z [577/1174] Building CXX object tools/clang/lib/Format/CMakeFiles/obj.clangFormat.dir/TokenAnnotator.cpp.o
2026-07-30T15:25:19.7745647Z [578/1174] Building CXX object tools/clang/lib/Index/CMakeFiles/obj.clangIndex.dir/CommentToXML.cpp.o
2026-07-30T15:25:27.3287188Z [579/1174] Building CXX object tools/clang/lib/Index/CMakeFiles/obj.clangIndex.dir/FileIndexRecord.cpp.o
2026-07-30T15:25:29.6442038Z [580/1174] Building CXX object tools/clang/lib/Index/CMakeFiles/obj.clangIndex.dir/IndexDecl.cpp.o
2026-07-30T15:25:30.5003094Z [581/1174] Building CXX object tools/clang/lib/Index/CMakeFiles/obj.clangIndex.dir/IndexSymbol.cpp.o
2026-07-30T15:25:31.9756002Z [582/1174] Building CXX object tools/clang/lib/Index/CMakeFiles/obj.clangIndex.dir/IndexingContext.cpp.o
2026-07-30T15:25:33.1223007Z [583/1174] Building CXX object tools/clang/lib/StaticAnalyzer/Core/CMakeFiles/obj.clangStaticAnalyzerCore.dir/APSIntType.cpp.o
2026-07-30T15:25:34.1475896Z [584/1174] Building CXX object tools/clang/lib/Index/CMakeFiles/obj.clangIndex.dir/IndexingAction.cpp.o
2026-07-30T15:25:43.8656024Z [585/1174] Building CXX object tools/clang/lib/StaticAnalyzer/Core/CMakeFiles/obj.clangStaticAnalyzerCore.dir/AnalyzerOptions.cpp.o
2026-07-30T15:25:45.5120076Z [586/1174] Building CXX object tools/clang/lib/Index/CMakeFiles/obj.clangIndex.dir/USRGeneration.cpp.o
2026-07-30T15:25:47.4966485Z [587/1174] Building CXX object tools/clang/lib/Index/CMakeFiles/obj.clangIndex.dir/IndexBody.cpp.o
2026-07-30T15:25:47.5446182Z [588/1174] Building CXX object tools/clang/lib/Index/CMakeFiles/obj.clangIndex.dir/IndexTypeSourceInfo.cpp.o
2026-07-30T15:25:49.8455871Z [589/1174] Building CXX object tools/clang/lib/StaticAnalyzer/Core/CMakeFiles/obj.clangStaticAnalyzerCore.dir/BlockCounter.cpp.o
2026-07-30T15:25:50.9395595Z [590/1174] Building CXX object tools/clang/lib/StaticAnalyzer/Core/CMakeFiles/obj.clangStaticAnalyzerCore.dir/BasicValueFactory.cpp.o
2026-07-30T15:25:51.8226084Z [591/1174] Building CXX object tools/clang/lib/StaticAnalyzer/Core/CMakeFiles/obj.clangStaticAnalyzerCore.dir/AnalysisManager.cpp.o
2026-07-30T15:25:54.8265986Z [592/1174] Building CXX object tools/clang/lib/CrossTU/CMakeFiles/obj.clangCrossTU.dir/CrossTranslationUnit.cpp.o
2026-07-30T15:26:02.1855839Z [593/1174] Building CXX object tools/clang/lib/StaticAnalyzer/Core/CMakeFiles/obj.clangStaticAnalyzerCore.dir/CallDescription.cpp.o
2026-07-30T15:26:06.8256579Z [594/1174] Building CXX object tools/clang/lib/StaticAnalyzer/Core/CMakeFiles/obj.clangStaticAnalyzerCore.dir/BugReporterVisitors.cpp.o
2026-07-30T15:26:08.6105849Z [595/1174] Building CXX object tools/clang/lib/StaticAnalyzer/Core/CMakeFiles/obj.clangStaticAnalyzerCore.dir/Checker.cpp.o
2026-07-30T15:26:10.7842465Z [596/1174] Building CXX object tools/clang/lib/StaticAnalyzer/Core/CMakeFiles/obj.clangStaticAnalyzerCore.dir/BugReporter.cpp.o
2026-07-30T15:26:16.2003949Z [597/1174] Building CXX object tools/clang/lib/StaticAnalyzer/Core/CMakeFiles/obj.clangStaticAnalyzerCore.dir/CallEvent.cpp.o
2026-07-30T15:26:16.2685088Z [598/1174] Building CXX object tools/clang/lib/StaticAnalyzer/Core/CMakeFiles/obj.clangStaticAnalyzerCore.dir/CheckerHelpers.cpp.o
2026-07-30T15:26:16.3605736Z [599/1174] Building CXX object tools/clang/lib/StaticAnalyzer/Core/CMakeFiles/obj.clangStaticAnalyzerCore.dir/CommonBugCategories.cpp.o
2026-07-30T15:26:20.1170332Z [600/1174] Building CXX object tools/clang/lib/StaticAnalyzer/Core/CMakeFiles/obj.clangStaticAnalyzerCore.dir/CheckerContext.cpp.o
2026-07-30T15:26:21.5875817Z [601/1174] Building CXX object tools/clang/lib/StaticAnalyzer/Core/CMakeFiles/obj.clangStaticAnalyzerCore.dir/CheckerRegistryData.cpp.o
2026-07-30T15:26:25.4676085Z [602/1174] Building CXX object tools/clang/lib/StaticAnalyzer/Core/CMakeFiles/obj.clangStaticAnalyzerCore.dir/BugSuppression.cpp.o
2026-07-30T15:26:26.4453941Z [603/1174] Building CXX object tools/clang/lib/StaticAnalyzer/Core/CMakeFiles/obj.clangStaticAnalyzerCore.dir/CheckerManager.cpp.o
2026-07-30T15:26:28.9426088Z [604/1174] Building CXX object tools/clang/lib/StaticAnalyzer/Core/CMakeFiles/obj.clangStaticAnalyzerCore.dir/ConstraintManager.cpp.o
2026-07-30T15:26:31.9515087Z [605/1174] Building CXX object tools/clang/lib/StaticAnalyzer/Core/CMakeFiles/obj.clangStaticAnalyzerCore.dir/DynamicExtent.cpp.o
2026-07-30T15:26:35.0476329Z [606/1174] Building CXX object tools/clang/lib/StaticAnalyzer/Core/CMakeFiles/obj.clangStaticAnalyzerCore.dir/CoreEngine.cpp.o
2026-07-30T15:26:35.2466028Z [607/1174] Building CXX object tools/clang/lib/StaticAnalyzer/Core/CMakeFiles/obj.clangStaticAnalyzerCore.dir/DynamicType.cpp.o
2026-07-30T15:26:40.0526688Z [608/1174] Building CXX object tools/clang/lib/StaticAnalyzer/Core/CMakeFiles/obj.clangStaticAnalyzerCore.dir/Environment.cpp.o
2026-07-30T15:26:43.9425211Z [609/1174] Building CXX object tools/clang/lib/StaticAnalyzer/Core/CMakeFiles/obj.clangStaticAnalyzerCore.dir/ExplodedGraph.cpp.o
2026-07-30T15:26:48.7656147Z [610/1174] Building CXX object tools/clang/lib/StaticAnalyzer/Core/CMakeFiles/obj.clangStaticAnalyzerCore.dir/ExprEngineC.cpp.o
2026-07-30T15:26:49.9196294Z [611/1174] Building CXX object tools/clang/lib/StaticAnalyzer/Core/CMakeFiles/obj.clangStaticAnalyzerCore.dir/FunctionSummary.cpp.o
2026-07-30T15:26:52.0752893Z [612/1174] Building CXX object tools/clang/lib/StaticAnalyzer/Core/CMakeFiles/obj.clangStaticAnalyzerCore.dir/ExprEngineCXX.cpp.o
2026-07-30T15:26:52.1816119Z [613/1174] Building CXX object tools/clang/lib/StaticAnalyzer/Core/CMakeFiles/obj.clangStaticAnalyzerCore.dir/ExprEngine.cpp.o
2026-07-30T15:26:55.7855704Z [614/1174] Building CXX object tools/clang/lib/StaticAnalyzer/Core/CMakeFiles/obj.clangStaticAnalyzerCore.dir/ExprEngineObjC.cpp.o
2026-07-30T15:26:56.5869980Z [615/1174] Building CXX object tools/clang/lib/StaticAnalyzer/Core/CMakeFiles/obj.clangStaticAnalyzerCore.dir/ExprEngineCallAndReturn.cpp.o
2026-07-30T15:27:02.8296587Z [616/1174] Building CXX object tools/clang/lib/StaticAnalyzer/Core/CMakeFiles/obj.clangStaticAnalyzerCore.dir/HTMLDiagnostics.cpp.o
2026-07-30T15:27:08.7416203Z [617/1174] Building CXX object tools/clang/lib/StaticAnalyzer/Core/CMakeFiles/obj.clangStaticAnalyzerCore.dir/MemRegion.cpp.o
2026-07-30T15:27:11.4226983Z [618/1174] Building CXX object tools/clang/lib/StaticAnalyzer/Core/CMakeFiles/obj.clangStaticAnalyzerCore.dir/LoopWidening.cpp.o
2026-07-30T15:27:13.7656362Z [619/1174] Building CXX object tools/clang/lib/StaticAnalyzer/Core/CMakeFiles/obj.clangStaticAnalyzerCore.dir/ProgramState.cpp.o
2026-07-30T15:27:14.0546149Z [620/1174] Building CXX object tools/clang/lib/StaticAnalyzer/Core/CMakeFiles/obj.clangStaticAnalyzerCore.dir/PlistDiagnostics.cpp.o
2026-07-30T15:27:14.8455850Z [621/1174] Building CXX object tools/clang/lib/StaticAnalyzer/Core/CMakeFiles/obj.clangStaticAnalyzerCore.dir/LoopUnrolling.cpp.o
2026-07-30T15:27:17.0747328Z [622/1174] Building CXX object tools/clang/lib/StaticAnalyzer/Core/CMakeFiles/obj.clangStaticAnalyzerCore.dir/RangeConstraintManager.cpp.o
2026-07-30T15:27:23.2456294Z [623/1174] Building CXX object tools/clang/lib/StaticAnalyzer/Core/CMakeFiles/obj.clangStaticAnalyzerCore.dir/RangedConstraintManager.cpp.o
2026-07-30T15:27:27.3785101Z [624/1174] Building CXX object tools/clang/lib/StaticAnalyzer/Core/CMakeFiles/obj.clangStaticAnalyzerCore.dir/SimpleSValBuilder.cpp.o
2026-07-30T15:27:32.5266946Z [625/1174] Building CXX object tools/clang/lib/StaticAnalyzer/Core/CMakeFiles/obj.clangStaticAnalyzerCore.dir/RegionStore.cpp.o
2026-07-30T15:27:33.5816124Z [626/1174] Building CXX object tools/clang/lib/StaticAnalyzer/Core/CMakeFiles/obj.clangStaticAnalyzerCore.dir/SarifDiagnostics.cpp.o
2026-07-30T15:27:34.0816133Z [627/1174] Building CXX object tools/clang/lib/StaticAnalyzer/Core/CMakeFiles/obj.clangStaticAnalyzerCore.dir/SimpleConstraintManager.cpp.o
2026-07-30T15:27:34.7775963Z [628/1174] Building CXX object tools/clang/lib/StaticAnalyzer/Core/CMakeFiles/obj.clangStaticAnalyzerCore.dir/SMTConstraintManager.cpp.o
2026-07-30T15:27:39.2676210Z [629/1174] Building CXX object tools/clang/lib/StaticAnalyzer/Core/CMakeFiles/obj.clangStaticAnalyzerCore.dir/Store.cpp.o
2026-07-30T15:27:42.8896149Z [630/1174] Building CXX object tools/clang/lib/StaticAnalyzer/Core/CMakeFiles/obj.clangStaticAnalyzerCore.dir/SValBuilder.cpp.o
2026-07-30T15:27:44.4846030Z [631/1174] Building CXX object tools/clang/lib/StaticAnalyzer/Core/CMakeFiles/obj.clangStaticAnalyzerCore.dir/SVals.cpp.o
2026-07-30T15:27:44.8385873Z [632/1174] Building CXX object tools/clang/lib/StaticAnalyzer/Core/CMakeFiles/obj.clangStaticAnalyzerCore.dir/WorkList.cpp.o
2026-07-30T15:27:45.2185514Z [633/1174] Linking CXX static library lib/libLLVMTextAPIBinaryReader.a
2026-07-30T15:27:45.6485581Z [634/1174] Linking CXX static library lib/libclangLex.a
2026-07-30T15:27:46.0645602Z [635/1174] Linking CXX static library lib/libclangAPINotes.a
2026-07-30T15:27:46.5715632Z [636/1174] Linking CXX static library lib/libclangAST.a
2026-07-30T15:27:46.9875428Z [637/1174] Linking CXX static library lib/libclangRewrite.a
2026-07-30T15:27:47.0455989Z [638/1174] Building CXX object tools/clang/lib/StaticAnalyzer/Core/CMakeFiles/obj.clangStaticAnalyzerCore.dir/SymbolManager.cpp.o
2026-07-30T15:27:47.3055360Z [639/1174] Linking CXX static library lib/libclangASTMatchers.a
2026-07-30T15:27:47.7226990Z [640/1174] Linking CXX static library lib/libclangEdit.a
2026-07-30T15:27:48.1432983Z [641/1174] Linking CXX static library lib/libclangAnalysis.a
2026-07-30T15:27:48.5025537Z [642/1174] Linking CXX static library lib/libclangSupport.a
2026-07-30T15:27:48.8985458Z [643/1174] Linking CXX static library lib/libclangToolingCore.a
2026-07-30T15:27:49.4225776Z [644/1174] Linking CXX static library lib/libclangSema.a
2026-07-30T15:27:49.8175671Z [645/1174] Building CXX object lib/ProfileData/Coverage/CMakeFiles/LLVMCoverage.dir/CoverageMappingWriter.cpp.o
2026-07-30T15:27:49.8855408Z [646/1174] Linking CXX static library lib/libclangDriver.a
2026-07-30T15:27:50.2865942Z [647/1174] Linking CXX static library lib/libclangParse.a
2026-07-30T15:27:50.6915401Z [648/1174] Linking CXX static library lib/libclangSerialization.a
2026-07-30T15:27:51.0325574Z [649/1174] Linking CXX static library lib/libclangToolingInclusions.a
2026-07-30T15:27:51.0775959Z [650/1174] Building CXX object tools/clang/lib/InstallAPI/CMakeFiles/obj.clangInstallAPI.dir/DiagnosticBuilderWrappers.cpp.o
2026-07-30T15:27:51.4646927Z [651/1174] Linking CXX static library lib/libclangFrontend.a
2026-07-30T15:27:51.8685367Z [652/1174] Linking CXX static library lib/libclangFormat.a
2026-07-30T15:27:51.9393972Z [653/1174] Building CXX object tools/clang/lib/StaticAnalyzer/Core/CMakeFiles/obj.clangStaticAnalyzerCore.dir/TextDiagnostics.cpp.o
2026-07-30T15:27:53.7464109Z [654/1174] Building CXX object tools/clang/lib/StaticAnalyzer/Core/CMakeFiles/obj.clangStaticAnalyzerCore.dir/Z3CrosscheckVisitor.cpp.o
2026-07-30T15:27:57.0796182Z [655/1174] Building CXX object tools/clang/lib/InstallAPI/CMakeFiles/obj.clangInstallAPI.dir/DirectoryScanner.cpp.o
2026-07-30T15:27:58.4708696Z [656/1174] Building CXX object tools/clang/lib/InstallAPI/CMakeFiles/obj.clangInstallAPI.dir/HeaderFile.cpp.o
2026-07-30T15:27:58.8970199Z [657/1174] Building CXX object lib/ProfileData/Coverage/CMakeFiles/LLVMCoverage.dir/CoverageMappingReader.cpp.o
2026-07-30T15:27:59.2306117Z [658/1174] Building CXX object tools/clang/lib/InstallAPI/CMakeFiles/obj.clangInstallAPI.dir/FileList.cpp.o
2026-07-30T15:28:01.4907158Z [659/1174] Building CXX object tools/clang/lib/InstallAPI/CMakeFiles/obj.clangInstallAPI.dir/DylibVerifier.cpp.o
2026-07-30T15:28:01.8867284Z [660/1174] Building CXX object tools/clang/lib/InstallAPI/CMakeFiles/obj.clangInstallAPI.dir/Library.cpp.o
2026-07-30T15:28:12.2326496Z [661/1174] Building CXX object tools/clang/lib/StaticAnalyzer/Checkers/CMakeFiles/obj.clangStaticAnalyzerCheckers.dir/AnalysisOrderChecker.cpp.o
2026-07-30T15:28:14.6856076Z [662/1174] Building CXX object tools/clang/lib/StaticAnalyzer/Checkers/CMakeFiles/obj.clangStaticAnalyzerCheckers.dir/ArrayBoundChecker.cpp.o
2026-07-30T15:28:16.0655992Z [663/1174] Building CXX object tools/clang/lib/StaticAnalyzer/Checkers/CMakeFiles/obj.clangStaticAnalyzerCheckers.dir/AnalyzerStatsChecker.cpp.o
2026-07-30T15:28:16.1075832Z [664/1174] Building CXX object tools/clang/lib/InstallAPI/CMakeFiles/obj.clangInstallAPI.dir/Frontend.cpp.o
2026-07-30T15:28:21.3996393Z [665/1174] Building CXX object tools/clang/lib/StaticAnalyzer/Checkers/CMakeFiles/obj.clangStaticAnalyzerCheckers.dir/ArrayBoundCheckerV2.cpp.o
2026-07-30T15:28:27.5274013Z [666/1174] Building CXX object tools/clang/lib/StaticAnalyzer/Checkers/CMakeFiles/obj.clangStaticAnalyzerCheckers.dir/BasicObjCFoundationChecks.cpp.o
2026-07-30T15:28:30.1135920Z [667/1174] Building CXX object tools/clang/lib/StaticAnalyzer/Checkers/CMakeFiles/obj.clangStaticAnalyzerCheckers.dir/BitwiseShiftChecker.cpp.o
2026-07-30T15:28:35.2496189Z [668/1174] Building CXX object tools/clang/lib/StaticAnalyzer/Checkers/CMakeFiles/obj.clangStaticAnalyzerCheckers.dir/BoolAssignmentChecker.cpp.o
2026-07-30T15:28:37.0606514Z [669/1174] Building CXX object tools/clang/lib/InstallAPI/CMakeFiles/obj.clangInstallAPI.dir/Visitor.cpp.o
2026-07-30T15:28:39.5016294Z [670/1174] Building CXX object tools/clang/lib/StaticAnalyzer/Checkers/CMakeFiles/obj.clangStaticAnalyzerCheckers.dir/BuiltinFunctionChecker.cpp.o
2026-07-30T15:28:40.2716774Z [671/1174] Building CXX object tools/clang/lib/StaticAnalyzer/Checkers/CMakeFiles/obj.clangStaticAnalyzerCheckers.dir/BlockInCriticalSectionChecker.cpp.o
2026-07-30T15:28:43.9316128Z [672/1174] Building CXX object tools/clang/lib/StaticAnalyzer/Checkers/CMakeFiles/obj.clangStaticAnalyzerCheckers.dir/CStringChecker.cpp.o
2026-07-30T15:28:46.8295987Z [673/1174] Building CXX object tools/clang/lib/StaticAnalyzer/Checkers/CMakeFiles/obj.clangStaticAnalyzerCheckers.dir/CStringSyntaxChecker.cpp.o
2026-07-30T15:28:51.8704466Z [674/1174] Building CXX object tools/clang/lib/StaticAnalyzer/Checkers/CMakeFiles/obj.clangStaticAnalyzerCheckers.dir/CallAndMessageChecker.cpp.o
2026-07-30T15:28:54.2817193Z [675/1174] Building CXX object tools/clang/lib/StaticAnalyzer/Checkers/CMakeFiles/obj.clangStaticAnalyzerCheckers.dir/CastSizeChecker.cpp.o
2026-07-30T15:28:59.4875926Z [676/1174] Building CXX object tools/clang/lib/StaticAnalyzer/Checkers/CMakeFiles/obj.clangStaticAnalyzerCheckers.dir/CastValueChecker.cpp.o
2026-07-30T15:29:02.1095689Z [677/1174] Building CXX object tools/clang/lib/StaticAnalyzer/Checkers/CMakeFiles/obj.clangStaticAnalyzerCheckers.dir/CheckObjCInstMethSignature.cpp.o
2026-07-30T15:29:02.2546193Z [678/1174] Building CXX object tools/clang/lib/StaticAnalyzer/Checkers/CMakeFiles/obj.clangStaticAnalyzerCheckers.dir/CheckObjCDealloc.cpp.o
2026-07-30T15:29:12.1215929Z [679/1174] Building CXX object tools/clang/lib/StaticAnalyzer/Checkers/CMakeFiles/obj.clangStaticAnalyzerCheckers.dir/CheckerDocumentation.cpp.o
2026-07-30T15:29:13.0256349Z [680/1174] Building CXX object tools/clang/lib/StaticAnalyzer/Checkers/CMakeFiles/obj.clangStaticAnalyzerCheckers.dir/CheckSecuritySyntaxOnly.cpp.o
2026-07-30T15:29:13.2244764Z [681/1174] Building CXX object tools/clang/lib/StaticAnalyzer/Checkers/CMakeFiles/obj.clangStaticAnalyzerCheckers.dir/CheckPlacementNew.cpp.o
2026-07-30T15:29:14.9736141Z [682/1174] Building CXX object tools/clang/lib/StaticAnalyzer/Checkers/CMakeFiles/obj.clangStaticAnalyzerCheckers.dir/CloneChecker.cpp.o
2026-07-30T15:29:16.4276015Z [683/1174] Building CXX object tools/clang/lib/StaticAnalyzer/Checkers/CMakeFiles/obj.clangStaticAnalyzerCheckers.dir/CastToStructChecker.cpp.o
2026-07-30T15:29:20.3186216Z [684/1174] Building CXX object tools/clang/lib/StaticAnalyzer/Checkers/CMakeFiles/obj.clangStaticAnalyzerCheckers.dir/ChrootChecker.cpp.o
2026-07-30T15:29:29.8179356Z [685/1174] Building CXX object tools/clang/lib/StaticAnalyzer/Checkers/CMakeFiles/obj.clangStaticAnalyzerCheckers.dir/CXXDeleteChecker.cpp.o
2026-07-30T15:29:30.7415849Z [686/1174] Building CXX object tools/clang/lib/StaticAnalyzer/Checkers/CMakeFiles/obj.clangStaticAnalyzerCheckers.dir/ConversionChecker.cpp.o
2026-07-30T15:29:31.2096174Z [687/1174] Building CXX object tools/clang/lib/StaticAnalyzer/Checkers/CMakeFiles/obj.clangStaticAnalyzerCheckers.dir/ContainerModeling.cpp.o
2026-07-30T15:29:31.9655804Z [688/1174] Building CXX object tools/clang/lib/StaticAnalyzer/Checkers/CMakeFiles/obj.clangStaticAnalyzerCheckers.dir/CXXSelfAssignmentChecker.cpp.o
2026-07-30T15:29:46.0541742Z [689/1174] Building CXX object tools/clang/lib/StaticAnalyzer/Checkers/CMakeFiles/obj.clangStaticAnalyzerCheckers.dir/DebugIteratorModeling.cpp.o
2026-07-30T15:29:47.9235948Z [690/1174] Building CXX object tools/clang/lib/StaticAnalyzer/Checkers/CMakeFiles/obj.clangStaticAnalyzerCheckers.dir/DereferenceChecker.cpp.o
2026-07-30T15:29:48.2696394Z [691/1174] Building CXX object tools/clang/lib/StaticAnalyzer/Checkers/CMakeFiles/obj.clangStaticAnalyzerCheckers.dir/DebugContainerModeling.cpp.o
2026-07-30T15:29:48.6436293Z [692/1174] Building CXX object tools/clang/lib/StaticAnalyzer/Checkers/CMakeFiles/obj.clangStaticAnalyzerCheckers.dir/DeadStoresChecker.cpp.o
2026-07-30T15:29:49.5596319Z [693/1174] Building CXX object tools/clang/lib/StaticAnalyzer/Checkers/CMakeFiles/obj.clangStaticAnalyzerCheckers.dir/DirectIvarAssignment.cpp.o
2026-07-30T15:29:50.5188215Z [694/1174] Building CXX object tools/clang/lib/StaticAnalyzer/Checkers/CMakeFiles/obj.clangStaticAnalyzerCheckers.dir/DebugCheckers.cpp.o
2026-07-30T15:30:02.1954762Z [695/1174] Building CXX object tools/clang/lib/StaticAnalyzer/Checkers/CMakeFiles/obj.clangStaticAnalyzerCheckers.dir/ErrnoChecker.cpp.o
2026-07-30T15:30:02.2283042Z [696/1174] Building CXX object tools/clang/lib/StaticAnalyzer/Checkers/CMakeFiles/obj.clangStaticAnalyzerCheckers.dir/DivZeroChecker.cpp.o
2026-07-30T15:30:04.2283171Z [697/1174] Building CXX object tools/clang/lib/StaticAnalyzer/Checkers/CMakeFiles/obj.clangStaticAnalyzerCheckers.dir/ErrnoModeling.cpp.o
2026-07-30T15:30:06.2016673Z [698/1174] Building CXX object tools/clang/lib/StaticAnalyzer/Checkers/CMakeFiles/obj.clangStaticAnalyzerCheckers.dir/DynamicTypeChecker.cpp.o
2026-07-30T15:30:08.5199865Z [699/1174] Building CXX object tools/clang/lib/StaticAnalyzer/Checkers/CMakeFiles/obj.clangStaticAnalyzerCheckers.dir/EnumCastOutOfRangeChecker.cpp.o
2026-07-30T15:30:20.9865960Z [700/1174] Building CXX object tools/clang/lib/StaticAnalyzer/Checkers/CMakeFiles/obj.clangStaticAnalyzerCheckers.dir/FixedAddressChecker.cpp.o
2026-07-30T15:30:21.7496457Z [701/1174] Building CXX object tools/clang/lib/StaticAnalyzer/Checkers/CMakeFiles/obj.clangStaticAnalyzerCheckers.dir/ErrnoTesterChecker.cpp.o
2026-07-30T15:30:21.8716359Z [702/1174] Building CXX object tools/clang/lib/StaticAnalyzer/Checkers/CMakeFiles/obj.clangStaticAnalyzerCheckers.dir/ExprInspectionChecker.cpp.o
2026-07-30T15:30:24.5326127Z [703/1174] Building CXX object tools/clang/lib/StaticAnalyzer/Checkers/CMakeFiles/obj.clangStaticAnalyzerCheckers.dir/FuchsiaHandleChecker.cpp.o
2026-07-30T15:30:25.5156172Z [704/1174] Building CXX object tools/clang/lib/StaticAnalyzer/Checkers/CMakeFiles/obj.clangStaticAnalyzerCheckers.dir/DynamicTypePropagation.cpp.o
2026-07-30T15:30:28.3466358Z [705/1174] Building CXX object tools/clang/lib/StaticAnalyzer/Checkers/CMakeFiles/obj.clangStaticAnalyzerCheckers.dir/GCDAntipatternChecker.cpp.o
2026-07-30T15:30:36.5435997Z [706/1174] Building CXX object tools/clang/lib/StaticAnalyzer/Checkers/CMakeFiles/obj.clangStaticAnalyzerCheckers.dir/GTestChecker.cpp.o
2026-07-30T15:30:41.4926807Z [707/1174] Building CXX object tools/clang/lib/StaticAnalyzer/Checkers/CMakeFiles/obj.clangStaticAnalyzerCheckers.dir/InnerPointerChecker.cpp.o
2026-07-30T15:30:42.1826082Z [708/1174] Building CXX object tools/clang/lib/StaticAnalyzer/Checkers/CMakeFiles/obj.clangStaticAnalyzerCheckers.dir/InvalidatedIteratorChecker.cpp.o
2026-07-30T15:30:45.0526463Z [709/1174] Building CXX object tools/clang/lib/StaticAnalyzer/Checkers/CMakeFiles/obj.clangStaticAnalyzerCheckers.dir/GenericTaintChecker.cpp.o
2026-07-30T15:30:49.7242107Z [710/1174] Building CXX object tools/clang/lib/StaticAnalyzer/Checkers/CMakeFiles/obj.clangStaticAnalyzerCheckers.dir/Iterator.cpp.o
2026-07-30T15:30:50.2576731Z [711/1174] Building CXX object tools/clang/lib/StaticAnalyzer/Checkers/CMakeFiles/obj.clangStaticAnalyzerCheckers.dir/cert/InvalidPtrChecker.cpp.o
2026-07-30T15:30:56.7775961Z [712/1174] Building CXX object tools/clang/lib/StaticAnalyzer/Checkers/CMakeFiles/obj.clangStaticAnalyzerCheckers.dir/IdenticalExprChecker.cpp.o
2026-07-30T15:30:59.4466206Z [713/1174] Building CXX object tools/clang/lib/StaticAnalyzer/Checkers/CMakeFiles/obj.clangStaticAnalyzerCheckers.dir/IteratorRangeChecker.cpp.o
2026-07-30T15:31:02.2426038Z [714/1174] Building CXX object tools/clang/lib/StaticAnalyzer/Checkers/CMakeFiles/obj.clangStaticAnalyzerCheckers.dir/IteratorModeling.cpp.o
2026-07-30T15:31:04.4466208Z [715/1174] Building CXX object tools/clang/lib/StaticAnalyzer/Checkers/CMakeFiles/obj.clangStaticAnalyzerCheckers.dir/IvarInvalidationChecker.cpp.o
2026-07-30T15:31:06.2214751Z [716/1174] Building CXX object tools/clang/lib/StaticAnalyzer/Checkers/CMakeFiles/obj.clangStaticAnalyzerCheckers.dir/LLVMConventionsChecker.cpp.o
2026-07-30T15:31:16.7326037Z [717/1174] Building CXX object tools/clang/lib/StaticAnalyzer/Checkers/CMakeFiles/obj.clangStaticAnalyzerCheckers.dir/MacOSXAPIChecker.cpp.o
2026-07-30T15:31:18.5996587Z [718/1174] Building CXX object tools/clang/lib/StaticAnalyzer/Checkers/CMakeFiles/obj.clangStaticAnalyzerCheckers.dir/LocalizationChecker.cpp.o
2026-07-30T15:31:18.7816153Z [719/1174] Building CXX object tools/clang/lib/StaticAnalyzer/Checkers/CMakeFiles/obj.clangStaticAnalyzerCheckers.dir/MacOSKeychainAPIChecker.cpp.o
2026-07-30T15:31:22.7926330Z [720/1174] Building CXX object tools/clang/lib/StaticAnalyzer/Checkers/CMakeFiles/obj.clangStaticAnalyzerCheckers.dir/MallocSizeofChecker.cpp.o
2026-07-30T15:31:25.9401906Z [721/1174] Building CXX object tools/clang/lib/StaticAnalyzer/Checkers/CMakeFiles/obj.clangStaticAnalyzerCheckers.dir/MallocOverflowSecurityChecker.cpp.o
2026-07-30T15:31:28.6275253Z [722/1174] Building CXX object tools/clang/lib/StaticAnalyzer/Checkers/CMakeFiles/obj.clangStaticAnalyzerCheckers.dir/MallocChecker.cpp.o
2026-07-30T15:31:36.6516483Z [723/1174] Building CXX object tools/clang/lib/StaticAnalyzer/Checkers/CMakeFiles/obj.clangStaticAnalyzerCheckers.dir/MmapWriteExecChecker.cpp.o
2026-07-30T15:31:36.9976644Z [724/1174] Building CXX object tools/clang/lib/StaticAnalyzer/Checkers/CMakeFiles/obj.clangStaticAnalyzerCheckers.dir/MIGChecker.cpp.o
2026-07-30T15:31:37.8966010Z [725/1174] Building CXX object tools/clang/lib/StaticAnalyzer/Checkers/CMakeFiles/obj.clangStaticAnalyzerCheckers.dir/MismatchedIteratorChecker.cpp.o
2026-07-30T15:31:38.8847877Z [726/1174] Building CXX object tools/clang/lib/StaticAnalyzer/Checkers/CMakeFiles/obj.clangStaticAnalyzerCheckers.dir/MoveChecker.cpp.o
2026-07-30T15:31:42.1716084Z [727/1174] Building CXX object tools/clang/lib/StaticAnalyzer/Checkers/CMakeFiles/obj.clangStaticAnalyzerCheckers.dir/MPI-Checker/MPIBugReporter.cpp.o
2026-07-30T15:31:46.8316462Z [728/1174] Building CXX object tools/clang/lib/StaticAnalyzer/Checkers/CMakeFiles/obj.clangStaticAnalyzerCheckers.dir/MPI-Checker/MPIChecker.cpp.o
2026-07-30T15:31:52.1046300Z [729/1174] Building CXX object tools/clang/lib/StaticAnalyzer/Checkers/CMakeFiles/obj.clangStaticAnalyzerCheckers.dir/NSAutoreleasePoolChecker.cpp.o
2026-07-30T15:31:53.5806239Z [730/1174] Building CXX object tools/clang/lib/StaticAnalyzer/Checkers/CMakeFiles/obj.clangStaticAnalyzerCheckers.dir/MPI-Checker/MPIFunctionClassifier.cpp.o
2026-07-30T15:31:55.6600025Z [731/1174] Building CXX object tools/clang/lib/StaticAnalyzer/Checkers/CMakeFiles/obj.clangStaticAnalyzerCheckers.dir/NonNullParamChecker.cpp.o
2026-07-30T15:31:56.4955962Z [732/1174] Building CXX object tools/clang/lib/StaticAnalyzer/Checkers/CMakeFiles/obj.clangStaticAnalyzerCheckers.dir/NSErrorChecker.cpp.o
2026-07-30T15:31:57.1090855Z [733/1174] Building CXX object tools/clang/lib/StaticAnalyzer/Checkers/CMakeFiles/obj.clangStaticAnalyzerCheckers.dir/NoReturnFunctionChecker.cpp.o
2026-07-30T15:32:04.4496926Z [734/1174] Building CXX object tools/clang/lib/StaticAnalyzer/Checkers/CMakeFiles/obj.clangStaticAnalyzerCheckers.dir/NonnullGlobalConstantsChecker.cpp.o
2026-07-30T15:32:05.4306005Z [735/1174] Building CXX object tools/clang/lib/StaticAnalyzer/Checkers/CMakeFiles/obj.clangStaticAnalyzerCheckers.dir/NoOwnershipChangeVisitor.cpp.o
2026-07-30T15:32:12.8154605Z [736/1174] Building CXX object tools/clang/lib/StaticAnalyzer/Checkers/CMakeFiles/obj.clangStaticAnalyzerCheckers.dir/ObjCAtSyncChecker.cpp.o
2026-07-30T15:32:14.3876991Z [737/1174] Building CXX object tools/clang/lib/StaticAnalyzer/Checkers/CMakeFiles/obj.clangStaticAnalyzerCheckers.dir/NullabilityChecker.cpp.o
2026-07-30T15:32:21.2961791Z [738/1174] Building CXX object tools/clang/lib/StaticAnalyzer/Checkers/CMakeFiles/obj.clangStaticAnalyzerCheckers.dir/ObjCAutoreleaseWriteChecker.cpp.o
2026-07-30T15:32:22.3076178Z [739/1174] Building CXX object tools/clang/lib/StaticAnalyzer/Checkers/CMakeFiles/obj.clangStaticAnalyzerCheckers.dir/NumberObjectConversionChecker.cpp.o
2026-07-30T15:32:23.6755997Z [740/1174] Building CXX object tools/clang/lib/StaticAnalyzer/Checkers/CMakeFiles/obj.clangStaticAnalyzerCheckers.dir/ObjCContainersASTChecker.cpp.o
2026-07-30T15:32:24.8476413Z [741/1174] Building CXX object tools/clang/lib/StaticAnalyzer/Checkers/CMakeFiles/obj.clangStaticAnalyzerCheckers.dir/ObjCPropertyChecker.cpp.o
2026-07-30T15:32:28.8796066Z [742/1174] Building CXX object tools/clang/lib/StaticAnalyzer/Checkers/CMakeFiles/obj.clangStaticAnalyzerCheckers.dir/ObjCContainersChecker.cpp.o
2026-07-30T15:32:34.9851906Z [743/1174] Building CXX object tools/clang/lib/StaticAnalyzer/Checkers/CMakeFiles/obj.clangStaticAnalyzerCheckers.dir/ObjCMissingSuperCallChecker.cpp.o
2026-07-30T15:32:40.4319852Z [744/1174] Building CXX object tools/clang/lib/StaticAnalyzer/Checkers/CMakeFiles/obj.clangStaticAnalyzerCheckers.dir/ObjCSelfInitChecker.cpp.o
2026-07-30T15:32:42.0906846Z [745/1174] Building CXX object tools/clang/lib/StaticAnalyzer/Checkers/CMakeFiles/obj.clangStaticAnalyzerCheckers.dir/ObjCSuperDeallocChecker.cpp.o
2026-07-30T15:32:42.4068288Z [746/1174] Building CXX object tools/clang/lib/StaticAnalyzer/Checkers/CMakeFiles/obj.clangStaticAnalyzerCheckers.dir/ObjCUnusedIVarsChecker.cpp.o
2026-07-30T15:32:42.8666198Z [747/1174] Building CXX object tools/clang/lib/StaticAnalyzer/Checkers/CMakeFiles/obj.clangStaticAnalyzerCheckers.dir/OSObjectCStyleCast.cpp.o
2026-07-30T15:32:54.0396643Z [748/1174] Building CXX object tools/clang/lib/StaticAnalyzer/Checkers/CMakeFiles/obj.clangStaticAnalyzerCheckers.dir/PointerArithChecker.cpp.o
2026-07-30T15:32:56.2023756Z [749/1174] Building CXX object tools/clang/lib/StaticAnalyzer/Checkers/CMakeFiles/obj.clangStaticAnalyzerCheckers.dir/PointerSubChecker.cpp.o
2026-07-30T15:32:58.5986010Z [750/1174] Building CXX object tools/clang/lib/StaticAnalyzer/Checkers/CMakeFiles/obj.clangStaticAnalyzerCheckers.dir/PthreadLockChecker.cpp.o
2026-07-30T15:32:58.7631084Z [751/1174] Building CXX object tools/clang/lib/StaticAnalyzer/Checkers/CMakeFiles/obj.clangStaticAnalyzerCheckers.dir/PaddingChecker.cpp.o
2026-07-30T15:33:04.3406066Z [752/1174] Building CXX object tools/clang/lib/StaticAnalyzer/Checkers/CMakeFiles/obj.clangStaticAnalyzerCheckers.dir/PointerIterationChecker.cpp.o
2026-07-30T15:33:04.5136194Z [753/1174] Building CXX object tools/clang/lib/StaticAnalyzer/Checkers/CMakeFiles/obj.clangStaticAnalyzerCheckers.dir/PointerSortingChecker.cpp.o
2026-07-30T15:33:11.4369332Z [754/1174] Building CXX object tools/clang/lib/StaticAnalyzer/Checkers/CMakeFiles/obj.clangStaticAnalyzerCheckers.dir/PutenvStackArrayChecker.cpp.o
2026-07-30T15:33:15.2046511Z [755/1174] Building CXX object tools/clang/lib/StaticAnalyzer/Checkers/CMakeFiles/obj.clangStaticAnalyzerCheckers.dir/ReturnPointerRangeChecker.cpp.o
2026-07-30T15:33:17.1516363Z [756/1174] Building CXX object tools/clang/lib/StaticAnalyzer/Checkers/CMakeFiles/obj.clangStaticAnalyzerCheckers.dir/RetainCountChecker/RetainCountChecker.cpp.o
2026-07-30T15:33:17.7213544Z [757/1174] Building CXX object tools/clang/lib/StaticAnalyzer/Checkers/CMakeFiles/obj.clangStaticAnalyzerCheckers.dir/RetainCountChecker/RetainCountDiagnostics.cpp.o
2026-07-30T15:33:20.5556052Z [758/1174] Building CXX object tools/clang/lib/StaticAnalyzer/Checkers/CMakeFiles/obj.clangStaticAnalyzerCheckers.dir/ReturnValueChecker.cpp.o
2026-07-30T15:33:21.5835472Z [759/1174] Building CXX object tools/clang/lib/StaticAnalyzer/Checkers/CMakeFiles/obj.clangStaticAnalyzerCheckers.dir/ReturnUndefChecker.cpp.o
2026-07-30T15:33:30.8775849Z [760/1174] Building CXX object tools/clang/lib/StaticAnalyzer/Checkers/CMakeFiles/obj.clangStaticAnalyzerCheckers.dir/RunLoopAutoreleaseLeakChecker.cpp.o
2026-07-30T15:33:32.3496936Z [761/1174] Building CXX object tools/clang/lib/StaticAnalyzer/Checkers/CMakeFiles/obj.clangStaticAnalyzerCheckers.dir/SetgidSetuidOrderChecker.cpp.o
2026-07-30T15:33:34.9535957Z [762/1174] Building CXX object tools/clang/lib/StaticAnalyzer/Checkers/CMakeFiles/obj.clangStaticAnalyzerCheckers.dir/SmartPtrChecker.cpp.o
2026-07-30T15:33:36.5646320Z [763/1174] Building CXX object tools/clang/lib/StaticAnalyzer/Checkers/CMakeFiles/obj.clangStaticAnalyzerCheckers.dir/SimpleStreamChecker.cpp.o
2026-07-30T15:33:40.0726275Z [764/1174] Building CXX object tools/clang/lib/StaticAnalyzer/Checkers/CMakeFiles/obj.clangStaticAnalyzerCheckers.dir/StackAddrEscapeChecker.cpp.o
2026-07-30T15:33:40.3938913Z [765/1174] Building CXX object tools/clang/lib/StaticAnalyzer/Checkers/CMakeFiles/obj.clangStaticAnalyzerCheckers.dir/SmartPtrModeling.cpp.o
2026-07-30T15:33:49.6902517Z [766/1174] Building CXX object tools/clang/lib/StaticAnalyzer/Checkers/CMakeFiles/obj.clangStaticAnalyzerCheckers.dir/StdVariantChecker.cpp.o
2026-07-30T15:33:51.6903377Z [767/1174] Building CXX object tools/clang/lib/StaticAnalyzer/Checkers/CMakeFiles/obj.clangStaticAnalyzerCheckers.dir/STLAlgorithmModeling.cpp.o
2026-07-30T15:33:55.9506723Z [768/1174] Building CXX object tools/clang/lib/StaticAnalyzer/Checkers/CMakeFiles/obj.clangStaticAnalyzerCheckers.dir/Taint.cpp.o
2026-07-30T15:33:57.8486377Z [769/1174] Building CXX object tools/clang/lib/StaticAnalyzer/Checkers/CMakeFiles/obj.clangStaticAnalyzerCheckers.dir/StringChecker.cpp.o
2026-07-30T15:34:04.6035977Z [770/1174] Building CXX object tools/clang/lib/StaticAnalyzer/Checkers/CMakeFiles/obj.clangStaticAnalyzerCheckers.dir/StreamChecker.cpp.o
2026-07-30T15:34:05.6906226Z [771/1174] Building CXX object tools/clang/lib/StaticAnalyzer/Checkers/CMakeFiles/obj.clangStaticAnalyzerCheckers.dir/StdLibraryFunctionsChecker.cpp.o
2026-07-30T15:34:06.0646013Z [772/1174] Building CXX object tools/clang/lib/StaticAnalyzer/Checkers/CMakeFiles/obj.clangStaticAnalyzerCheckers.dir/TaintTesterChecker.cpp.o
2026-07-30T15:34:09.3243289Z [773/1174] Building CXX object tools/clang/lib/StaticAnalyzer/Checkers/CMakeFiles/obj.clangStaticAnalyzerCheckers.dir/TestAfterDivZeroChecker.cpp.o
2026-07-30T15:34:12.4386409Z [774/1174] Building CXX object tools/clang/lib/StaticAnalyzer/Checkers/CMakeFiles/obj.clangStaticAnalyzerCheckers.dir/TraversalChecker.cpp.o
2026-07-30T15:34:13.3472820Z [775/1174] Building CXX object tools/clang/lib/StaticAnalyzer/Checkers/CMakeFiles/obj.clangStaticAnalyzerCheckers.dir/TrustNonnullChecker.cpp.o
2026-07-30T15:34:22.3618538Z [776/1174] Building CXX object tools/clang/lib/StaticAnalyzer/Checkers/CMakeFiles/obj.clangStaticAnalyzerCheckers.dir/UndefCapturedBlockVarChecker.cpp.o
2026-07-30T15:34:23.3028136Z [777/1174] Building CXX object tools/clang/lib/StaticAnalyzer/Checkers/CMakeFiles/obj.clangStaticAnalyzerCheckers.dir/TrustReturnsNonnullChecker.cpp.o
2026-07-30T15:34:24.0497301Z [778/1174] Building CXX object tools/clang/lib/StaticAnalyzer/Checkers/CMakeFiles/obj.clangStaticAnalyzerCheckers.dir/UndefBranchChecker.cpp.o
2026-07-30T15:34:24.2015796Z [779/1174] Building CXX object tools/clang/lib/StaticAnalyzer/Checkers/CMakeFiles/obj.clangStaticAnalyzerCheckers.dir/UndefResultChecker.cpp.o
2026-07-30T15:34:29.6806314Z [780/1174] Building CXX object tools/clang/lib/StaticAnalyzer/Checkers/CMakeFiles/obj.clangStaticAnalyzerCheckers.dir/UndefinedArraySubscriptChecker.cpp.o
2026-07-30T15:34:30.8124855Z [781/1174] Building CXX object tools/clang/lib/StaticAnalyzer/Checkers/CMakeFiles/obj.clangStaticAnalyzerCheckers.dir/UndefinedAssignmentChecker.cpp.o
2026-07-30T15:34:36.9186305Z [782/1174] Building CXX object tools/clang/lib/StaticAnalyzer/Checkers/CMakeFiles/obj.clangStaticAnalyzerCheckers.dir/UndefinedNewArraySizeChecker.cpp.o
2026-07-30T15:34:39.4557069Z [783/1174] Building CXX object tools/clang/lib/StaticAnalyzer/Checkers/CMakeFiles/obj.clangStaticAnalyzerCheckers.dir/UninitializedObject/UninitializedPointee.cpp.o
2026-07-30T15:34:40.9406374Z [784/1174] Building CXX object tools/clang/lib/StaticAnalyzer/Checkers/CMakeFiles/obj.clangStaticAnalyzerCheckers.dir/UnixAPIChecker.cpp.o
2026-07-30T15:34:45.2461247Z [785/1174] Building CXX object tools/clang/lib/StaticAnalyzer/Checkers/CMakeFiles/obj.clangStaticAnalyzerCheckers.dir/UnreachableCodeChecker.cpp.o
2026-07-30T15:34:47.9430753Z [786/1174] Building CXX object tools/clang/lib/StaticAnalyzer/Checkers/CMakeFiles/obj.clangStaticAnalyzerCheckers.dir/UninitializedObject/UninitializedObjectChecker.cpp.o
2026-07-30T15:34:47.9943232Z [787/1174] Building CXX object tools/clang/lib/StaticAnalyzer/Checkers/CMakeFiles/obj.clangStaticAnalyzerCheckers.dir/VforkChecker.cpp.o
2026-07-30T15:34:54.7406191Z [788/1174] Building CXX object tools/clang/lib/StaticAnalyzer/Checkers/CMakeFiles/obj.clangStaticAnalyzerCheckers.dir/VLASizeChecker.cpp.o
2026-07-30T15:34:55.0303449Z [789/1174] Building CXX object tools/clang/lib/StaticAnalyzer/Checkers/CMakeFiles/obj.clangStaticAnalyzerCheckers.dir/WebKit/ASTUtils.cpp.o
2026-07-30T15:34:58.4346873Z [790/1174] Building CXX object tools/clang/lib/StaticAnalyzer/Checkers/CMakeFiles/obj.clangStaticAnalyzerCheckers.dir/ValistChecker.cpp.o
2026-07-30T15:34:59.3556468Z [791/1174] Building CXX object tools/clang/lib/StaticAnalyzer/Checkers/CMakeFiles/obj.clangStaticAnalyzerCheckers.dir/WebKit/PtrTypesSemantics.cpp.o
2026-07-30T15:34:59.5086674Z [792/1174] Building CXX object tools/clang/lib/StaticAnalyzer/Checkers/CMakeFiles/obj.clangStaticAnalyzerCheckers.dir/VirtualCallChecker.cpp.o
2026-07-30T15:34:59.8666061Z [793/1174] Linking CXX static library lib/libLLVMFrontendDriver.a
2026-07-30T15:35:00.2746490Z [794/1174] Linking CXX static library lib/libclangIndex.a
2026-07-30T15:35:00.6645466Z [795/1174] Linking CXX static library lib/libLLVMCoverage.a
2026-07-30T15:35:01.0776000Z [796/1174] Linking CXX static library lib/libclangCrossTU.a
2026-07-30T15:35:01.4995521Z [797/1174] Linking CXX static library lib/libclangStaticAnalyzerCore.a
2026-07-30T15:35:14.4466504Z [798/1174] Building CXX object tools/clang/lib/StaticAnalyzer/Checkers/CMakeFiles/obj.clangStaticAnalyzerCheckers.dir/WebKit/NoUncountedMembersChecker.cpp.o
2026-07-30T15:35:23.9262433Z [799/1174] Building CXX object tools/clang/lib/CodeGen/CMakeFiles/obj.clangCodeGen.dir/ABIInfo.cpp.o
2026-07-30T15:35:23.9457586Z [800/1174] Building CXX object tools/clang/lib/StaticAnalyzer/Checkers/CMakeFiles/obj.clangStaticAnalyzerCheckers.dir/WebKit/RefCntblBaseVirtualDtorChecker.cpp.o
2026-07-30T15:35:24.0096093Z [801/1174] Building CXX object tools/clang/lib/StaticAnalyzer/Checkers/CMakeFiles/obj.clangStaticAnalyzerCheckers.dir/WebKit/UncountedCallArgsChecker.cpp.o
2026-07-30T15:35:28.8476466Z [802/1174] Building CXX object tools/clang/lib/StaticAnalyzer/Checkers/CMakeFiles/obj.clangStaticAnalyzerCheckers.dir/WebKit/UncountedLambdaCapturesChecker.cpp.o
2026-07-30T15:35:30.6582230Z [803/1174] Building CXX object tools/clang/lib/StaticAnalyzer/Checkers/CMakeFiles/obj.clangStaticAnalyzerCheckers.dir/WebKit/UncountedLocalVarsChecker.cpp.o
2026-07-30T15:35:37.6496146Z [804/1174] Building CXX object tools/clang/lib/CodeGen/CMakeFiles/obj.clangCodeGen.dir/ABIInfoImpl.cpp.o
2026-07-30T15:35:48.4145630Z [805/1174] Building CXX object tools/clang/lib/CodeGen/CMakeFiles/obj.clangCodeGen.dir/CGAtomic.cpp.o
2026-07-30T15:35:52.2415790Z [806/1174] Building CXX object tools/clang/lib/CodeGen/CMakeFiles/obj.clangCodeGen.dir/CGBlocks.cpp.o
2026-07-30T15:35:53.1509539Z [807/1174] Building CXX object tools/clang/lib/CodeGen/CMakeFiles/obj.clangCodeGen.dir/CGCUDANV.cpp.o
2026-07-30T15:35:57.5615795Z [808/1174] Building CXX object tools/clang/lib/CodeGen/CMakeFiles/obj.clangCodeGen.dir/CGCUDARuntime.cpp.o
2026-07-30T15:36:03.4478986Z [809/1174] Building CXX object tools/clang/lib/CodeGen/CMakeFiles/obj.clangCodeGen.dir/BackendUtil.cpp.o
2026-07-30T15:36:07.8516449Z [810/1174] Building CXX object tools/clang/lib/CodeGen/CMakeFiles/obj.clangCodeGen.dir/CGCXX.cpp.o
2026-07-30T15:36:10.5145657Z [811/1174] Building CXX object tools/clang/lib/CodeGen/CMakeFiles/obj.clangCodeGen.dir/CGCXXABI.cpp.o
2026-07-30T15:36:22.9495953Z [812/1174] Building CXX object tools/clang/lib/CodeGen/CMakeFiles/obj.clangCodeGen.dir/CGClass.cpp.o
2026-07-30T15:36:26.6585686Z [813/1174] Building CXX object tools/clang/lib/CodeGen/CMakeFiles/obj.clangCodeGen.dir/CGCleanup.cpp.o
2026-07-30T15:36:30.6015977Z [814/1174] Building CXX object tools/clang/lib/CodeGen/CMakeFiles/obj.clangCodeGen.dir/CGCoroutine.cpp.o
2026-07-30T15:36:31.1749929Z [815/1174] Building CXX object tools/clang/lib/CodeGen/CMakeFiles/obj.clangCodeGen.dir/CGCall.cpp.o
2026-07-30T15:36:47.0156473Z [816/1174] Building CXX object tools/clang/lib/CodeGen/CMakeFiles/obj.clangCodeGen.dir/CGBuiltin.cpp.o
2026-07-30T15:36:51.3495684Z [817/1174] Building CXX object tools/clang/lib/CodeGen/CMakeFiles/obj.clangCodeGen.dir/CGDeclCXX.cpp.o
2026-07-30T15:36:54.8796085Z [818/1174] Building CXX object tools/clang/lib/CodeGen/CMakeFiles/obj.clangCodeGen.dir/CGDecl.cpp.o
2026-07-30T15:36:55.5505892Z [819/1174] Building CXX object tools/clang/lib/CodeGen/CMakeFiles/obj.clangCodeGen.dir/CGException.cpp.o
2026-07-30T15:36:59.4105704Z [820/1174] Building CXX object tools/clang/lib/CodeGen/CMakeFiles/obj.clangCodeGen.dir/CGExpr.cpp.o
2026-07-30T15:37:04.5034068Z [821/1174] Building CXX object tools/clang/lib/CodeGen/CMakeFiles/obj.clangCodeGen.dir/CGDebugInfo.cpp.o
2026-07-30T15:37:11.1614111Z [822/1174] Building CXX object tools/clang/lib/CodeGen/CMakeFiles/obj.clangCodeGen.dir/CGExprAgg.cpp.o
2026-07-30T15:37:16.7696377Z [823/1174] Building CXX object tools/clang/lib/CodeGen/CMakeFiles/obj.clangCodeGen.dir/CGExprComplex.cpp.o
2026-07-30T15:37:17.4128316Z [824/1174] Building CXX object tools/clang/lib/CodeGen/CMakeFiles/obj.clangCodeGen.dir/CGExprCXX.cpp.o
2026-07-30T15:37:22.4335911Z [825/1174] Building CXX object tools/clang/lib/CodeGen/CMakeFiles/obj.clangCodeGen.dir/CGGPUBuiltin.cpp.o
2026-07-30T15:37:25.5916408Z [826/1174] Building CXX object tools/clang/lib/CodeGen/CMakeFiles/obj.clangCodeGen.dir/CGLoopInfo.cpp.o
2026-07-30T15:37:25.8068862Z [827/1174] Building CXX object tools/clang/lib/CodeGen/CMakeFiles/obj.clangCodeGen.dir/CGExprConstant.cpp.o
2026-07-30T15:37:26.2175870Z [828/1174] Building CXX object tools/clang/lib/CodeGen/CMakeFiles/obj.clangCodeGen.dir/CGExprScalar.cpp.o
2026-07-30T15:37:31.8495670Z [829/1174] Building CXX object tools/clang/lib/CodeGen/CMakeFiles/obj.clangCodeGen.dir/CGHLSLRuntime.cpp.o
2026-07-30T15:37:39.8159301Z [830/1174] Building CXX object tools/clang/lib/CodeGen/CMakeFiles/obj.clangCodeGen.dir/CGNonTrivialStruct.cpp.o
2026-07-30T15:37:48.1205729Z [831/1174] Building CXX object tools/clang/lib/CodeGen/CMakeFiles/obj.clangCodeGen.dir/CGObjCRuntime.cpp.o
2026-07-30T15:37:52.1123624Z [832/1174] Building CXX object tools/clang/lib/CodeGen/CMakeFiles/obj.clangCodeGen.dir/CGObjC.cpp.o
2026-07-30T15:37:52.4965769Z [833/1174] Building CXX object tools/clang/lib/CodeGen/CMakeFiles/obj.clangCodeGen.dir/CGOpenCLRuntime.cpp.o
2026-07-30T15:37:54.9635887Z [834/1174] Building CXX object tools/clang/lib/CodeGen/CMakeFiles/obj.clangCodeGen.dir/CGObjCMac.cpp.o
2026-07-30T15:37:55.6645726Z [835/1174] Building CXX object tools/clang/lib/CodeGen/CMakeFiles/obj.clangCodeGen.dir/CGObjCGNU.cpp.o
2026-07-30T15:38:13.4755814Z [836/1174] Building CXX object tools/clang/lib/CodeGen/CMakeFiles/obj.clangCodeGen.dir/CGPointerAuth.cpp.o
2026-07-30T15:38:15.2938533Z [837/1174] Building CXX object tools/clang/lib/CodeGen/CMakeFiles/obj.clangCodeGen.dir/CGOpenMPRuntimeGPU.cpp.o
2026-07-30T15:38:19.0797943Z [838/1174] Building CXX object tools/clang/lib/CodeGen/CMakeFiles/obj.clangCodeGen.dir/CGRecordLayoutBuilder.cpp.o
2026-07-30T15:38:23.7857267Z [839/1174] Building CXX object tools/clang/lib/CodeGen/CMakeFiles/obj.clangCodeGen.dir/CGStmt.cpp.o
2026-07-30T15:38:25.5415389Z [840/1174] Building CXX object tools/clang/lib/CodeGen/CMakeFiles/obj.clangCodeGen.dir/CGOpenMPRuntime.cpp.o
2026-07-30T15:38:34.9886636Z [841/1174] Building CXX object tools/clang/lib/CodeGen/CMakeFiles/obj.clangCodeGen.dir/CGVTT.cpp.o
2026-07-30T15:38:37.6747047Z [842/1174] Building CXX object tools/clang/lib/CodeGen/CMakeFiles/obj.clangCodeGen.dir/CGStmtOpenMP.cpp.o
2026-07-30T15:38:37.9246127Z [843/1174] Building CXX object tools/clang/lib/CodeGen/CMakeFiles/obj.clangCodeGen.dir/CodeGenABITypes.cpp.o
2026-07-30T15:38:39.9496029Z [844/1174] Building CXX object tools/clang/lib/CodeGen/CMakeFiles/obj.clangCodeGen.dir/CGVTables.cpp.o
2026-07-30T15:38:56.2445670Z [845/1174] Building CXX object tools/clang/lib/CodeGen/CMakeFiles/obj.clangCodeGen.dir/CodeGenTBAA.cpp.o
2026-07-30T15:38:57.7705981Z [846/1174] Building CXX object tools/clang/lib/CodeGen/CMakeFiles/obj.clangCodeGen.dir/CodeGenFunction.cpp.o
2026-07-30T15:38:59.5616544Z [847/1174] Building CXX object tools/clang/lib/CodeGen/CMakeFiles/obj.clangCodeGen.dir/CodeGenAction.cpp.o
2026-07-30T15:39:01.1779067Z [848/1174] Building CXX object tools/clang/lib/CodeGen/CMakeFiles/obj.clangCodeGen.dir/CodeGenTypes.cpp.o
2026-07-30T15:39:12.5825863Z [849/1174] Building CXX object tools/clang/lib/CodeGen/CMakeFiles/obj.clangCodeGen.dir/ConstantInitBuilder.cpp.o
2026-07-30T15:39:16.1505859Z [850/1174] Building CXX object tools/clang/lib/CodeGen/CMakeFiles/obj.clangCodeGen.dir/LinkInModulesPass.cpp.o
2026-07-30T15:39:18.5325888Z [851/1174] Building CXX object tools/clang/lib/CodeGen/CMakeFiles/obj.clangCodeGen.dir/CodeGenPGO.cpp.o
2026-07-30T15:39:25.2265691Z [852/1174] Building CXX object tools/clang/lib/CodeGen/CMakeFiles/obj.clangCodeGen.dir/ItaniumCXXABI.cpp.o
2026-07-30T15:39:25.6336780Z [853/1174] Building CXX object tools/clang/lib/CodeGen/CMakeFiles/obj.clangCodeGen.dir/MacroPPCallbacks.cpp.o
2026-07-30T15:39:29.2856012Z [854/1174] Building CXX object tools/clang/lib/CodeGen/CMakeFiles/obj.clangCodeGen.dir/CoverageMappingGen.cpp.o
2026-07-30T15:39:36.2326007Z [855/1174] Building CXX object tools/clang/lib/CodeGen/CMakeFiles/obj.clangCodeGen.dir/ModuleBuilder.cpp.o
2026-07-30T15:39:37.8005683Z [856/1174] Building CXX object tools/clang/lib/CodeGen/CMakeFiles/obj.clangCodeGen.dir/CodeGenModule.cpp.o
2026-07-30T15:39:38.7895718Z [857/1174] Building CXX object tools/clang/lib/CodeGen/CMakeFiles/obj.clangCodeGen.dir/PatternInit.cpp.o
2026-07-30T15:39:43.2606899Z [858/1174] Building CXX object tools/clang/lib/CodeGen/CMakeFiles/obj.clangCodeGen.dir/MicrosoftCXXABI.cpp.o
2026-07-30T15:39:45.4655733Z [859/1174] Building CXX object tools/clang/lib/CodeGen/CMakeFiles/obj.clangCodeGen.dir/SanitizerMetadata.cpp.o
2026-07-30T15:39:50.2245421Z [860/1174] Building CXX object tools/clang/lib/CodeGen/CMakeFiles/obj.clangCodeGen.dir/SwiftCallingConv.cpp.o
2026-07-30T15:39:57.5835657Z [861/1174] Building CXX object tools/clang/lib/CodeGen/CMakeFiles/obj.clangCodeGen.dir/TargetInfo.cpp.o
2026-07-30T15:40:02.0264932Z [862/1174] Building CXX object tools/clang/lib/CodeGen/CMakeFiles/obj.clangCodeGen.dir/Targets/AMDGPU.cpp.o
2026-07-30T15:40:03.6106091Z [863/1174] Building CXX object tools/clang/lib/CodeGen/CMakeFiles/obj.clangCodeGen.dir/Targets/AArch64.cpp.o
2026-07-30T15:40:09.0842241Z [864/1174] Building CXX object tools/clang/lib/CodeGen/CMakeFiles/obj.clangCodeGen.dir/ObjectFilePCHContainerOperations.cpp.o
2026-07-30T15:40:10.3548835Z [865/1174] Building CXX object tools/clang/lib/CodeGen/CMakeFiles/obj.clangCodeGen.dir/Targets/ARC.cpp.o
2026-07-30T15:40:15.3056144Z [866/1174] Building CXX object tools/clang/lib/CodeGen/CMakeFiles/obj.clangCodeGen.dir/Targets/ARM.cpp.o
2026-07-30T15:40:17.8946007Z [867/1174] Building CXX object tools/clang/lib/CodeGen/CMakeFiles/obj.clangCodeGen.dir/Targets/AVR.cpp.o
2026-07-30T15:40:21.3896451Z [868/1174] Building CXX object tools/clang/lib/CodeGen/CMakeFiles/obj.clangCodeGen.dir/Targets/CSKY.cpp.o
2026-07-30T15:40:24.4615925Z [869/1174] Building CXX object tools/clang/lib/CodeGen/CMakeFiles/obj.clangCodeGen.dir/Targets/BPF.cpp.o
2026-07-30T15:40:32.0046234Z [870/1174] Building CXX object tools/clang/lib/CodeGen/CMakeFiles/obj.clangCodeGen.dir/Targets/Hexagon.cpp.o
2026-07-30T15:40:34.8807457Z [871/1174] Building CXX object tools/clang/lib/CodeGen/CMakeFiles/obj.clangCodeGen.dir/Targets/Lanai.cpp.o
2026-07-30T15:40:37.6235118Z [872/1174] Building CXX object tools/clang/lib/CodeGen/CMakeFiles/obj.clangCodeGen.dir/Targets/MSP430.cpp.o
2026-07-30T15:40:37.9405709Z [873/1174] Building CXX object tools/clang/lib/CodeGen/CMakeFiles/obj.clangCodeGen.dir/Targets/M68k.cpp.o
2026-07-30T15:40:41.1306241Z [874/1174] Building CXX object tools/clang/lib/CodeGen/CMakeFiles/obj.clangCodeGen.dir/Targets/LoongArch.cpp.o
2026-07-30T15:40:52.5955706Z [875/1174] Building CXX object tools/clang/lib/CodeGen/CMakeFiles/obj.clangCodeGen.dir/Targets/Mips.cpp.o
2026-07-30T15:40:55.2646088Z [876/1174] Building CXX object tools/clang/lib/CodeGen/CMakeFiles/obj.clangCodeGen.dir/Targets/PNaCl.cpp.o
2026-07-30T15:40:56.7005697Z [877/1174] Building CXX object tools/clang/lib/CodeGen/CMakeFiles/obj.clangCodeGen.dir/Targets/PPC.cpp.o
2026-07-30T15:40:57.3615726Z [878/1174] Building CXX object tools/clang/lib/CodeGen/CMakeFiles/obj.clangCodeGen.dir/Targets/NVPTX.cpp.o
2026-07-30T15:40:58.5736001Z [879/1174] Building CXX object tools/clang/lib/CodeGen/CMakeFiles/obj.clangCodeGen.dir/Targets/SPIR.cpp.o
2026-07-30T15:41:02.0745747Z [880/1174] Building CXX object tools/clang/lib/CodeGen/CMakeFiles/obj.clangCodeGen.dir/Targets/RISCV.cpp.o
2026-07-30T15:41:15.9026001Z [881/1174] Building CXX object tools/clang/lib/CodeGen/CMakeFiles/obj.clangCodeGen.dir/Targets/Sparc.cpp.o
2026-07-30T15:41:16.5249828Z [882/1174] Building CXX object tools/clang/lib/CodeGen/CMakeFiles/obj.clangCodeGen.dir/Targets/TCE.cpp.o
2026-07-30T15:41:18.0496357Z [883/1174] Building CXX object tools/clang/lib/CodeGen/CMakeFiles/obj.clangCodeGen.dir/Targets/SystemZ.cpp.o
2026-07-30T15:41:18.5760830Z [884/1174] Building CXX object tools/clang/lib/CodeGen/CMakeFiles/obj.clangCodeGen.dir/Targets/VE.cpp.o
2026-07-30T15:41:20.8968325Z [885/1174] Building CXX object tools/clang/lib/CodeGen/CMakeFiles/obj.clangCodeGen.dir/Targets/WebAssembly.cpp.o
2026-07-30T15:41:24.4705809Z [886/1174] Building CXX object tools/clang/lib/ExtractAPI/CMakeFiles/obj.clangExtractAPI.dir/APIIgnoresList.cpp.o
2026-07-30T15:41:24.9605918Z [887/1174] Building CXX object tools/clang/lib/CodeGen/CMakeFiles/obj.clangCodeGen.dir/VarBypassDetector.cpp.o
2026-07-30T15:41:27.0283512Z [888/1174] Building CXX object tools/clang/lib/ExtractAPI/CMakeFiles/obj.clangExtractAPI.dir/API.cpp.o
2026-07-30T15:41:29.3766812Z [889/1174] Building CXX object tools/clang/lib/CodeGen/CMakeFiles/obj.clangCodeGen.dir/Targets/X86.cpp.o
2026-07-30T15:41:34.4875899Z [890/1174] Building CXX object tools/clang/lib/CodeGen/CMakeFiles/obj.clangCodeGen.dir/Targets/XCore.cpp.o
2026-07-30T15:41:36.3132748Z [891/1174] Building CXX object tools/clang/lib/ExtractAPI/CMakeFiles/obj.clangExtractAPI.dir/TypedefUnderlyingTypeResolver.cpp.o
2026-07-30T15:41:36.6815849Z [892/1174] Building CXX object tools/clang/lib/ExtractAPI/CMakeFiles/obj.clangExtractAPI.dir/DeclarationFragments.cpp.o
2026-07-30T15:41:41.0186452Z [893/1174] Building CXX object tools/clang/lib/ExtractAPI/CMakeFiles/obj.clangExtractAPI.dir/Serialization/SymbolGraphSerializer.cpp.o
2026-07-30T15:41:42.3235644Z [894/1174] Building CXX object tools/clang/lib/ARCMigrate/CMakeFiles/obj.clangARCMigrate.dir/FileRemapper.cpp.o
2026-07-30T15:41:47.3445068Z [895/1174] Building CXX object tools/clang/lib/ARCMigrate/CMakeFiles/obj.clangARCMigrate.dir/PlistReporter.cpp.o
2026-07-30T15:41:49.7765785Z [896/1174] Building CXX object tools/clang/lib/ARCMigrate/CMakeFiles/obj.clangARCMigrate.dir/ARCMT.cpp.o
2026-07-30T15:41:51.1636111Z [897/1174] Building CXX object tools/clang/lib/ARCMigrate/CMakeFiles/obj.clangARCMigrate.dir/ARCMTActions.cpp.o
2026-07-30T15:42:07.1585945Z [898/1174] Building CXX object tools/clang/lib/ARCMigrate/CMakeFiles/obj.clangARCMigrate.dir/TransAPIUses.cpp.o
2026-07-30T15:42:09.5812087Z [899/1174] Building CXX object tools/clang/lib/ARCMigrate/CMakeFiles/obj.clangARCMigrate.dir/TransARCAssign.cpp.o
2026-07-30T15:42:11.6552591Z [900/1174] Building CXX object tools/clang/lib/ExtractAPI/CMakeFiles/obj.clangExtractAPI.dir/ExtractAPIConsumer.cpp.o
2026-07-30T15:42:23.5909353Z [901/1174] Building CXX object tools/clang/lib/ARCMigrate/CMakeFiles/obj.clangARCMigrate.dir/ObjCMT.cpp.o
2026-07-30T15:42:27.8896035Z [902/1174] Building CXX object tools/clang/lib/ARCMigrate/CMakeFiles/obj.clangARCMigrate.dir/TransBlockObjCVariable.cpp.o
2026-07-30T15:42:31.3260284Z [903/1174] Building CXX object tools/clang/lib/ARCMigrate/CMakeFiles/obj.clangARCMigrate.dir/TransEmptyStatementsAndDealloc.cpp.o
2026-07-30T15:42:31.4375910Z [904/1174] Building CXX object tools/clang/lib/ARCMigrate/CMakeFiles/obj.clangARCMigrate.dir/TransGCCalls.cpp.o
2026-07-30T15:42:32.2116474Z [905/1174] Building CXX object tools/clang/lib/ARCMigrate/CMakeFiles/obj.clangARCMigrate.dir/TransAutoreleasePool.cpp.o
2026-07-30T15:42:35.5316046Z [906/1174] Building CXX object tools/clang/lib/ARCMigrate/CMakeFiles/obj.clangARCMigrate.dir/TransGCAttrs.cpp.o
2026-07-30T15:42:50.7830743Z [907/1174] Building CXX object tools/clang/lib/ARCMigrate/CMakeFiles/obj.clangARCMigrate.dir/TransProperties.cpp.o
2026-07-30T15:42:57.7019749Z [908/1174] Building CXX object tools/clang/lib/ARCMigrate/CMakeFiles/obj.clangARCMigrate.dir/TransRetainReleaseDealloc.cpp.o
2026-07-30T15:42:58.7104576Z [909/1174] Building CXX object tools/clang/lib/ARCMigrate/CMakeFiles/obj.clangARCMigrate.dir/TransZeroOutPropsInDealloc.cpp.o
2026-07-30T15:43:00.1070939Z [910/1174] Building CXX object tools/clang/lib/ARCMigrate/CMakeFiles/obj.clangARCMigrate.dir/TransUnusedInitDelegate.cpp.o
2026-07-30T15:43:00.2806463Z [911/1174] Building CXX object tools/clang/lib/ARCMigrate/CMakeFiles/obj.clangARCMigrate.dir/TransUnbridgedCasts.cpp.o
2026-07-30T15:43:00.5037165Z [912/1174] Building CXX object tools/clang/lib/ARCMigrate/CMakeFiles/obj.clangARCMigrate.dir/TransProtectedScope.cpp.o
2026-07-30T15:43:01.5515845Z [913/1174] Building CXX object tools/clang/lib/ARCMigrate/CMakeFiles/obj.clangARCMigrate.dir/TransformActions.cpp.o
2026-07-30T15:43:05.8435966Z [914/1174] Building CXX object tools/clang/lib/Frontend/Rewrite/CMakeFiles/obj.clangRewriteFrontend.dir/FixItRewriter.cpp.o
2026-07-30T15:43:07.7925871Z [915/1174] Building CXX object tools/clang/lib/Frontend/Rewrite/CMakeFiles/obj.clangRewriteFrontend.dir/InclusionRewriter.cpp.o
2026-07-30T15:43:08.9495938Z [916/1174] Building CXX object tools/clang/lib/Frontend/Rewrite/CMakeFiles/obj.clangRewriteFrontend.dir/HTMLPrint.cpp.o
2026-07-30T15:43:09.7965775Z [917/1174] Building CXX object tools/clang/lib/Frontend/Rewrite/CMakeFiles/obj.clangRewriteFrontend.dir/RewriteMacros.cpp.o
2026-07-30T15:43:10.1885651Z [918/1174] Linking CXX static library lib/libclangInstallAPI.a
2026-07-30T15:43:10.5575455Z [919/1174] Linking CXX static library lib/libclangStaticAnalyzerCheckers.a
2026-07-30T15:43:15.3386039Z [920/1174] Building CXX object tools/clang/lib/Frontend/Rewrite/CMakeFiles/obj.clangRewriteFrontend.dir/RewriteTest.cpp.o
2026-07-30T15:43:22.1955877Z [921/1174] Building CXX object tools/clang/lib/Frontend/Rewrite/CMakeFiles/obj.clangRewriteFrontend.dir/RewriteObjC.cpp.o
2026-07-30T15:43:23.0856027Z [922/1174] Building CXX object tools/clang/lib/Frontend/Rewrite/CMakeFiles/obj.clangRewriteFrontend.dir/FrontendActions.cpp.o
2026-07-30T15:43:29.0666305Z [923/1174] Building CXX object tools/clang/lib/StaticAnalyzer/Frontend/CMakeFiles/obj.clangStaticAnalyzerFrontend.dir/AnalyzerHelpFlags.cpp.o
2026-07-30T15:43:31.1075994Z [924/1174] Building CXX object tools/clang/lib/Frontend/Rewrite/CMakeFiles/obj.clangRewriteFrontend.dir/RewriteModernObjC.cpp.o
2026-07-30T15:43:34.2442063Z [925/1174] Building CXX object tools/clang/lib/StaticAnalyzer/Frontend/CMakeFiles/obj.clangStaticAnalyzerFrontend.dir/CreateCheckerManager.cpp.o
2026-07-30T15:43:37.1666023Z [926/1174] Building CXX object tools/clang/lib/StaticAnalyzer/Frontend/CMakeFiles/obj.clangStaticAnalyzerFrontend.dir/CheckerRegistry.cpp.o
2026-07-30T15:43:37.1745126Z [927/1174] Copying clang's builtins.h...
2026-07-30T15:43:37.1799915Z [928/1174] Copying clang's float.h...
2026-07-30T15:43:37.1905052Z [929/1174] Copying clang's inttypes.h...
2026-07-30T15:43:37.1961368Z [930/1174] Copying clang's iso646.h...
2026-07-30T15:43:37.2014901Z [931/1174] Copying clang's limits.h...
2026-07-30T15:43:37.2102282Z [932/1174] Copying clang's module.modulemap...
2026-07-30T15:43:37.2194961Z [933/1174] Copying clang's stdalign.h...
2026-07-30T15:43:37.2253888Z [934/1174] Copying clang's stdarg.h...
2026-07-30T15:43:37.2375507Z [935/1174] Copying clang's __stdarg___gnuc_va_list.h...
2026-07-30T15:43:37.2445280Z [936/1174] Copying clang's __stdarg___va_copy.h...
2026-07-30T15:43:37.2535426Z [937/1174] Copying clang's __stdarg_header_macro.h...
2026-07-30T15:43:37.2605332Z [938/1174] Copying clang's __stdarg_va_arg.h...
2026-07-30T15:43:37.2705310Z [939/1174] Copying clang's __stdarg_va_copy.h...
2026-07-30T15:43:37.2775306Z [940/1174] Copying clang's __stdarg_va_list.h...
2026-07-30T15:43:37.2865444Z [941/1174] Copying clang's stdatomic.h...
2026-07-30T15:43:37.2955378Z [942/1174] Copying clang's stdbool.h...
2026-07-30T15:43:37.3045393Z [943/1174] Copying clang's stdckdint.h...
2026-07-30T15:43:37.3110067Z [944/1174] Copying clang's stddef.h...
2026-07-30T15:43:37.3195308Z [945/1174] Copying clang's __stddef_header_macro.h...
2026-07-30T15:43:37.3283753Z [946/1174] Copying clang's __stddef_max_align_t.h...
2026-07-30T15:43:37.3365125Z [947/1174] Copying clang's __stddef_null.h...
2026-07-30T15:43:37.3455100Z [948/1174] Copying clang's __stddef_nullptr_t.h...
2026-07-30T15:43:37.3486506Z [949/1174] Copying clang's __stddef_offsetof.h...
2026-07-30T15:43:37.3535005Z [950/1174] Copying clang's __stddef_ptrdiff_t.h...
2026-07-30T15:43:37.3632413Z [951/1174] Copying clang's __stddef_rsize_t.h...
2026-07-30T15:43:37.3715548Z [952/1174] Copying clang's __stddef_size_t.h...
2026-07-30T15:43:37.3815435Z [953/1174] Copying clang's __stddef_unreachable.h...
2026-07-30T15:43:37.3875196Z [954/1174] Copying clang's __stddef_wchar_t.h...
2026-07-30T15:43:37.3941444Z [955/1174] Copying clang's __stddef_wint_t.h...
2026-07-30T15:43:37.4075317Z [956/1174] Copying clang's stdint.h...
2026-07-30T15:43:37.4175024Z [957/1174] Copying clang's stdnoreturn.h...
2026-07-30T15:43:37.4295122Z [958/1174] Copying clang's tgmath.h...
2026-07-30T15:43:37.4405041Z [959/1174] Copying clang's unwind.h...
2026-07-30T15:43:37.4465179Z [960/1174] Copying clang's varargs.h...
2026-07-30T15:43:37.4555531Z [961/1174] Copying clang's arm_acle.h...
2026-07-30T15:43:37.4677461Z [962/1174] Copying clang's arm_cmse.h...
2026-07-30T15:43:37.4765345Z [963/1174] Copying clang's armintr.h...
2026-07-30T15:43:37.4865467Z [964/1174] Copying clang's arm64intr.h...
2026-07-30T15:43:37.4985476Z [965/1174] Copying clang's arm_neon_sve_bridge.h...
2026-07-30T15:43:37.5075681Z [966/1174] Copying clang's __clang_cuda_builtin_vars.h...
2026-07-30T15:43:37.5120466Z [967/1174] Copying clang's __clang_cuda_math.h...
2026-07-30T15:43:37.5181969Z [968/1174] Copying clang's __clang_cuda_cmath.h...
2026-07-30T15:43:37.5271943Z [969/1174] Copying clang's __clang_cuda_complex_builtins.h...
2026-07-30T15:43:37.5346746Z [970/1174] Copying clang's __clang_cuda_device_functions.h...
2026-07-30T15:43:37.5451117Z [971/1174] Copying clang's __clang_cuda_intrinsics.h...
2026-07-30T15:43:37.5565728Z [972/1174] Copying clang's __clang_cuda_texture_intrinsics.h...
2026-07-30T15:43:37.5656187Z [973/1174] Copying clang's __clang_cuda_libdevice_declares.h...
2026-07-30T15:43:37.5725981Z [974/1174] Copying clang's __clang_cuda_math_forward_declares.h...
2026-07-30T15:43:37.5765534Z [975/1174] Copying clang's __clang_cuda_runtime_wrapper.h...
2026-07-30T15:43:37.5795293Z [976/1174] Copying clang's hexagon_circ_brev_intrinsics.h...
2026-07-30T15:43:37.5855361Z [977/1174] Copying clang's hexagon_protos.h...
2026-07-30T15:43:37.5885196Z [978/1174] Copying clang's hexagon_types.h...
2026-07-30T15:43:37.5945380Z [979/1174] Copying clang's hvx_hexagon_protos.h...
2026-07-30T15:43:37.6005484Z [980/1174] Copying clang's __clang_hip_libdevice_declares.h...
2026-07-30T15:43:37.6006267Z [981/1174] Copying clang's __clang_hip_cmath.h...
2026-07-30T15:43:37.6045206Z [982/1174] Copying clang's __clang_hip_math.h...
2026-07-30T15:43:37.6085463Z [983/1174] Copying clang's __clang_hip_stdlib.h...
2026-07-30T15:43:37.6105086Z [984/1174] Copying clang's __clang_hip_runtime_wrapper.h...
2026-07-30T15:43:37.6134870Z [985/1174] Copying clang's larchintrin.h...
2026-07-30T15:43:37.6154884Z [986/1174] Copying clang's lasxintrin.h...
2026-07-30T15:43:37.6215549Z [987/1174] Copying clang's lsxintrin.h...
2026-07-30T15:43:37.6245479Z [988/1174] Copying clang's msa.h...
2026-07-30T15:43:37.6305506Z [989/1174] Copying clang's opencl-c.h...
2026-07-30T15:43:37.6331565Z [990/1174] Copying clang's opencl-c-base.h...
2026-07-30T15:43:37.6395175Z [991/1174] Copying clang's altivec.h...
2026-07-30T15:43:37.6425051Z [992/1174] Copying clang's htmintrin.h...
2026-07-30T15:43:37.6455023Z [993/1174] Copying clang's htmxlintrin.h...
2026-07-30T15:43:37.6495176Z [994/1174] Copying clang's riscv_bitmanip.h...
2026-07-30T15:43:37.6525102Z [995/1174] Copying clang's riscv_crypto.h...
2026-07-30T15:43:37.6575103Z [996/1174] Copying clang's riscv_ntlh.h...
2026-07-30T15:43:37.6595067Z [997/1174] Copying clang's sifive_vector.h...
2026-07-30T15:43:37.6645106Z [998/1174] Copying clang's s390intrin.h...
2026-07-30T15:43:37.6675015Z [999/1174] Copying clang's vecintrin.h...
2026-07-30T15:43:37.6725482Z [1000/1174] Copying clang's velintrin.h...
2026-07-30T15:43:37.6755198Z [1001/1174] Copying clang's velintrin_gen.h...
2026-07-30T15:43:37.6785053Z [1002/1174] Copying clang's velintrin_approx.h...
2026-07-30T15:43:37.6815426Z [1003/1174] Copying clang's adcintrin.h...
2026-07-30T15:43:37.6844870Z [1004/1174] Copying clang's adxintrin.h...
2026-07-30T15:43:37.6875029Z [1005/1174] Copying clang's ammintrin.h...
2026-07-30T15:43:37.6915240Z [1006/1174] Copying clang's amxcomplexintrin.h...
2026-07-30T15:43:37.6944989Z [1007/1174] Copying clang's amxfp16intrin.h...
2026-07-30T15:43:37.6974954Z [1008/1174] Copying clang's amxintrin.h...
2026-07-30T15:43:37.7025223Z [1009/1174] Copying clang's avx2intrin.h...
2026-07-30T15:43:37.7055801Z [1010/1174] Copying clang's avx512bf16intrin.h...
2026-07-30T15:43:37.7095506Z [1011/1174] Copying clang's avx512bitalgintrin.h...
2026-07-30T15:43:37.7150214Z [1012/1174] Copying clang's avx512bwintrin.h...
2026-07-30T15:43:37.7191547Z [1013/1174] Copying clang's avx512cdintrin.h...
2026-07-30T15:43:37.7219477Z [1014/1174] Copying clang's avx512dqintrin.h...
2026-07-30T15:43:37.7260471Z [1015/1174] Copying clang's avx512fintrin.h...
2026-07-30T15:43:37.7312502Z [1016/1174] Copying clang's avx512fp16intrin.h...
2026-07-30T15:43:37.7363861Z [1017/1174] Copying clang's avx512ifmaintrin.h...
2026-07-30T15:43:37.7405057Z [1018/1174] Copying clang's avx512ifmavlintrin.h...
2026-07-30T15:43:37.7436748Z [1019/1174] Copying clang's avx512vbmi2intrin.h...
2026-07-30T15:43:37.7478918Z [1020/1174] Copying clang's avx512vbmiintrin.h...
2026-07-30T15:43:37.7513765Z [1021/1174] Copying clang's avx512vbmivlintrin.h...
2026-07-30T15:43:37.7560847Z [1022/1174] Copying clang's avx512vlbf16intrin.h...
2026-07-30T15:43:37.7597307Z [1023/1174] Copying clang's avx512vlbitalgintrin.h...
2026-07-30T15:43:37.7646603Z [1024/1174] Copying clang's avx512vlbwintrin.h...
2026-07-30T15:43:37.7715045Z [1025/1174] Copying clang's avx512vlcdintrin.h...
2026-07-30T15:43:37.7795700Z [1026/1174] Copying clang's avx512vldqintrin.h...
2026-07-30T15:43:37.7886649Z [1027/1174] Copying clang's avx512vlfp16intrin.h...
2026-07-30T15:43:37.8035494Z [1028/1174] Copying clang's avx512vlintrin.h...
2026-07-30T15:43:37.8127302Z [1029/1174] Copying clang's avx512vlvbmi2intrin.h...
2026-07-30T15:43:37.8247176Z [1030/1174] Copying clang's avx512vlvnniintrin.h...
2026-07-30T15:43:37.8335526Z [1031/1174] Copying clang's avx512vlvp2intersectintrin.h...
2026-07-30T15:43:37.8425452Z [1032/1174] Copying clang's avx512vnniintrin.h...
2026-07-30T15:43:37.8515610Z [1033/1174] Copying clang's avx512vp2intersectintrin.h...
2026-07-30T15:43:37.8605462Z [1034/1174] Copying clang's avx512vpopcntdqintrin.h...
2026-07-30T15:43:37.8695412Z [1035/1174] Copying clang's avx512vpopcntdqvlintrin.h...
2026-07-30T15:43:37.8795034Z [1036/1174] Copying clang's avxifmaintrin.h...
2026-07-30T15:43:37.8905465Z [1037/1174] Copying clang's avxintrin.h...
2026-07-30T15:43:37.8945378Z [1038/1174] Copying clang's avxneconvertintrin.h...
2026-07-30T15:43:37.9055392Z [1039/1174] Copying clang's avxvnniint16intrin.h...
2026-07-30T15:43:37.9098280Z [1040/1174] Copying clang's avxvnniint8intrin.h...
2026-07-30T15:43:37.9205001Z [1041/1174] Copying clang's avxvnniintrin.h...
2026-07-30T15:43:37.9295528Z [1042/1174] Copying clang's bmi2intrin.h...
2026-07-30T15:43:37.9385010Z [1043/1174] Copying clang's bmiintrin.h...
2026-07-30T15:43:37.9443438Z [1044/1174] Copying clang's cetintrin.h...
2026-07-30T15:43:37.9535341Z [1045/1174] Copying clang's cldemoteintrin.h...
2026-07-30T15:43:37.9595289Z [1046/1174] Copying clang's clflushoptintrin.h...
2026-07-30T15:43:37.9715242Z [1047/1174] Copying clang's clwbintrin.h...
2026-07-30T15:43:37.9815154Z [1048/1174] Copying clang's clzerointrin.h...
2026-07-30T15:43:37.9939949Z [1049/1174] Copying clang's cmpccxaddintrin.h...
2026-07-30T15:43:38.0040506Z [1050/1174] Copying clang's crc32intrin.h...
2026-07-30T15:43:38.0135305Z [1051/1174] Copying clang's emmintrin.h...
2026-07-30T15:43:38.0225000Z [1052/1174] Copying clang's enqcmdintrin.h...
2026-07-30T15:43:38.0315299Z [1053/1174] Copying clang's f16cintrin.h...
2026-07-30T15:43:38.0395722Z [1054/1174] Copying clang's fma4intrin.h...
2026-07-30T15:43:38.0545385Z [1055/1174] Copying clang's fmaintrin.h...
2026-07-30T15:43:38.0605911Z [1056/1174] Copying clang's fxsrintrin.h...
2026-07-30T15:43:38.0665731Z [1057/1174] Building CXX object tools/clang/lib/StaticAnalyzer/Frontend/CMakeFiles/obj.clangStaticAnalyzerFrontend.dir/ModelConsumer.cpp.o
2026-07-30T15:43:38.0704996Z [1058/1174] Copying clang's gfniintrin.h...
2026-07-30T15:43:38.0744934Z [1059/1174] Copying clang's hresetintrin.h...
2026-07-30T15:43:38.0774920Z [1060/1174] Copying clang's immintrin.h...
2026-07-30T15:43:38.0815734Z [1061/1174] Copying clang's ia32intrin.h...
2026-07-30T15:43:38.0833794Z [1062/1174] Copying clang's invpcidintrin.h...
2026-07-30T15:43:38.0867059Z [1063/1174] Copying clang's keylockerintrin.h...
2026-07-30T15:43:38.0895301Z [1064/1174] Copying clang's lwpintrin.h...
2026-07-30T15:43:38.0924875Z [1065/1174] Copying clang's mm3dnow.h...
2026-07-30T15:43:38.0955196Z [1066/1174] Copying clang's lzcntintrin.h...
2026-07-30T15:43:38.0956100Z [1067/1174] Copying clang's mmintrin.h...
2026-07-30T15:43:38.0984932Z [1068/1174] Copying clang's movdirintrin.h...
2026-07-30T15:43:38.1044859Z [1069/1174] Copying clang's mwaitxintrin.h...
2026-07-30T15:43:38.1074762Z [1070/1174] Copying clang's nmmintrin.h...
2026-07-30T15:43:38.1104789Z [1071/1174] Copying clang's pconfigintrin.h...
2026-07-30T15:43:38.1105634Z [1072/1174] Copying clang's pmmintrin.h...
2026-07-30T15:43:38.1165097Z [1073/1174] Copying clang's pkuintrin.h...
2026-07-30T15:43:38.1194883Z [1074/1174] Copying clang's popcntintrin.h...
2026-07-30T15:43:38.1224939Z [1075/1174] Copying clang's prfchiintrin.h...
2026-07-30T15:43:38.1254955Z [1076/1174] Copying clang's prfchwintrin.h...
2026-07-30T15:43:38.1285039Z [1077/1174] Copying clang's ptrauth.h...
2026-07-30T15:43:38.1315210Z [1078/1174] Copying clang's raointintrin.h...
2026-07-30T15:43:38.1344881Z [1079/1174] Copying clang's ptwriteintrin.h...
2026-07-30T15:43:38.1405048Z [1080/1174] Copying clang's rdseedintrin.h...
2026-07-30T15:43:38.1434846Z [1081/1174] Copying clang's rdpruintrin.h...
2026-07-30T15:43:38.1494959Z [1082/1174] Copying clang's rtmintrin.h...
2026-07-30T15:43:38.1524911Z [1083/1174] Copying clang's serializeintrin.h...
2026-07-30T15:43:38.1554894Z [1084/1174] Copying clang's sgxintrin.h...
2026-07-30T15:43:38.1615005Z [1085/1174] Copying clang's sha512intrin.h...
2026-07-30T15:43:38.1644928Z [1086/1174] Copying clang's shaintrin.h...
2026-07-30T15:43:38.1684838Z [1087/1174] Copying clang's sm3intrin.h...
2026-07-30T15:43:38.1745287Z [1088/1174] Copying clang's sm4intrin.h...
2026-07-30T15:43:38.1805006Z [1089/1174] Copying clang's smmintrin.h...
2026-07-30T15:43:38.1834957Z [1090/1174] Copying clang's tbmintrin.h...
2026-07-30T15:43:38.1865069Z [1091/1174] Copying clang's tmmintrin.h...
2026-07-30T15:43:38.1895009Z [1092/1174] Copying clang's tsxldtrkintrin.h...
2026-07-30T15:43:38.1924891Z [1093/1174] Copying clang's uintrintrin.h...
2026-07-30T15:43:38.1985178Z [1094/1174] Copying clang's usermsrintrin.h...
2026-07-30T15:43:38.2045254Z [1095/1174] Copying clang's vaesintrin.h...
2026-07-30T15:43:38.2075243Z [1096/1174] Copying clang's vpclmulqdqintrin.h...
2026-07-30T15:43:38.2135213Z [1097/1174] Copying clang's waitpkgintrin.h...
2026-07-30T15:43:38.2155146Z [1098/1174] Copying clang's wbnoinvdintrin.h...
2026-07-30T15:43:38.2195081Z [1099/1174] Copying clang's __wmmintrin_aes.h...
2026-07-30T15:43:38.2255164Z [1100/1174] Copying clang's wmmintrin.h...
2026-07-30T15:43:38.2314985Z [1101/1174] Copying clang's __wmmintrin_pclmul.h...
2026-07-30T15:43:38.2344866Z [1102/1174] Copying clang's x86gprintrin.h...
2026-07-30T15:43:38.2405160Z [1103/1174] Copying clang's x86intrin.h...
2026-07-30T15:43:38.2434927Z [1104/1174] Copying clang's xmmintrin.h...
2026-07-30T15:43:38.2494925Z [1105/1174] Copying clang's xopintrin.h...
2026-07-30T15:43:38.2524796Z [1106/1174] Copying clang's xsavecintrin.h...
2026-07-30T15:43:38.2554771Z [1107/1174] Copying clang's xsaveintrin.h...
2026-07-30T15:43:38.2614906Z [1108/1174] Copying clang's xsaveoptintrin.h...
2026-07-30T15:43:38.2705380Z [1109/1174] Copying clang's xsavesintrin.h...
2026-07-30T15:43:38.2765824Z [1110/1174] Copying clang's xtestintrin.h...
2026-07-30T15:43:38.2794802Z [1111/1174] Copying clang's cpuid.h...
2026-07-30T15:43:38.2824753Z [1112/1174] Copying clang's cet.h...
2026-07-30T15:43:38.2855156Z [1113/1174] Copying clang's intrin0.h...
2026-07-30T15:43:38.2884823Z [1114/1174] Copying clang's wasm_simd128.h...
2026-07-30T15:43:38.2914789Z [1115/1174] Copying clang's intrin.h...
2026-07-30T15:43:38.2934848Z [1116/1174] Copying clang's vadefs.h...
2026-07-30T15:43:38.2974903Z [1117/1174] Copying clang's yvals_core.h...
2026-07-30T15:43:38.3034994Z [1118/1174] Copying clang's mm_malloc.h...
2026-07-30T15:43:38.3094978Z [1119/1174] Copying clang's cuda_wrappers/algorithm...
2026-07-30T15:43:38.3125132Z [1120/1174] Copying clang's cuda_wrappers/complex...
2026-07-30T15:43:38.3154833Z [1121/1174] Copying clang's cuda_wrappers/cmath...
2026-07-30T15:43:38.3184903Z [1122/1174] Copying clang's cuda_wrappers/new...
2026-07-30T15:43:38.3214903Z [1123/1174] Copying clang's cuda_wrappers/bits/shared_ptr_base.h...
2026-07-30T15:43:38.3274975Z [1124/1174] Copying clang's cuda_wrappers/bits/basic_string.tcc...
2026-07-30T15:43:38.3334926Z [1125/1174] Copying clang's cuda_wrappers/bits/basic_string.h...
2026-07-30T15:43:38.3335702Z [1126/1174] Copying clang's ppc_wrappers/xmmintrin.h...
2026-07-30T15:43:38.3394943Z [1127/1174] Copying clang's ppc_wrappers/mmintrin.h...
2026-07-30T15:43:38.3424860Z [1128/1174] Copying clang's ppc_wrappers/mm_malloc.h...
2026-07-30T15:43:38.3485050Z [1129/1174] Copying clang's ppc_wrappers/emmintrin.h...
2026-07-30T15:43:38.3514913Z [1130/1174] Copying clang's ppc_wrappers/pmmintrin.h...
2026-07-30T15:43:38.3574923Z [1131/1174] Copying clang's ppc_wrappers/tmmintrin.h...
2026-07-30T15:43:38.3604849Z [1132/1174] Copying clang's ppc_wrappers/smmintrin.h...
2026-07-30T15:43:38.3665088Z [1133/1174] Copying clang's ppc_wrappers/nmmintrin.h...
2026-07-30T15:43:38.3694865Z [1134/1174] Copying clang's ppc_wrappers/bmiintrin.h...
2026-07-30T15:43:38.3724874Z [1135/1174] Copying clang's ppc_wrappers/bmi2intrin.h...
2026-07-30T15:43:38.3754837Z [1136/1174] Copying clang's ppc_wrappers/immintrin.h...
2026-07-30T15:43:38.3784845Z [1137/1174] Copying clang's ppc_wrappers/x86intrin.h...
2026-07-30T15:43:38.3814861Z [1138/1174] Copying clang's openmp_wrappers/math.h...
2026-07-30T15:43:38.3844911Z [1139/1174] Copying clang's ppc_wrappers/x86gprintrin.h...
2026-07-30T15:43:38.3874854Z [1140/1174] Copying clang's openmp_wrappers/complex...
2026-07-30T15:43:38.3904933Z [1141/1174] Copying clang's openmp_wrappers/cmath...
2026-07-30T15:43:38.3995434Z [1142/1174] Copying clang's openmp_wrappers/complex.h...
2026-07-30T15:43:38.4025193Z [1143/1174] Copying clang's openmp_wrappers/__clang_openmp_device_functions.h...
2026-07-30T15:43:38.4055017Z [1144/1174] Copying clang's openmp_wrappers/complex_cmath.h...
2026-07-30T15:43:38.4115257Z [1145/1174] Copying clang's openmp_wrappers/new...
2026-07-30T15:43:38.4205545Z [1146/1174] Copying clang's hlsl.h...
2026-07-30T15:43:38.4289238Z [1147/1174] Copying clang's hlsl/hlsl_basic_types.h...
2026-07-30T15:43:38.4324893Z [1148/1174] Copying clang's zos_wrappers/builtins.h...
2026-07-30T15:43:38.4386475Z [1149/1174] Copying clang's hlsl/hlsl_intrinsics.h...
2026-07-30T15:43:38.4446022Z [1150/1174] Copying clang's llvm_libc_wrappers/assert.h...
2026-07-30T15:43:38.4495183Z [1151/1174] Copying clang's llvm_libc_wrappers/stdio.h...
2026-07-30T15:43:38.4525156Z [1152/1174] Copying clang's llvm_libc_wrappers/stdlib.h...
2026-07-30T15:43:38.4593981Z [1153/1174] Copying clang's llvm_libc_wrappers/string.h...
2026-07-30T15:43:38.4625422Z [1154/1174] Copying clang's llvm_libc_wrappers/ctype.h...
2026-07-30T15:43:38.4705514Z [1155/1174] Copying clang's llvm_libc_wrappers/inttypes.h...
2026-07-30T15:43:38.4775146Z [1156/1174] Copying clang's llvm_libc_wrappers/time.h...
2026-07-30T15:43:38.9966069Z [1157/1174] Linking CXX static library lib/libclangCodeGen.a
2026-07-30T15:43:39.3755663Z [1158/1174] Linking CXX static library lib/libclangExtractAPI.a
2026-07-30T15:43:39.7699862Z [1159/1174] Linking CXX static library lib/libclangRewriteFrontend.a
2026-07-30T15:43:39.9608265Z [1160/1174] Building CXX object tools/clang/lib/StaticAnalyzer/Frontend/CMakeFiles/obj.clangStaticAnalyzerFrontend.dir/FrontendActions.cpp.o
2026-07-30T15:43:45.3336100Z [1161/1174] Building CXX object tools/clang/lib/StaticAnalyzer/Frontend/CMakeFiles/obj.clangStaticAnalyzerFrontend.dir/AnalysisConsumer.cpp.o
2026-07-30T15:43:50.2411710Z [1162/1174] Building CXX object tools/clang/lib/ARCMigrate/CMakeFiles/obj.clangARCMigrate.dir/Transforms.cpp.o
2026-07-30T15:43:50.6918954Z [1163/1174] Linking CXX static library lib/libclangARCMigrate.a
2026-07-30T15:43:52.5816082Z [1164/1174] Building CXX object tools/clang/lib/StaticAnalyzer/Frontend/CMakeFiles/obj.clangStaticAnalyzerFrontend.dir/ModelInjector.cpp.o
2026-07-30T15:43:52.9125414Z [1165/1174] Linking CXX static library lib/libclangStaticAnalyzerFrontend.a
2026-07-30T15:43:54.2575960Z [1166/1174] Building CXX object tools/clang/lib/FrontendTool/CMakeFiles/obj.clangFrontendTool.dir/ExecuteCompilerInvocation.cpp.o
2026-07-30T15:43:54.6275414Z [1167/1174] Linking CXX static library lib/libclangFrontendTool.a
2026-07-30T15:43:55.2565335Z [1168/1174] Building CXX object tools/clang/tools/driver/CMakeFiles/clang.dir/driver.cpp.o
2026-07-30T15:43:55.5875808Z [1169/1174] Building CXX object tools/clang/tools/driver/CMakeFiles/clang.dir/cc1as_main.cpp.o
2026-07-30T15:43:55.6949278Z [1170/1174] Building CXX object tools/clang/tools/driver/CMakeFiles/clang.dir/clang-driver.cpp.o
2026-07-30T15:43:56.1957216Z [1171/1174] Building CXX object tools/clang/tools/driver/CMakeFiles/clang.dir/cc1gen_reproducer_main.cpp.o
2026-07-30T15:43:56.5778226Z [1172/1174] Building CXX object tools/clang/tools/driver/CMakeFiles/clang.dir/cc1_main.cpp.o
2026-07-30T15:50:12.6448264Z [1173/1174] Linking CXX executable bin/clang.js-19
2026-07-30T15:50:12.6519660Z [1174/1174] Creating executable symlink bin/clang.js
2026-07-30T15:50:12.6861725Z total 66160
2026-07-30T15:50:12.6862203Z drwxr-xr-x  2 runner runner     4096 Jul 30 15:50 .
2026-07-30T15:50:12.6862637Z drwxr-xr-x 10 runner runner     4096 Jul 30 15:50 ..
2026-07-30T15:50:12.6863062Z -rw-r--r--  1 runner runner    83534 Jul 30 15:50 clang.js
2026-07-30T15:50:12.6863551Z -rwxr-xr-x  1 runner runner 45781768 Jul 30 15:50 clang.wasm
2026-07-30T15:50:12.6864003Z -rw-r--r--  1 runner runner    80855 Jul 30 15:50 lld.js
2026-07-30T15:50:12.6864680Z -rwxr-xr-x  1 runner runner 21785096 Jul 30 15:50 lld.wasm
2026-07-30T15:50:12.6899056Z ##[group]Run bash scripts/make-sysroot.sh
2026-07-30T15:50:12.6899409Z [36;1mbash scripts/make-sysroot.sh[0m
2026-07-30T15:50:12.6944101Z shell: /usr/bin/bash -e {0}
2026-07-30T15:50:12.6944646Z env:
2026-07-30T15:50:12.6946149Z   PATH: /home/runner/work/_temp/5ee67089-1751-4b2a-970d-370e21a73492/emsdk-main:/home/runner/work/_temp/5ee67089-1751-4b2a-970d-370e21a73492/emsdk-main/upstream/emscripten:/snap/bin:/home/runner/.local/bin:/opt/pipx_bin:/home/runner/.cargo/bin:/home/runner/.config/composer/vendor/bin:/usr/local/.ghcup/bin:/home/runner/.dotnet/tools:/usr/local/sbin:/usr/local/bin:/usr/sbin:/usr/bin:/sbin:/bin:/usr/games:/usr/local/games
2026-07-30T15:50:12.6947839Z   EMSDK: /home/runner/work/_temp/5ee67089-1751-4b2a-970d-370e21a73492/emsdk-main
2026-07-30T15:50:12.6948473Z   EMSDK_NODE: /home/runner/work/_temp/5ee67089-1751-4b2a-970d-370e21a73492/emsdk-main/node/22.16.0_64bit/bin/node
2026-07-30T15:50:12.6948969Z ##[endgroup]
2026-07-30T15:50:12.7362545Z Cloning into 'ArduinoCore-avr'...
2026-07-30T15:50:14.0679313Z Selecting previously unselected package clang.
2026-07-30T15:50:14.0733881Z (Reading database ... 
2026-07-30T15:50:14.0735084Z (Reading database ... 5%
2026-07-30T15:50:14.0735416Z (Reading database ... 10%
2026-07-30T15:50:14.0735718Z (Reading database ... 15%
2026-07-30T15:50:14.0736004Z (Reading database ... 20%
2026-07-30T15:50:14.0736283Z (Reading database ... 25%
2026-07-30T15:50:14.0736561Z (Reading database ... 30%
2026-07-30T15:50:14.0736835Z (Reading database ... 35%
2026-07-30T15:50:14.0737113Z (Reading database ... 40%
2026-07-30T15:50:14.0737393Z (Reading database ... 45%
2026-07-30T15:50:14.0738157Z (Reading database ... 50%
2026-07-30T15:50:14.0745851Z (Reading database ... 55%
2026-07-30T15:50:14.0862406Z (Reading database ... 60%
2026-07-30T15:50:14.0893525Z (Reading database ... 65%
2026-07-30T15:50:14.0921150Z (Reading database ... 70%
2026-07-30T15:50:14.0956246Z (Reading database ... 75%
2026-07-30T15:50:14.0992454Z (Reading database ... 80%
2026-07-30T15:50:14.1191775Z (Reading database ... 85%
2026-07-30T15:50:14.1284773Z (Reading database ... 90%
2026-07-30T15:50:14.1551686Z (Reading database ... 95%
2026-07-30T15:50:14.1552373Z (Reading database ... 100%
2026-07-30T15:50:14.1553050Z (Reading database ... 209876 files and directories currently installed.)
2026-07-30T15:50:14.1605058Z Preparing to unpack .../clang_1%3a18.0-59~exp2_amd64.deb ...
2026-07-30T15:50:14.1614189Z Unpacking clang (1:18.0-59~exp2) ...
2026-07-30T15:50:14.1907468Z Selecting previously unselected package lld:amd64.
2026-07-30T15:50:14.2059115Z Preparing to unpack .../lld_1%3a18.0-59~exp2_amd64.deb ...
2026-07-30T15:50:14.2068028Z Unpacking lld:amd64 (1:18.0-59~exp2) ...
2026-07-30T15:50:14.2484043Z Setting up lld:amd64 (1:18.0-59~exp2) ...
2026-07-30T15:50:14.2506606Z Setting up clang (1:18.0-59~exp2) ...
2026-07-30T15:50:14.2734252Z Processing triggers for man-db (2.12.0-4build2) ...
2026-07-30T15:50:14.2751213Z Not building database; man-db/auto-update is not 'true'.
2026-07-30T15:50:14.8623166Z 
2026-07-30T15:50:14.8623825Z Running kernel seems to be up-to-date.
2026-07-30T15:50:14.8624344Z 
2026-07-30T15:50:14.8624483Z No services need to be restarted.
2026-07-30T15:50:14.8624742Z 
2026-07-30T15:50:14.8624873Z No containers need to be restarted.
2026-07-30T15:50:14.8625125Z 
2026-07-30T15:50:14.8625296Z No user sessions are running outdated binaries.
2026-07-30T15:50:14.8625605Z 
2026-07-30T15:50:14.8625882Z No VM guests are running outdated hypervisor (qemu) binaries on this host.
2026-07-30T15:50:20.2182789Z ##[group]Run npm init -y >/dev/null
2026-07-30T15:50:20.2183130Z [36;1mnpm init -y >/dev/null[0m
2026-07-30T15:50:20.2183411Z [36;1mnpm install avr8js >/dev/null 2>&1[0m
2026-07-30T15:50:20.2183718Z [36;1mnode scripts/test-node.mjs[0m
2026-07-30T15:50:20.2231199Z shell: /usr/bin/bash -e {0}
2026-07-30T15:50:20.2231488Z env:
2026-07-30T15:50:20.2233179Z   PATH: /home/runner/work/_temp/5ee67089-1751-4b2a-970d-370e21a73492/emsdk-main:/home/runner/work/_temp/5ee67089-1751-4b2a-970d-370e21a73492/emsdk-main/upstream/emscripten:/snap/bin:/home/runner/.local/bin:/opt/pipx_bin:/home/runner/.cargo/bin:/home/runner/.config/composer/vendor/bin:/usr/local/.ghcup/bin:/home/runner/.dotnet/tools:/usr/local/sbin:/usr/local/bin:/usr/sbin:/usr/bin:/sbin:/bin:/usr/games:/usr/local/games
2026-07-30T15:50:20.2235325Z   EMSDK: /home/runner/work/_temp/5ee67089-1751-4b2a-970d-370e21a73492/emsdk-main
2026-07-30T15:50:20.2236115Z   EMSDK_NODE: /home/runner/work/_temp/5ee67089-1751-4b2a-970d-370e21a73492/emsdk-main/node/22.16.0_64bit/bin/node
2026-07-30T15:50:20.2236724Z ##[endgroup]
2026-07-30T15:50:21.8847563Z node:internal/modules/cjs/loader:1430
2026-07-30T15:50:21.8848391Z   const err = new Error(message);
2026-07-30T15:50:21.8850433Z               ^
2026-07-30T15:50:21.8850854Z 
2026-07-30T15:50:21.8851388Z Error: Cannot find module './dist/clang.js'
2026-07-30T15:50:21.8851907Z Require stack:
2026-07-30T15:50:21.8852754Z - /home/runner/work/sekiz-toolchain/sekiz-toolchain/scripts/test-node.mjs
2026-07-30T15:50:21.8853727Z     at Function._resolveFilename (node:internal/modules/cjs/loader:1430:15)
2026-07-30T15:50:21.8854699Z     at defaultResolveImpl (node:internal/modules/cjs/loader:1040:19)
2026-07-30T15:50:21.8855448Z     at resolveForCJSWithHooks (node:internal/modules/cjs/loader:1045:22)
2026-07-30T15:50:21.8856205Z     at Function._load (node:internal/modules/cjs/loader:1216:25)
2026-07-30T15:50:21.8856915Z     at wrapModuleLoad (node:internal/modules/cjs/loader:254:19)
2026-07-30T15:50:21.8857561Z     at Module.require (node:internal/modules/cjs/loader:1527:12)
2026-07-30T15:50:21.8858150Z     at require (node:internal/modules/helpers:147:16)
2026-07-30T15:50:21.8858970Z     at runTool (file:///home/runner/work/sekiz-toolchain/sekiz-toolchain/scripts/test-node.mjs:29:24)
2026-07-30T15:50:21.8860270Z     at file:///home/runner/work/sekiz-toolchain/sekiz-toolchain/scripts/test-node.mjs:53:40
2026-07-30T15:50:21.8861086Z     at ModuleJob.run (node:internal/modules/esm/module_job:343:25) {
2026-07-30T15:50:21.8861674Z   code: 'MODULE_NOT_FOUND',
2026-07-30T15:50:21.8862039Z   requireStack: [
2026-07-30T15:50:21.8862557Z     '/home/runner/work/sekiz-toolchain/sekiz-toolchain/scripts/test-node.mjs'
2026-07-30T15:50:21.8863155Z   ]
2026-07-30T15:50:21.8863430Z }
2026-07-30T15:50:21.8863588Z 
2026-07-30T15:50:21.8863716Z Node.js v22.23.1
2026-07-30T15:50:21.8899076Z ##[error]Process completed with exit code 1.
2026-07-30T15:50:21.9046861Z Node 20 is being deprecated. This workflow is running with Node 24 by default. If you need to temporarily use Node 20, you can set the ACTIONS_ALLOW_USE_UNSECURE_NODE_VERSION=true environment variable. For more information see: https://github.blog/changelog/2025-09-19-deprecation-of-node-20-on-github-actions-runners/
2026-07-30T15:50:21.9048153Z Post job cleanup.
2026-07-30T15:50:21.9957087Z [command]/usr/bin/git version
2026-07-30T15:50:22.0002459Z git version 2.54.0
2026-07-30T15:50:22.0047531Z Temporarily overriding HOME='/home/runner/work/_temp/50d6b379-de78-4cc3-9fc4-1498ce1dd849' before making global git config changes
2026-07-30T15:50:22.0050143Z Adding repository directory to the temporary git global config as a safe directory
2026-07-30T15:50:22.0054926Z [command]/usr/bin/git config --global --add safe.directory /home/runner/work/sekiz-toolchain/sekiz-toolchain
2026-07-30T15:50:22.0100925Z [command]/usr/bin/git config --local --name-only --get-regexp core\.sshCommand
2026-07-30T15:50:22.0143290Z [command]/usr/bin/git submodule foreach --recursive sh -c "git config --local --name-only --get-regexp 'core\.sshCommand' && git config --local --unset-all 'core.sshCommand' || :"
2026-07-30T15:50:22.0453792Z [command]/usr/bin/git config --local --name-only --get-regexp http\.https\:\/\/github\.com\/\.extraheader
2026-07-30T15:50:22.0488026Z http.https://github.com/.extraheader
2026-07-30T15:50:22.0501783Z [command]/usr/bin/git config --local --unset-all http.https://github.com/.extraheader
2026-07-30T15:50:22.0556248Z [command]/usr/bin/git submodule foreach --recursive sh -c "git config --local --name-only --get-regexp 'http\.https\:\/\/github\.com\/\.extraheader' && git config --local --unset-all 'http.https://github.com/.extraheader' || :"
2026-07-30T15:50:22.0830026Z [command]/usr/bin/git config --local --name-only --get-regexp ^includeIf\.gitdir:
2026-07-30T15:50:22.0874801Z [command]/usr/bin/git submodule foreach --recursive git config --local --show-origin --name-only --get-regexp remote.origin.url
2026-07-30T15:50:22.1254941Z Cleaning up orphan processes
2026-07-30T15:50:22.1519994Z ##[warning]Node.js 20 is deprecated. The following actions target Node.js 20 but are being forced to run on Node.js 24: actions/checkout@v4, mymindstorm/setup-emsdk@v14. For more information see: https://github.blog/changelog/2025-09-19-deprecation-of-node-20-on-github-actions-runners/
